gene,f_dep_selectivity,f_dep_breadth,f_pan_ess_penalty,f_sl_strength,f_sl_breadth,f_sc_specificity,f_sc_tme_penalty,f_tumor_enrichment,f_tumor_prevalence,f_safety,f_tractability,f_novelty,cat_dependency,cat_selectivity,cat_synthetic_lethality,cat_tumor_specificity,cat_tumor_enrichment,cat_therapeutic_window,cat_tractability,baseline_composite
PRKAR1A,1.0,0.5555555555555556,0.8803056027164686,0.0,0.0,0.06115107913669065,0.0,0.0989399293286219,0.2418300653594771,0.1071849234393403,0.25,1.0,0.7777777777777778,0.8803056027164686,0.0,0.030575539568345324,0.1703849973440495,0.1071849234393403,0.25,0.3166041201208545
LMNA,0.9964664310954063,0.5972222222222222,0.7852292020373515,0.2390170182434509,0.75,0.11510791366906475,0.0,0.8975265017667845,0.9477124183006536,0.4628975265017668,0.45,0.0,0.7968443266588143,0.7852292020373515,0.49450850912172545,0.05755395683453238,0.922619460033719,0.4628975265017668,0.45,0.5670932830268443
RPP25L,0.9929328621908127,0.7916666666666666,0.7062818336162988,0.23530989910735645,0.25,0.4856115107913669,1.0,0.26855123674911663,0.7712418300653595,0.6572438162544169,0.0,1.0,0.8922997644287396,0.7062818336162988,0.24265494955367822,0.7428057553956835,0.5198965334072381,0.6572438162544169,0.0,0.5373118075222936
JUN,0.9893992932862191,0.5555555555555556,0.8251273344651953,0.21311492801475132,0.25,0.564748201438849,1.0,0.7632508833922261,0.8431372549019608,0.2661955241460541,1.0,0.0,0.7724774244208874,0.8251273344651953,0.23155746400737565,0.7823741007194245,0.8031940691470935,0.2661955241460541,1.0,0.6687037024151472
VRK1,0.9858657243816255,0.8055555555555556,0.5738539898132429,0.0,0.0,0.17625899280575538,1.0,0.2332155477031802,0.6666666666666666,0.730270906949352,0.8,1.0,0.8957106399685906,0.5738539898132429,0.0,0.5881294964028777,0.4499411071849234,0.730270906949352,0.8,0.5768437343312839
CTDNEP1,0.9823321554770318,0.75,0.6129032258064516,0.2919610480939646,0.25,0.32014388489208634,1.0,0.6713780918727915,0.9738562091503268,0.4040047114252061,0.0,1.0,0.8661660777385158,0.6129032258064516,0.2709805240469823,0.6600719424460432,0.8226171505115591,0.4040047114252061,0.0,0.5195348045678225
FERMT2,0.9787985865724381,0.875,0.5322580645161291,0.2442512105928202,0.25,0.20503597122302158,1.0,0.7703180212014135,0.934640522875817,0.4770318021201413,0.25,1.0,0.926899293286219,0.5322580645161291,0.2471256052964101,0.6025179856115108,0.8524792720386152,0.4770318021201413,0.25,0.5554731461241466
MET,0.9752650176678446,0.2222222222222222,0.969439728353141,0.0,0.0,0.6007194244604317,1.0,0.9081272084805654,0.6274509803921569,0.6219081272084805,1.0,0.0,0.5987436199450333,0.969439728353141,0.0,0.8003597122302158,0.7677890944363611,0.6219081272084805,1.0,0.679748611739033
ITGAV,0.9717314487632509,0.9166666666666666,0.4736842105263158,0.2625812716165546,0.75,0.1223021582733813,0.0,0.8657243816254417,0.9607843137254902,0.2791519434628975,1.0,0.0,0.9441990577149588,0.4736842105263158,0.5062906358082773,0.06115107913669065,0.913254347675466,0.2791519434628975,1.0,0.5968187534749437
CHMP4B,0.9681978798586572,0.9861111111111112,0.2139219015280136,0.0,0.0,0.39928057553956836,1.0,0.20141342756183744,0.7973856209150327,0.1413427561837456,0.0,1.0,0.9771544954848842,0.2139219015280136,0.0,0.6996402877697842,0.4993995242384351,0.1413427561837456,0.0,0.3616369950292661
C3orf38,0.9646643109540636,0.5555555555555556,0.7962648556876061,0.43751258593720976,1.0,0.6402877697841727,1.0,0.9328621908127208,0.9934640522875816,0.812720848056537,0.0,1.0,0.7601099332548096,0.7962648556876061,0.7187562929686049,0.8201438848920863,0.9631631215501513,0.812720848056537,0.0,0.6958798480585421
SPCS3,0.9611307420494699,1.0,0.018675721561969394,0.0,0.0,0.05755395683453238,0.0,0.5971731448763251,0.934640522875817,0.336866902237927,0.0,1.0,0.980565371024735,0.018675721561969394,0.0,0.02877697841726619,0.7659068338760711,0.336866902237927,0.0,0.30439882958828124
VCL,0.9575971731448764,0.5555555555555556,0.7258064516129032,0.24399402214205107,0.75,0.09352517985611511,0.0,0.7385159010600707,0.8758169934640523,0.3792697290930507,0.25,1.0,0.7565763643502159,0.7258064516129032,0.49699701107102556,0.046762589928057555,0.8071664472620614,0.3792697290930507,0.25,0.4946540847596163
ITGB5,0.9540636042402827,0.4583333333333333,0.7767402376910018,0.32173744280620514,0.75,0.26618705035971224,1.0,0.8374558303886925,0.934640522875817,0.5064782096584217,0.8,0.5,0.706198468786808,0.7767402376910018,0.5358687214031026,0.6330935251798562,0.8860481766322548,0.5064782096584217,0.8,0.6920610484787779
SURF4,0.950530035335689,0.2916666666666667,0.9312393887945671,0.0,0.0,0.28776978417266186,1.0,0.9045936395759717,0.9934640522875816,0.3510011778563015,0.0,1.0,0.6210983510011778,0.9312393887945671,0.0,0.6438848920863309,0.9490288459317766,0.3510011778563015,0.0,0.4994646650957363
PDGFRA,0.9469964664310954,0.2638888888888889,0.9278438030560272,0.0,0.0,1.0,1.0,0.7915194346289752,0.6601307189542484,0.6289752650176679,1.0,0.0,0.6054426776599922,0.9278438030560272,0.0,1.0,0.7258250767916118,0.6289752650176679,1.0,0.6982981175036141
NOLC1,0.9434628975265018,0.75,0.5662139219015281,0.0,0.0,0.37410071942446044,1.0,0.13427561837455831,0.3986928104575163,0.32037691401649,0.0,1.0,0.8467314487632509,0.5662139219015281,0.0,0.6870503597122302,0.2664842144160373,0.32037691401649,0.0,0.3838366941156481
GPX4,0.9399293286219081,0.8888888888888888,0.2945670628183361,0.0,0.0,0.30935251798561153,1.0,0.2968197879858657,0.8627450980392157,0.0895170789163722,0.6,1.0,0.9144091087553985,0.2945670628183361,0.0,0.6546762589928058,0.5797824430125407,0.0895170789163722,0.6,0.4475645646422076
KIF18B,0.9363957597173145,0.5694444444444444,0.6740237691001698,0.21193587822128349,0.5,0.7410071942446043,1.0,0.9929328621908127,0.9934640522875816,0.96113074204947,0.0,1.0,0.7529201020808794,0.6740237691001698,0.35596793911064173,0.8705035971223021,0.9931984572391972,0.96113074204947,0.0,0.6582492295289514
TRAPPC13,0.9328621908127208,0.4583333333333333,0.7988115449915111,0.0,0.0,0.7230215827338129,1.0,0.3250883392226148,0.7124183006535948,0.5559481743227326,0.0,1.0,0.695597762073027,0.7988115449915111,0.0,0.8615107913669064,0.5187533199381048,0.5559481743227326,0.0,0.49008879895604024
PTK2,0.9293286219081273,0.75,0.5050933786078099,0.20763817912291566,0.5,0.08633093525179857,0.0,0.07420494699646643,0.3202614379084967,0.3792697290930507,1.0,0.0,0.8396643109540636,0.5050933786078099,0.3538190895614578,0.04316546762589928,0.19723319245248155,0.3792697290930507,1.0,0.47403502404210895
UBC,0.9257950530035336,0.2916666666666667,0.8862478777589136,0.25026853996819926,0.25,0.19424460431654678,1.0,0.46996466431095407,0.915032679738562,0.0400471142520612,0.6,1.0,0.6087308598351001,0.8862478777589136,0.2501342699840996,0.5971223021582734,0.692498672024758,0.0400471142520612,0.6,0.5249687280018865
RPL10A,0.9222614840989399,1.0,0.0,0.0,0.0,0.017985611510791366,0.0,0.6607773851590106,0.9738562091503268,0.0824499411071849,0.6,0.0,0.9611307420494699,0.0,0.0,0.008992805755395683,0.8173167971546687,0.0824499411071849,0.6,0.35284146943810274
FGFR1,0.9187279151943463,0.2777777777777778,0.9066213921901528,0.0,0.0,0.8812949640287769,1.0,0.3957597173144876,0.5882352941176471,0.1648998822143698,1.0,0.0,0.598252846486062,0.9066213921901528,0.0,0.9406474820143884,0.4919975057160674,0.1648998822143698,1.0,0.5860598726601486
SPOUT1,0.9151943462897526,1.0,0.001697792869269965,0.0,0.0,0.7877697841726619,1.0,0.5653710247349824,0.9084967320261438,0.5276796230859836,0.25,1.0,0.9575971731448762,0.001697792869269965,0.0,0.8938848920863309,0.736933878380563,0.5276796230859836,0.25,0.4811133370810034
BCCIP,0.911660777385159,0.875,0.30050933786078093,0.0,0.0,0.38848920863309355,1.0,0.1696113074204947,0.6666666666666666,0.5288574793875147,0.0,1.0,0.8933303886925795,0.30050933786078093,0.0,0.6942446043165468,0.41813898704358066,0.5288574793875147,0.0,0.4050115424715718
POLR1H,0.9081272084805654,0.9861111111111112,0.06451612903225801,0.0,0.0,0.2589928057553957,1.0,0.8798586572438163,0.9934640522875816,0.4570082449941107,0.25,1.0,0.9471191597958383,0.06451612903225801,0.0,0.6294964028776978,0.936661354765699,0.4570082449941107,0.25,0.46925732735222914
EAF1,0.9045936395759717,0.625,0.6400679117147707,0.0,0.0,0.4172661870503597,1.0,0.3321554770318021,0.7450980392156863,0.6855123674911661,0.0,1.0,0.7647968197879859,0.6400679117147707,0.0,0.7086330935251799,0.5386267581237442,0.6855123674911661,0.0,0.4768052786632638
NHLRC2,0.901060070671378,0.7777777777777778,0.41595925297113756,0.0,0.0,0.4316546762589928,1.0,0.10954063604240283,0.2418300653594771,0.5759717314487632,0.0,1.0,0.839418924224578,0.41595925297113756,0.0,0.7158273381294964,0.17568535070093996,0.5759717314487632,0.0,0.38898037106784505
FRS2,0.8975265017667845,0.2361111111111111,0.9049235993208828,0.0,0.0,0.6079136690647482,1.0,0.38162544169611307,0.7124183006535948,0.5936395759717314,0.0,1.0,0.5668188064389478,0.9049235993208828,0.0,0.8039568345323741,0.5470218711748539,0.5936395759717314,0.0,0.48805152677697006
CCT6A,0.8939929328621908,1.0,0.001697792869269965,0.0,0.0,0.9964028776978417,1.0,0.833922261484099,0.9869281045751634,0.1908127208480565,0.25,1.0,0.9469964664310955,0.001697792869269965,0.0,0.9982014388489209,0.9104251830296313,0.1908127208480565,0.25,0.4711619431467106
ALG1,0.8904593639575972,0.9583333333333334,0.15449915110356538,0.0,0.0,0.6546762589928058,1.0,0.773851590106007,0.954248366013072,0.7714958775029447,0.0,1.0,0.9243963486454653,0.15449915110356538,0.0,0.8273381294964028,0.8640499780595394,0.7714958775029447,0.0,0.5059684978297025
CDC25B,0.8869257950530035,0.3888888888888889,0.8047538200339559,0.0,0.0,0.7661870503597122,1.0,0.4381625441696113,0.7189542483660131,0.1460541813898704,1.0,1.0,0.6379073419709462,0.8047538200339559,0.0,0.8830935251798562,0.5785583962678122,0.1460541813898704,1.0,0.5786238949774916
TIMM9,0.8833922261484098,0.8055555555555556,0.43463497453310695,0.0,0.0,0.5827338129496403,1.0,0.5547703180212014,0.954248366013072,0.5606595995288575,0.25,1.0,0.8444738908519827,0.43463497453310695,0.0,0.7913669064748201,0.7545093420171367,0.5606595995288575,0.25,0.5193778162008434
KLF16,0.8798586572438163,0.4583333333333333,0.7809847198641766,0.0,0.0,0.5899280575539568,1.0,0.038869257950530034,0.0522875816993464,0.6442873969375736,0.0,1.0,0.6690959952885748,0.7809847198641766,0.0,0.7949640287769784,0.04557841982493822,0.6442873969375736,0.0,0.41927293724174886
KIF2C,0.8763250883392226,0.3333333333333333,0.8225806451612903,0.30190429192133933,0.75,0.46402877697841727,1.0,0.9823321554770318,1.0,0.9481743227326266,0.6,1.0,0.6048292108362779,0.8225806451612903,0.5259521459606696,0.7320143884892086,0.9911660777385158,0.9481743227326266,0.6,0.7463881129883697
GOLT1B,0.872791519434629,0.3888888888888889,0.8123938879456707,0.0,0.0,0.4568345323741007,1.0,0.40636042402826855,0.8235294117647058,0.3404004711425206,0.0,1.0,0.6308402041617589,0.8123938879456707,0.0,0.7284172661870504,0.6149449178964872,0.3404004711425206,0.0,0.44671382104764107
TCP1,0.8692579505300353,1.0,0.0,0.0,0.0,0.8633093525179856,1.0,0.2826855123674912,0.6601307189542484,0.2579505300353357,0.25,1.0,0.9346289752650176,0.0,0.0,0.9316546762589928,0.47140811566086976,0.2579505300353357,0.25,0.40652032817431655
PSMG4,0.8657243816254417,0.9861111111111112,0.05772495755517837,0.0,0.0,0.8920863309352518,1.0,0.06007067137809187,0.1699346405228758,0.7373380447585394,0.0,1.0,0.9259177463682764,0.05772495755517837,0.0,0.9460431654676259,0.11500265595048384,0.7373380447585394,0.0,0.3974323671571577
PDCL3,0.8621908127208481,0.4722222222222222,0.7716468590831919,0.0,0.0,0.302158273381295,1.0,0.6007067137809188,0.9607843137254902,0.7467608951707891,0.25,1.0,0.6672065174715351,0.7716468590831919,0.0,0.6510791366906474,0.7807455137532044,0.7467608951707891,0.25,0.552491274595624
BRAT1,0.8586572438162544,0.6388888888888888,0.631578947368421,0.0,0.0,0.9316546762589928,1.0,0.7102473498233216,0.9084967320261438,0.4075382803297998,0.0,1.0,0.7487730663525716,0.631578947368421,0.0,0.9658273381294964,0.8093720409247327,0.4075382803297998,0.0,0.5090128104435745
FAM50A,0.8551236749116607,0.6805555555555556,0.5891341256366724,0.0,0.0,0.23741007194244604,1.0,0.17314487632508835,0.4640522875816993,0.1648998822143698,0.25,1.0,0.7678396152336082,0.5891341256366724,0.0,0.6187050359712231,0.31859858195339386,0.1648998822143698,0.25,0.38702532014418106
HAUS3,0.8515901060070671,1.0,0.011884550084889645,0.0,0.0,0.37050359712230213,1.0,0.38869257950530034,0.7254901960784313,0.7314487632508834,0.0,1.0,0.9257950530035335,0.011884550084889645,0.0,0.685251798561151,0.5570913877918658,0.7314487632508834,0.0,0.41592450752747473
KIF18A,0.8480565371024735,0.9722222222222222,0.11460101867572159,0.0,0.0,0.4028776978417266,1.0,0.9858657243816255,0.9934640522875816,0.9587750294464076,0.6,1.0,0.9101393796623478,0.11460101867572159,0.0,0.7014388489208633,0.9896648883346035,0.9587750294464076,0.6,0.610659880719992
SYS1,0.8445229681978799,1.0,0.10526315789473684,0.0,0.0,0.420863309352518,1.0,0.8303886925795053,0.9934640522875816,0.8244994110718492,0.0,1.0,0.9222614840989399,0.10526315789473684,0.0,0.710431654676259,0.9119263724335435,0.8244994110718492,0.0,0.49634029716790407
POP7,0.8409893992932862,0.9583333333333334,0.17572156196943978,0.0,0.0,0.9856115107913669,1.0,0.4664310954063604,0.8888888888888888,0.4452296819787986,0.0,1.0,0.8996613663133097,0.17572156196943978,0.0,0.9928057553956835,0.6776599921476246,0.4452296819787986,0.0,0.4558683368292652
SNRPB2,0.8374558303886925,0.8333333333333334,0.3395585738539898,0.21084051897512956,0.25,0.2158273381294964,1.0,0.8056537102473498,0.9869281045751634,0.6042402826855123,0.25,1.0,0.8353945818610129,0.3395585738539898,0.23042025948756478,0.6079136690647482,0.8962909074112566,0.6042402826855123,0.25,0.537688324909155
SEC62,0.833922261484099,0.3888888888888889,0.7504244482173175,0.0,0.0,0.13309352517985612,0.0,0.12367491166077739,0.5294117647058824,0.1849234393404004,0.0,1.0,0.611405575186494,0.7504244482173175,0.0,0.06654676258992806,0.32654333818332987,0.1849234393404004,0.0,0.27712050907392427
LYRM4,0.8303886925795053,1.0,0.024617996604414216,0.2729519796380374,0.25,0.3669064748201439,1.0,0.5936395759717314,0.9673202614379084,0.673733804475854,0.25,1.0,0.9151943462897527,0.024617996604414216,0.2614759898190187,0.6834532374100719,0.7804799187048199,0.673733804475854,0.25,0.5127078990434187
C19orf53,0.8268551236749117,0.8055555555555556,0.35653650254668934,0.2185124480898787,0.25,0.9424460431654677,1.0,0.6113074204946997,0.9869281045751634,0.3404004711425206,0.25,1.0,0.8162053396152336,0.35653650254668934,0.23425622404493934,0.9712230215827338,0.7991177625349315,0.3404004711425206,0.25,0.5382484744952926
TAF1C,0.823321554770318,1.0,0.03480475382003401,0.20400325610632114,0.25,0.3129496402877698,1.0,0.0353356890459364,0.1830065359477124,0.3745583038869258,0.0,1.0,0.911660777385159,0.03480475382003401,0.22700162805316057,0.6564748201438849,0.1091711124968244,0.3745583038869258,0.0,0.33052448511228416
SBDS,0.8197879858657244,1.0,0.010186757215619568,0.0,0.0,0.1906474820143885,1.0,0.4204946996466431,0.915032679738562,0.2332155477031802,0.0,1.0,0.9098939929328622,0.010186757215619568,0.0,0.5953237410071942,0.6677636896926025,0.2332155477031802,0.0,0.3451976755073512
KRTAP21-1,0.8162544169611308,0.2083333333333333,0.9235993208828523,0.0,0.0,0.5,0.5,0.04946996466431095,0.0261437908496732,0.8286219081272085,0.0,1.0,0.512293875147232,0.9235993208828523,0.0,0.5,0.037806877756992076,0.8286219081272085,0.0,0.4003317117020407
INTS12,0.8127208480565371,0.6805555555555556,0.5118845500848896,0.0,0.0,0.8525179856115108,1.0,0.8197879858657244,0.9869281045751634,0.7714958775029447,0.0,1.0,0.7466382018060463,0.5118845500848896,0.0,0.9262589928057554,0.9033580452204439,0.7714958775029447,0.0,0.5513765239171543
DDX51,0.8091872791519434,0.9861111111111112,0.06366723259762319,0.2229363237900838,0.25,0.7482014388489209,1.0,0.024734982332155476,0.0261437908496732,0.519434628975265,0.0,1.0,0.8976491951315273,0.06366723259762319,0.23646816189504188,0.8741007194244604,0.02543938659091434,0.519434628975265,0.0,0.3738227606592618
DDX55,0.8056537102473498,0.9861111111111112,0.04414261460101865,0.0,0.0,0.7733812949640287,1.0,0.1872791519434629,0.477124183006536,0.5276796230859836,0.0,1.0,0.8958824106792305,0.04414261460101865,0.0,0.8866906474820144,0.33220166747499946,0.5276796230859836,0.0,0.38379956618903527
PRKRA,0.8021201413427562,0.7638888888888888,0.433786078098472,0.0,0.0,0.7949640287769785,1.0,0.37809187279151946,0.9084967320261438,0.3816254416961131,0.0,1.0,0.7830045151158225,0.433786078098472,0.0,0.8974820143884892,0.6432943024088316,0.3816254416961131,0.0,0.4484560502439612
PREB,0.7985865724381626,1.0,0.004244482173174746,0.0,0.0,0.762589928057554,1.0,0.558303886925795,0.9803921568627452,0.3839811542991755,0.0,1.0,0.8992932862190812,0.004244482173174746,0.0,0.881294964028777,0.7693480218942701,0.3839811542991755,0.0,0.41973741551635413
TAF1A,0.7950530035335689,0.9583333333333334,0.08658743633276744,0.0,0.0,0.5539568345323741,1.0,0.8021201413427562,0.8954248366013072,0.9199057714958776,0.2,1.0,0.8766931684334511,0.08658743633276744,0.0,0.7769784172661871,0.8487724889720317,0.9199057714958776,0.2,0.5298481832143308
CCT4,0.7915194346289752,1.0,0.0,0.24469132459578297,0.25,0.841726618705036,1.0,0.6183745583038869,0.9869281045751634,0.209658421672556,0.25,1.0,0.8957597173144876,0.0,0.24734566229789148,0.920863309352518,0.8026513314395252,0.209658421672556,0.25,0.4751826345824255
HSCB,0.7879858657243817,0.8194444444444444,0.3285229202037352,0.20628817177110628,0.25,0.6726618705035972,1.0,0.47703180212014135,0.9215686274509804,0.724381625441696,0.0,1.0,0.803715155084413,0.3285229202037352,0.22814408588555313,0.8363309352517986,0.6993002147855609,0.724381625441696,0.0,0.5171992766646796
EIF3B,0.784452296819788,1.0,0.0,0.0,0.0,0.9820143884892086,1.0,0.7526501766784452,0.9477124183006536,0.2614840989399293,0.25,1.0,0.892226148409894,0.0,0.0,0.9910071942446044,0.8501812974895494,0.2614840989399293,0.25,0.46355696272628244
HAUS2,0.7809187279151943,0.9861111111111112,0.056027164685908404,0.0,0.0,0.5935251798561151,1.0,0.696113074204947,0.954248366013072,0.7844522968197879,0.0,1.0,0.8835149195131528,0.056027164685908404,0.0,0.7967625899280575,0.8251807201090094,0.7844522968197879,0.0,0.4779910987222737
SETD5,0.7773851590106007,0.2916666666666667,0.8378607809847198,0.0,0.0,0.9712230215827338,1.0,0.3003533568904594,0.5490196078431373,0.1919905771495877,0.0,1.0,0.5345259128386337,0.8378607809847198,0.0,0.9856115107913669,0.42468648236679835,0.1919905771495877,0.0,0.4249536091615867
UBTF,0.773851590106007,1.0,0.000848896434634816,0.0,0.0,0.49640287769784175,1.0,0.3286219081272085,0.6862745098039216,0.3250883392226149,0.0,1.0,0.8869257950530035,0.000848896434634816,0.0,0.7482014388489209,0.507448208965565,0.3250883392226149,0.0,0.35264466836067704
ERCC6L,0.7703180212014135,0.2361111111111111,0.8981324278438031,0.0,0.0,0.6366906474820144,1.0,0.9787985865724381,0.9869281045751634,0.9646643109540636,0.0,1.0,0.5032145661562623,0.8981324278438031,0.0,0.8183453237410072,0.9828633455738007,0.9646643109540636,0.0,0.5953171391812767
NDC1,0.7667844522968198,0.7083333333333334,0.5033955857385399,0.0,0.0,0.5863309352517986,1.0,0.9363957597173145,0.9934640522875816,0.8068315665488811,0.0,1.0,0.7375588928150766,0.5033955857385399,0.0,0.7931654676258992,0.9649299060024481,0.8068315665488811,0.0,0.5436973455329778
PES1,0.7632508833922261,0.9861111111111112,0.014431239388794426,0.0,0.0,0.8237410071942446,1.0,0.6537102473498233,0.954248366013072,0.6136631330977621,0.25,1.0,0.8746809972516687,0.014431239388794426,0.0,0.9118705035971223,0.8039793066814476,0.6136631330977621,0.25,0.49551788285954207
CYFIP1,0.7597173144876325,0.375,0.8438030560271648,0.0,0.0,0.07553956834532374,0.0,0.9293286219081273,0.9869281045751634,0.4016489988221437,0.6,1.0,0.5673586572438163,0.8438030560271648,0.0,0.03776978417266187,0.9581283632416453,0.4016489988221437,0.6,0.48695840850106176
PDCD5,0.7561837455830389,0.5694444444444444,0.6069609507640068,0.0,0.0,0.9928057553956835,1.0,0.19081272084805653,0.7450980392156863,0.2650176678445229,0.0,1.0,0.6628140950137417,0.6069609507640068,0.0,0.9964028776978417,0.4679553800318714,0.2650176678445229,0.0,0.4284501387645693
RABGGTB,0.7526501766784452,1.0,0.005942275042444822,0.0,0.0,0.3273381294964029,1.0,0.15901060070671377,0.5686274509803921,0.574793875147232,0.6,1.0,0.8763250883392226,0.005942275042444822,0.0,0.6636690647482014,0.36381902584355297,0.574793875147232,0.6,0.4406499041600934
SRSF2,0.7491166077738516,1.0,0.0,0.0,0.0,0.2446043165467626,1.0,0.38515901060070673,0.8823529411764706,0.1060070671378092,0.0,1.0,0.8745583038869258,0.0,0.0,0.6223021582733813,0.6337559758885887,0.1060070671378092,0.0,0.3195176435981007
DPH3,0.7455830388692579,0.9722222222222222,0.0509337860780984,0.0,0.0,0.5,1.0,0.6855123674911661,0.9738562091503268,0.7432273262661956,0.0,1.0,0.8589026305457401,0.0509337860780984,0.0,0.75,0.8296842883207465,0.7432273262661956,0.0,0.4618211473158258
PPAN,0.7420494699646644,1.0,0.009337860780984752,0.0,0.0,0.49280575539568344,1.0,0.3215547703180212,0.6601307189542484,0.5182567726737338,0.25,1.0,0.8710247349823321,0.009337860780984752,0.0,0.7464028776978417,0.49084274463613475,0.5182567726737338,0.25,0.4122664272530039
UBE2C,0.7385159010600707,0.875,0.23344651952461803,0.0,0.0,0.8201438848920863,1.0,1.0,1.0,0.9599528857479388,0.0,1.0,0.8067579505300353,0.23344651952461803,0.0,0.9100719424460432,1.0,0.9599528857479388,0.0,0.5586041854640907
ACTL6A,0.734982332155477,1.0,0.003395585738540041,0.0,0.0,0.3776978417266187,1.0,0.9469964664310954,0.9934640522875816,0.740871613663133,0.25,0.0,0.8674911660777385,0.003395585738540041,0.0,0.6888489208633093,0.9702302593593385,0.740871613663133,0.25,0.5029767922431513
RSAD1,0.7314487632508834,0.3888888888888889,0.7869269949066214,0.0,0.0,0.89568345323741,1.0,0.06713780918727916,0.1111111111111111,0.3274440518256773,0.0,1.0,0.5601688260698862,0.7869269949066214,0.0,0.947841726618705,0.08912446014919513,0.3274440518256773,0.0,0.3873580085100122
PPP2R1A,0.7279151943462897,0.9722222222222222,0.22071307300509335,0.2288698720673794,0.25,0.9784172661870504,1.0,0.17667844522968199,0.5620915032679739,0.1201413427561837,0.25,1.0,0.850068708284256,0.22071307300509335,0.2394349360336897,0.9892086330935252,0.36938497424882794,0.1201413427561837,0.25,0.4341359524887966
RPTOR,0.7243816254416962,0.9861111111111112,0.05772495755517837,0.43499023422104005,0.5,0.7302158273381295,1.0,0.19434628975265017,0.5098039215686274,0.5594817432273262,0.6,0.0,0.8552463682764037,0.05772495755517837,0.46749511711052005,0.8651079136690647,0.3520751056606388,0.5594817432273262,0.6,0.5367330293570188
TMED2,0.7208480565371025,0.7361111111111112,0.40492359932088284,0.0,0.0,0.23381294964028776,1.0,0.9257950530035336,0.9934640522875816,0.4110718492343934,0.0,1.0,0.7284795838241068,0.40492359932088284,0.0,0.6169064748201438,0.9596295526455576,0.4110718492343934,0.0,0.44585872283501204
PPP1R12A,0.7173144876325088,0.9722222222222222,0.08149405772495755,0.2527906270170638,0.25,0.14388489208633093,0.0,0.21908127208480566,0.5359477124183006,0.3109540636042403,0.0,1.0,0.8447683549273655,0.08149405772495755,0.2513953135085319,0.07194244604316546,0.37751449225155315,0.3109540636042403,0.0,0.27686696115140197
SNUPN,0.7137809187279152,0.9861111111111112,0.04414261460101865,0.0,0.0,0.7446043165467626,1.0,0.4452296819787986,0.915032679738562,0.7868080094228503,0.6,1.0,0.8499460149195132,0.04414261460101865,0.0,0.8723021582733813,0.6801311808586803,0.7868080094228503,0.6,0.5476185682964919
MAK16,0.7102473498233216,1.0,0.0,0.0,0.0,0.7913669064748201,1.0,0.6819787985865724,0.9477124183006536,0.8374558303886926,0.25,1.0,0.8551236749116609,0.0,0.0,0.89568345323741,0.814845608443613,0.8374558303886926,0.25,0.521872652425911
CHMP7,0.7067137809187279,0.7638888888888888,0.4524617996604414,0.363451500654135,0.25,0.6330935251798561,1.0,0.4098939929328622,0.7908496732026143,0.5653710247349824,0.0,1.0,0.7353013349038084,0.4524617996604414,0.3067257503270675,0.8165467625899281,0.6003718330677383,0.5653710247349824,0.0,0.49668264361199516
RAB1A,0.7031802120141343,0.25,0.8718166383701189,0.0,0.0,0.20863309352517986,1.0,0.4028268551236749,0.9477124183006536,0.1189634864546525,0.25,1.0,0.47659010600706714,0.8718166383701189,0.0,0.60431654676259,0.6752696367121642,0.1189634864546525,0.25,0.4281366306152275
CDK2,0.6996466431095406,0.8055555555555556,0.31154499151103565,0.5109280714141762,0.25,0.29856115107913667,1.0,0.9717314487632509,1.0,0.790341578327444,1.0,0.0,0.752601099332548,0.31154499151103565,0.3804640357070881,0.6492805755395683,0.9858657243816255,0.790341578327444,1.0,0.6957282863999014
SPCS2,0.696113074204947,0.9305555555555556,0.1392190152801358,0.0,0.0,0.1474820143884892,0.0,0.7561837455830389,0.9934640522875816,0.4888103651354534,0.0,1.0,0.8133343148802512,0.1392190152801358,0.0,0.0737410071942446,0.8748238989353103,0.4888103651354534,0.0,0.3414183716321993
ELAC2,0.6925795053003534,1.0,0.05432937181663844,0.0,0.0,0.802158273381295,1.0,0.392226148409894,0.8169934640522876,0.5041224970553593,0.25,1.0,0.8462897526501767,0.05432937181663844,0.0,0.9010791366906474,0.6046098062310907,0.5041224970553593,0.25,0.4514900806348447
GPR61,0.6890459363957597,0.5138888888888888,0.6910016977928692,0.0,0.0,0.7050359712230215,1.0,0.007067137809187279,0.0,0.906949352179034,0.45,1.0,0.6014674126423243,0.6910016977928692,0.0,0.8525179856115108,0.0035335689045936395,0.906949352179034,0.45,0.5007814310186188
GRB2,0.6855123674911661,0.9305555555555556,0.28522920203735147,0.29792190951322406,0.25,0.07913669064748201,0.0,0.22968197879858657,0.7516339869281046,0.1790341578327443,0.8,0.0,0.8080339615233608,0.28522920203735147,0.27396095475661203,0.039568345323741004,0.49065798286334555,0.1790341578327443,0.8,0.410926372048165
ODR4,0.6819787985865724,0.2777777777777778,0.8446519524617997,0.0,0.0,0.6115107913669064,1.0,0.2579505300353357,0.6143790849673203,0.6171967020023558,0.0,1.0,0.4798782881821751,0.8446519524617997,0.0,0.8057553956834532,0.436164807501328,0.6171967020023558,0.0,0.4548067351187302
ZNHIT3,0.6784452296819788,0.6666666666666666,0.4685908319185059,0.0,0.0,0.3597122302158273,1.0,0.18374558303886926,0.6470588235294118,0.5995288574793874,0.0,1.0,0.6725559481743227,0.4685908319185059,0.0,0.6798561151079137,0.4154022032841405,0.5995288574793874,0.0,0.40513342228061006
ELAVL1,0.6749116607773852,0.3472222222222222,0.8166383701188455,0.0,0.0,0.6906474820143885,1.0,0.8869257950530035,0.9738562091503268,0.4369846878680801,0.55,1.0,0.5110669414998037,0.8166383701188455,0.0,0.8453237410071943,0.9303910021016651,0.4369846878680801,0.55,0.5843435346565127
UBA5,0.6713780918727915,0.7222222222222222,0.4813242784380306,0.0,0.0,0.5611510791366906,1.0,0.2791519434628975,0.6928104575163399,0.4734982332155477,0.25,1.0,0.6968001570475069,0.4813242784380306,0.0,0.7805755395683454,0.4859812004896187,0.4734982332155477,0.25,0.4525970583941499
EGLN1,0.6678445229681979,0.2777777777777778,0.8820033955857386,0.0,0.0,0.34532374100719426,1.0,0.4734982332155477,0.8431372549019608,0.4935217903415783,1.0,0.0,0.4728111503729878,0.8820033955857386,0.0,0.6726618705035972,0.6583177440587542,0.4935217903415783,1.0,0.5970451358375223
SRF,0.6643109540636042,0.7083333333333334,0.5382003395585739,0.1958806235367555,0.25,0.38489208633093525,1.0,0.127208480565371,0.4313725490196078,0.4028268551236749,0.0,1.0,0.6863221436984688,0.5382003395585739,0.22294031176837775,0.6924460431654677,0.2792905147924894,0.4028268551236749,0.0,0.4031466011581504
RPS17,0.6607773851590106,0.8333333333333334,0.10101867572156198,0.0,0.0,0.007194244604316547,0.0,0.5512367491166078,0.9803921568627452,0.0824499411071849,0.6,0.0,0.747055359246172,0.10101867572156198,0.0,0.0035971223021582736,0.7658144529896764,0.0824499411071849,0.6,0.32856222162382187
CCT3,0.657243816254417,1.0,0.0,0.19566574888894936,0.25,0.22661870503597123,1.0,0.7067137809187279,0.9869281045751634,0.221436984687868,0.25,0.0,0.8286219081272085,0.0,0.2228328744444747,0.6133093525179856,0.8468209427469457,0.221436984687868,0.25,0.42614600893206894
RAC1,0.6537102473498233,0.8888888888888888,0.20203735144312396,0.19941742287678627,0.25,0.21942446043165467,1.0,0.6678445229681979,0.9738562091503268,0.0530035335689046,0.6,0.0,0.7712995681193561,0.20203735144312396,0.22470871143839313,0.6097122302158273,0.8208503660592623,0.0530035335689046,0.6,0.46880168012069534
EXT1,0.6501766784452296,0.3333333333333333,0.8217317487266553,0.37159730749175035,0.25,0.36330935251798563,1.0,0.9187279151943463,0.9673202614379084,0.502944640753828,0.25,1.0,0.49175500588928145,0.8217317487266553,0.3107986537458752,0.6816546762589928,0.9430240883161274,0.502944640753828,0.25,0.5717012590986801
LSM6,0.6466431095406361,1.0,0.024617996604414216,0.41709720433519387,0.25,0.1510791366906475,0.0,0.6643109540636042,0.9803921568627452,0.8091872791519436,0.25,1.0,0.8233215547703181,0.024617996604414216,0.33354860216759696,0.07553956834532374,0.8223515554631746,0.8091872791519436,0.25,0.4483666509289673
E2F3,0.6431095406360424,0.25,0.8743633276740238,1.0,0.25,0.5323741007194245,1.0,0.7314487632508834,0.8104575163398693,0.6702002355712603,0.0,0.5,0.4465547703180212,0.8743633276740238,0.625,0.7661870503597122,0.7709531397953764,0.6702002355712603,0.0,0.5933226462454849
MZT2A,0.6395759717314488,0.4444444444444444,0.735144312393888,0.0,0.0,0.460431654676259,1.0,0.03180212014134275,0.1437908496732026,0.3274440518256772,0.25,1.0,0.5420102080879465,0.735144312393888,0.0,0.7302158273381295,0.08779648490727268,0.3274440518256772,0.25,0.38180155493613055
NELFA,0.6360424028268551,1.0,0.08743633276740237,0.0,0.0,0.8669064748201439,1.0,0.29328621908127206,0.7058823529411765,0.431095406360424,0.25,1.0,0.8180212014134276,0.08743633276740237,0.0,0.9334532374100719,0.4995842860112243,0.431095406360424,0.25,0.4313700662803643
PPP1CB,0.6325088339222615,1.0,0.015280135823429575,0.3946614002682408,0.25,0.9892086330935251,1.0,0.8763250883392226,0.9803921568627452,0.3250883392226149,0.0,1.0,0.8162544169611308,0.015280135823429575,0.3223307001341204,0.9946043165467626,0.9283586226009839,0.3250883392226149,0.0,0.48598807589843457
KDM8,0.6289752650176679,0.6805555555555556,0.5212224108658744,0.0,0.0,0.6834532374100719,1.0,0.08480565371024736,0.1699346405228758,0.7349823321554769,0.25,1.0,0.6547654102866117,0.5212224108658744,0.0,0.841726618705036,0.12737014711656158,0.7349823321554769,0.25,0.44715241701850866
TAF1D,0.6254416961130742,0.9027777777777778,0.2113752122241087,0.0,0.0,0.27697841726618705,1.0,0.0176678445229682,0.0392156862745098,0.3144876325088339,0.0,1.0,0.7641097369454259,0.2113752122241087,0.0,0.6384892086330936,0.028441765398739,0.3144876325088339,0.0,0.279557650815743
TIMM10,0.6219081272084805,0.9861111111111112,0.07555178268251284,0.0,0.0,0.4352517985611511,1.0,0.5477031802120141,0.9738562091503268,0.4911660777385158,0.25,1.0,0.8040096191597959,0.07555178268251284,0.0,0.7176258992805755,0.7607796946811705,0.4911660777385158,0.25,0.4427332962203672
USP36,0.6183745583038869,1.0,0.024617996604414216,0.0,0.0,0.2841726618705036,1.0,0.0706713780918728,0.196078431372549,0.4063604240282685,0.45,0.0,0.8091872791519434,0.024617996604414216,0.0,0.6420863309352518,0.1333749047322109,0.4063604240282685,0.45,0.3522324193502984
PFDN1,0.6148409893992933,0.7777777777777778,0.4083191850594228,0.0,0.0,0.18705035971223022,1.0,0.24028268551236748,0.9281045751633988,0.2885747938751472,0.25,1.0,0.6963093835885356,0.4083191850594228,0.0,0.5935251798561151,0.5841936303378832,0.2885747938751472,0.25,0.4029888818167291
SKA1,0.6113074204946997,0.7361111111111112,0.38115449915110355,0.0,0.0,0.5755395683453237,1.0,0.9893992932862191,0.9934640522875816,0.9646643109540636,0.0,1.0,0.6737092658029054,0.38115449915110355,0.0,0.7877697841726619,0.9914316727869004,0.9646643109540636,0.0,0.5426756475525192
HAUS4,0.607773851590106,1.0,0.000848896434634816,0.22159910510646796,0.25,0.4712230215827338,1.0,0.6996466431095406,0.9411764705882352,0.6277974087161367,0.0,1.0,0.8038869257950529,0.000848896434634816,0.23579955255323398,0.7356115107913669,0.8204115568488879,0.6277974087161367,0.0,0.4606222644484733
MED11,0.6042402826855123,1.0,0.0,0.0,0.0,0.6187050359712231,1.0,0.6360424028268551,0.9738562091503268,0.67962308598351,0.25,1.0,0.8021201413427561,0.0,0.0,0.8093525179856116,0.8049493059885909,0.67962308598351,0.25,0.4780064359000669
CCDC59,0.6007067137809188,0.875,0.232597623089983,0.0,0.0,0.26258992805755393,1.0,0.5830388692579506,0.9673202614379084,0.5700824499411072,0.0,1.0,0.7378533568904594,0.232597623089983,0.0,0.6312949640287769,0.7751795653479294,0.5700824499411072,0.0,0.421001137042608
CSH2,0.5971731448763251,0.3888888888888889,0.7283531409168083,0.0,0.0,0.5,0.5,0.04946996466431095,0.0392156862745098,0.9835100117785628,0.0,1.0,0.493031016882607,0.7283531409168083,0.0,0.5,0.044342825469410374,0.9835100117785628,0.0,0.39274814214962694
TSEN34,0.5936395759717314,0.6805555555555556,0.5780984719864177,0.0,0.0,0.9388489208633094,1.0,0.8692579505300353,0.9934640522875816,0.7008244994110718,0.0,1.0,0.6370975657636435,0.5780984719864177,0.0,0.9694244604316546,0.9313610014088085,0.7008244994110718,0.0,0.5452579998573709
DSCC1,0.5901060070671378,0.3055555555555556,0.8234295415959253,0.0,0.0,0.8129496402877698,1.0,0.9399293286219081,0.9869281045751634,0.8939929328621908,0.0,1.0,0.4478307813113467,0.8234295415959253,0.0,0.9064748201438849,0.9634287165985358,0.8939929328621908,0.0,0.5764509703588405
INTS9,0.5865724381625441,1.0,0.0,0.0,0.0,0.7122302158273381,1.0,0.6890459363957597,0.9738562091503268,0.7385159010600706,0.0,1.0,0.7932862190812721,0.0,0.0,0.8561151079136691,0.8314510727730433,0.7385159010600706,0.0,0.45990975726115074
PFDN4,0.5830388692579506,0.25,0.8522920203735145,0.44579029601044934,0.25,0.15467625899280577,0.0,0.20848056537102475,0.6601307189542484,0.6207302709069493,0.25,0.0,0.4165194346289753,0.8522920203735145,0.3478951480052247,0.07733812949640288,0.43430564216263656,0.6207302709069493,0.25,0.4284400922248147
EPRS1,0.5795053003533569,1.0,0.0,0.2519411732965824,0.25,0.7805755395683454,1.0,0.4169611307420495,0.8431372549019608,0.4216725559481744,0.25,1.0,0.7897526501766785,0.0,0.2509705866482912,0.8902877697841727,0.6300491928220051,0.4216725559481744,0.25,0.4618189650541888
PTPMT1,0.5759717314487632,0.7222222222222222,0.4601018675721562,0.29519603905121544,0.25,0.9136690647482014,1.0,0.5724381625441696,0.9411764705882352,0.6195524146054181,0.0,1.0,0.6490969768354927,0.4601018675721562,0.2725980195256077,0.9568345323741008,0.7568073165662024,0.6195524146054181,0.0,0.5307130182112825
TSEN54,0.5724381625441696,0.9583333333333334,0.10016977928692694,0.0,0.0,0.2014388489208633,1.0,0.08833922261484099,0.2287581699346405,0.4723203769140164,0.0,1.0,0.7653857479387515,0.10016977928692694,0.0,0.6007194244604317,0.15854869627474075,0.4723203769140164,0.0,0.2995920035535525
POLR1G,0.568904593639576,0.5138888888888888,0.6366723259762309,0.0,0.0,0.8561151079136691,1.0,0.34275618374558303,0.6078431372549019,0.767962308598351,0.25,0.0,0.5413967412642324,0.6366723259762309,0.0,0.9280575539568345,0.47529966050024247,0.767962308598351,0.25,0.5141983700422702
PPRC1,0.5653710247349824,0.6388888888888888,0.5398981324278438,0.0,0.0,0.579136690647482,1.0,0.22614840989399293,0.5228758169934641,0.690223792697291,0.0,1.0,0.6021299568119356,0.5398981324278438,0.0,0.789568345323741,0.3745121134437285,0.690223792697291,0.0,0.4280474772435057
NBAS,0.5618374558303887,0.7083333333333334,0.40747028862478774,0.0,0.0,0.7769784172661871,1.0,0.15547703180212014,0.5882352941176471,0.5123674911660777,0.0,1.0,0.6350853945818611,0.40747028862478774,0.0,0.8884892086330936,0.3718561629598836,0.5123674911660777,0.0,0.4021812208522434
PFDN5,0.558303886925795,0.9444444444444444,0.12903225806451613,0.0,0.0,0.0539568345323741,0.0,0.35335689045936397,0.934640522875817,0.0247349823321555,0.25,1.0,0.7513741656851197,0.12903225806451613,0.0,0.02697841726618705,0.6439987066675905,0.0247349823321555,0.25,0.26087407571650983
RINT1,0.5547703180212014,1.0,0.008488964346349603,0.0,0.0,0.8992805755395683,1.0,0.657243816254417,0.9411764705882352,0.6666666666666666,0.0,1.0,0.7773851590106007,0.008488964346349603,0.0,0.9496402877697842,0.7992101434213261,0.6666666666666666,0.0,0.4573416030306753
WWTR1,0.5512367491166078,0.4027777777777778,0.7512733446519525,0.2452298446894919,0.5,0.10071942446043165,0.0,0.9540636042402827,0.9673202614379084,0.5959952885747939,0.25,1.0,0.4770072634471928,0.7512733446519525,0.37261492234474597,0.050359712230215826,0.9606919328390955,0.5959952885747939,0.25,0.4939917805839995
SOCS3,0.5477031802120141,0.2361111111111111,0.8743633276740238,0.0,0.0,0.1079136690647482,0.0,0.9646643109540636,0.803921568627451,0.5806831566548881,0.0,0.0,0.3919071456615626,0.8743633276740238,0.0,0.0539568345323741,0.8842929397907573,0.5806831566548881,0.0,0.3978862006162295
WBP11,0.5441696113074205,1.0,0.011884550084889645,0.0,0.0,0.45323741007194246,1.0,0.45936395759717313,0.8169934640522876,0.4393404004711425,0.25,1.0,0.7720848056537102,0.011884550084889645,0.0,0.7266187050359713,0.6381787108247303,0.4393404004711425,0.25,0.4054438817243491
ARMC5,0.5406360424028268,0.4027777777777778,0.7733446519524618,0.0,0.0,0.7266187050359713,1.0,0.13780918727915195,0.3594771241830065,0.7550058892815077,0.0,1.0,0.4717069100903023,0.7733446519524618,0.0,0.8633093525179856,0.2486431557310792,0.7550058892815077,0.0,0.4445728513676195
DDX10,0.5371024734982333,1.0,0.0,0.23920339036024396,0.25,0.4136690647482014,1.0,0.14840989399293286,0.2875816993464052,0.6124852767962309,0.25,1.0,0.7685512367491166,0.0,0.24460169518012198,0.7068345323741008,0.21799579666966903,0.6124852767962309,0.25,0.4000669339670342
UFC1,0.5335689045936396,0.3611111111111111,0.7707979626485569,0.0,0.0,0.4064748201438849,1.0,0.3674911660777385,0.9738562091503268,0.4016489988221437,0.35,1.0,0.4473400078523754,0.7707979626485569,0.0,0.7032374100719425,0.6706736876140327,0.4016489988221437,0.35,0.4776711524298645
CCT8,0.5300353356890459,1.0,0.0,0.0,0.0,0.1366906474820144,0.0,0.49469964664310956,0.8758169934640523,0.2555948174322732,0.25,1.0,0.765017667844523,0.0,0.0,0.0683453237410072,0.6852583200535809,0.2555948174322732,0.25,0.2891737327244835
RSL1D1,0.5265017667844523,1.0,0.001697792869269965,0.0,0.0,0.19784172661870503,1.0,0.8127208480565371,0.9869281045751634,0.3674911660777385,0.25,1.0,0.7632508833922261,0.001697792869269965,0.0,0.5989208633093526,0.8998244763158503,0.3674911660777385,0.25,0.4115978831377768
ELMO2,0.5229681978798587,0.2083333333333333,0.8599320882852293,0.24658341538520287,0.25,0.5287769784172662,1.0,0.12014134275618374,0.4052287581699346,0.3286219081272084,0.0,1.0,0.365650765606596,0.8599320882852293,0.24829170769260145,0.7643884892086331,0.2626850504630592,0.3286219081272084,0.0,0.40422428705476104
HAUS1,0.519434628975265,1.0,0.000848896434634816,0.0,0.0,0.12949640287769784,0.0,0.950530035335689,1.0,0.8150765606595995,0.0,1.0,0.7597173144876326,0.000848896434634816,0.0,0.06474820143884892,0.9752650176678446,0.8150765606595995,0.0,0.3736651415269372
MED26,0.5159010600706714,0.8333333333333334,0.25297113752122236,0.21628413325721715,0.25,0.6762589928057554,1.0,0.5759717314487632,0.9084967320261438,0.7550058892815077,0.25,1.0,0.6746171967020024,0.25297113752122236,0.2331420666286086,0.8381294964028777,0.7422342317374535,0.7550058892815077,0.25,0.5351571454676675
FOXK1,0.5123674911660777,0.2777777777777778,0.8378607809847198,0.2841965377037721,0.25,0.8093525179856115,1.0,0.2508833922261484,0.673202614379085,0.6289752650176678,0.0,1.0,0.39507263447192775,0.8378607809847198,0.26709826885188603,0.9046762589928057,0.4620430033026167,0.6289752650176678,0.0,0.49938945880308916
NOC3L,0.508833922261484,0.9166666666666666,0.22580645161290325,0.0,0.0,0.4784172661870504,1.0,0.5901060070671378,0.9673202614379084,0.8492343934040046,0.25,0.0,0.7127502944640753,0.22580645161290325,0.0,0.7392086330935252,0.7787131342525231,0.8492343934040046,0.25,0.507958986689576
HAUS5,0.5053003533568905,0.9861111111111112,0.03056027164685904,0.0,0.0,0.8381294964028777,1.0,0.4558303886925795,0.6862745098039216,0.6937573616018845,0.0,1.0,0.7457057322340008,0.03056027164685904,0.0,0.9190647482014389,0.5710524492482505,0.6937573616018845,0.0,0.422877223276062
HNRNPH1,0.5017667844522968,0.9444444444444444,0.10865874363327677,0.2472179590037998,0.25,0.2805755395683453,1.0,0.4876325088339223,0.7777777777777778,0.0883392226148409,0.0,1.0,0.7231056144483706,0.10865874363327677,0.24860897950189992,0.6402877697841727,0.63270514330585,0.0883392226148409,0.0,0.34881506761263015
NOB1,0.49823321554770317,1.0,0.015280135823429575,0.0,0.0,0.4748201438848921,1.0,0.5265017667844523,0.9477124183006536,0.6336866902237928,0.25,1.0,0.7491166077738516,0.015280135823429575,0.0,0.737410071942446,0.7371070925425529,0.6336866902237928,0.25,0.4460857997580104
HJV,0.49469964664310956,0.4166666666666667,0.7402376910016978,0.22169153094566452,0.25,0.7158273381294964,1.0,0.01060070671378092,0.0196078431372549,0.5806831566548881,0.0,1.0,0.4556831566548881,0.7402376910016978,0.23584576547283226,0.8579136690647482,0.01510427492551791,0.5806831566548881,0.0,0.4122096733963675
NUP54,0.4911660777385159,0.9027777777777778,0.20203735144312396,0.21079389824895817,0.25,0.7014388489208633,1.0,0.6501766784452296,0.9477124183006536,0.464075382803298,0.0,1.0,0.6969719277581469,0.20203735144312396,0.23039694912447908,0.8507194244604317,0.7989445483729416,0.464075382803298,0.0,0.46330651199463163
PAK1IP1,0.4876325088339223,1.0,0.009337860780984752,0.0,0.0,0.43884892086330934,1.0,0.7137809187279152,0.9673202614379084,0.7008244994110718,0.0,1.0,0.7438162544169611,0.009337860780984752,0.0,0.7194244604316546,0.8405505900829118,0.7008244994110718,0.0,0.43056480930336916
RPS21,0.4840989399293286,1.0,0.000848896434634816,0.0,0.0,0.02158273381294964,0.0,0.5159010600706714,0.8888888888888888,0.0482921083627797,0.6,0.0,0.7420494699646643,0.000848896434634816,0.0,0.01079136690647482,0.7023949744797802,0.0482921083627797,0.6,0.30062525944976193
ALG2,0.48056537102473496,1.0,0.018675721561969394,0.0,0.0,0.3381294964028777,1.0,0.7243816254416962,0.9607843137254902,0.6595995288574793,0.0,1.0,0.7402826855123674,0.018675721561969394,0.0,0.6690647482014389,0.8425829695835931,0.6595995288574793,0.0,0.41860080767383545
ARPC2,0.47703180212014135,0.7083333333333334,0.46943972835314096,0.0,0.0,0.039568345323741004,0.0,0.6466431095406361,0.9803921568627452,0.160188457008245,0.25,1.0,0.5926825677267373,0.46943972835314096,0.0,0.019784172661870502,0.8135176332016907,0.160188457008245,0.25,0.3293732227073835
ACTR3,0.4734982332155477,0.7361111111111112,0.4015280135823429,0.2277066271946903,0.75,0.11870503597122302,0.0,0.901060070671378,0.9869281045751634,0.4004711425206124,0.6,1.0,0.6048046721633294,0.4015280135823429,0.48885331359734513,0.05935251798561151,0.9439940876232708,0.4004711425206124,0.6,0.49985767821035887
PTPN11,0.46996466431095407,0.9166666666666666,0.2597623089983022,0.0,0.0,0.29136690647482016,1.0,0.09187279151943463,0.4313725490196078,0.1978798586572438,1.0,0.0,0.6933156654888104,0.2597623089983022,0.0,0.64568345323741,0.26162267026952124,0.1978798586572438,1.0,0.43689485095018393
SLC35B2,0.4664310954063604,0.3472222222222222,0.7750424448217318,0.39216650313350987,0.25,0.6223021582733813,1.0,0.8939929328621908,0.9934640522875816,0.5700824499411072,0.0,1.0,0.4068266588142913,0.7750424448217318,0.32108325156675493,0.8111510791366907,0.9437284925748862,0.5700824499411072,0.0,0.5468449109793517
COPA,0.4628975265017668,1.0,0.0,0.0,0.0,0.17985611510791366,1.0,0.5406360424028268,0.869281045751634,0.149587750294464,0.25,1.0,0.7314487632508834,0.0,0.0,0.5899280575539568,0.7049585440772304,0.149587750294464,0.25,0.3465604450252192
CDC42,0.45936395759717313,0.9861111111111112,0.11035653650254673,0.0,0.0,0.08992805755395683,0.0,0.7667844522968198,0.9869281045751634,0.1472320376914016,0.8,0.0,0.7227375343541421,0.11035653650254673,0.0,0.044964028776978415,0.8768562784359917,0.1472320376914016,0.8,0.38602091653729437
NARS1,0.4558303886925795,1.0,0.0,0.0,0.0,0.9028776978417267,1.0,0.26501766784452296,0.6601307189542484,0.2826855123674912,0.25,1.0,0.7279151943462898,0.0,0.0,0.9514388489208634,0.46257419339938566,0.2826855123674912,0.25,0.3820876784334329
PSTK,0.45229681978798586,0.625,0.5534804753820034,0.2896386242806837,0.25,0.5467625899280576,1.0,0.04240282685512368,0.2156862745098039,0.7656065959952886,0.0,1.0,0.538648409893993,0.5534804753820034,0.2698193121403418,0.7733812949640289,0.1290445506824638,0.7656065959952886,0.0,0.43285437700830276
NOP2,0.44876325088339225,1.0,0.004244482173174746,0.0,0.0,0.5971223021582733,1.0,0.31802120141342755,0.6993464052287581,0.6454652532391049,0.25,0.0,0.7243816254416962,0.004244482173174746,0.0,0.7985611510791366,0.5086838033210929,0.6454652532391049,0.25,0.41876233075060076
FOXO3,0.4452296819787986,0.2361111111111111,0.8446519524617997,0.0,0.0,0.8453237410071942,1.0,0.1625441696113074,0.3725490196078431,0.2237926972909305,0.25,0.0,0.34067039654495485,0.8446519524617997,0.0,0.9226618705035972,0.26754659460957525,0.2237926972909305,0.25,0.40704621591583673
NOL12,0.4416961130742049,0.9583333333333334,0.10271646859083194,0.0,0.0,0.3237410071942446,1.0,0.24734982332155478,0.673202614379085,0.6725559481743227,0.0,1.0,0.7000147232037691,0.10271646859083194,0.0,0.6618705035971223,0.4602762188503199,0.6725559481743227,0.0,0.37106198034519516
MLST8,0.4381625441696113,0.5972222222222222,0.5662139219015281,0.3422196144987567,0.25,0.9496402877697842,1.0,0.21554770318021202,0.5359477124183006,0.4369846878680801,0.6,0.0,0.5176923831959168,0.5662139219015281,0.29610980724937835,0.974820143884892,0.3757477077992563,0.4369846878680801,0.6,0.538224093128436
RRP1,0.43462897526501765,0.9444444444444444,0.07385398981324276,0.0,0.0,0.5107913669064749,1.0,0.3992932862190813,0.803921568627451,0.6702002355712603,0.25,1.0,0.689536709854731,0.07385398981324276,0.0,0.7553956834532374,0.6016074274232661,0.6702002355712603,0.25,0.43437057801653395
NUP35,0.43109540636042404,0.5972222222222222,0.5984719864176571,0.0,0.0,0.381294964028777,1.0,0.8515901060070671,0.9869281045751634,0.8386336866902239,0.0,1.0,0.5141588142913232,0.5984719864176571,0.0,0.6906474820143885,0.9192591052911152,0.8386336866902239,0.0,0.5087387249578155
H3C8,0.4275618374558304,0.7222222222222222,0.5144312393887946,0.0,0.0,0.6798561151079137,1.0,0.9752650176678446,0.9869281045751634,0.7891637220259128,0.0,1.0,0.5748920298390263,0.5144312393887946,0.0,0.8399280575539568,0.981096561121504,0.7891637220259128,0.0,0.5285016585613135
NUBP2,0.42402826855123676,0.9166666666666666,0.2920203735144312,0.0,0.0,0.960431654676259,1.0,0.5371024734982333,0.9477124183006536,0.5394581861012956,0.0,1.0,0.6703474676089517,0.2920203735144312,0.0,0.9802158273381295,0.7424074458994434,0.5394581861012956,0.0,0.46063561435175016
IMP3,0.4204946996466431,1.0,0.007640067911714787,0.0,0.0,0.4244604316546763,1.0,0.36042402826855124,0.915032679738562,0.4852767962308599,0.25,1.0,0.7102473498233215,0.007640067911714787,0.0,0.7122302158273381,0.6377283540035565,0.4852767962308599,0.25,0.4004461119709701
ARFRP1,0.4169611307420495,0.9305555555555556,0.20797962648556878,0.0,0.0,0.7194244604316546,1.0,0.0812720848056537,0.2941176470588235,0.4428739693757362,0.0,1.0,0.6737583431488026,0.20797962648556878,0.0,0.8597122302158273,0.1876948659322386,0.4428739693757362,0.0,0.33885986216545333
ARHGAP11A,0.4134275618374558,0.2361111111111111,0.8556876061120544,0.0,0.0,0.7338129496402878,1.0,0.9611307420494699,0.9803921568627452,0.934040047114252,0.0,1.0,0.32476933647428347,0.8556876061120544,0.0,0.8669064748201438,0.9707614494561075,0.934040047114252,0.0,0.5645949877109773
CIR1,0.4098939929328622,0.4166666666666667,0.7461799660441426,0.0,0.0,0.24820143884892087,1.0,0.11307420494699646,0.4836601307189542,0.3144876325088339,0.25,1.0,0.4132803297997645,0.7461799660441426,0.0,0.6241007194244604,0.29836716783297534,0.3144876325088339,0.25,0.37805940223002527
MIS18BP1,0.40636042402826855,0.9722222222222222,0.06366723259762319,0.0,0.0,0.14028776978417265,0.0,0.823321554770318,0.9411764705882352,0.6749116607773852,0.0,1.0,0.6892913231252453,0.06366723259762319,0.0,0.07014388489208633,0.8822490126792766,0.6749116607773852,0.0,0.34003758772451664
TUBB,0.4028268551236749,1.0,0.03565365025466882,0.4048558189006534,0.25,0.5,0.5,0.911660777385159,0.9803921568627452,0.1260306242638398,0.8,0.0,0.7014134275618374,0.03565365025466882,0.32742790945032674,0.5,0.9460264671239521,0.1260306242638398,0.8,0.490936011236375
SCFD1,0.3992932862190813,1.0,0.001697792869269965,0.0,0.0,0.6510791366906474,1.0,0.13074204946996468,0.5294117647058824,0.3851590106007067,0.0,1.0,0.6996466431095406,0.001697792869269965,0.0,0.8255395683453237,0.33007690708792353,0.3851590106007067,0.0,0.3203028460018235
NOC4L,0.3957597173144876,1.0,0.038200339558573826,0.0,0.0,0.7517985611510791,1.0,0.26148409893992935,0.6928104575163399,0.6584216725559481,0.0,1.0,0.6978798586572438,0.038200339558573826,0.0,0.8758992805755396,0.47714727822813463,0.6584216725559481,0.0,0.3925069185107771
AASDHPPT,0.392226148409894,0.2777777777777778,0.8497453310696095,0.19994423668822545,0.25,0.6474820143884892,1.0,0.1519434628975265,0.3856209150326797,0.3498233215547703,0.25,1.0,0.3350019630938359,0.8497453310696095,0.22497211834411274,0.8237410071942446,0.2687821889651031,0.3498233215547703,0.25,0.44315227574595367
CCNK,0.38869257950530034,1.0,0.001697792869269965,0.0,0.0,0.4460431654676259,1.0,0.5795053003533569,0.8562091503267973,0.7608951707891638,0.6,0.0,0.6943462897526502,0.001697792869269965,0.0,0.7230215827338129,0.7178572253400771,0.7608951707891638,0.6,0.49968829449785346
MT1E,0.38515901060070673,0.5694444444444444,0.6494057724957556,0.0,0.0,0.17266187050359713,1.0,0.1413427561837456,0.4313725490196078,0.3533568904593639,0.0,0.0,0.4773017275225756,0.6494057724957556,0.0,0.5863309352517986,0.28635765260167667,0.3533568904593639,0.0,0.33610756833302435
BRCA1,0.38162544169611307,0.5,0.6383701188455009,0.0,0.0,0.6151079136690647,1.0,0.9434628975265018,0.9803921568627452,0.9022379269729094,0.4,0.0,0.44081272084805656,0.6383701188455009,0.0,0.8075539568345323,0.9619275271946235,0.9022379269729094,0.4,0.5929860358136604
CHMP2A,0.37809187279151946,1.0,0.0,0.0,0.0,0.9460431654676259,1.0,0.519434628975265,0.954248366013072,0.3168433451118963,0.0,1.0,0.6890459363957597,0.0,0.0,0.9730215827338129,0.7368414974941685,0.3168433451118963,0.0,0.3879646231050911
TOP1,0.3745583038869258,1.0,0.021222410865874397,0.0,0.0,0.8741007194244604,1.0,0.6925795053003534,0.8758169934640523,0.1967020023557125,1.0,0.0,0.6872791519434629,0.021222410865874397,0.0,0.9370503597122302,0.7841982493822028,0.1967020023557125,1.0,0.5180645963227832
RPL36,0.3710247349823322,1.0,0.0,0.0,0.0,0.04316546762589928,0.0,0.7173144876325088,0.9803921568627452,0.1012956419316843,0.6,0.0,0.6855123674911661,0.0,0.0,0.02158273381294964,0.848853322247627,0.1012956419316843,0.6,0.32246343792620386
EEFSEC,0.3674911660777385,0.6111111111111112,0.5475382003395586,0.0,0.0,0.697841726618705,1.0,0.7031802120141343,0.9411764705882352,0.597173144876325,0.25,1.0,0.4893011385944248,0.5475382003395586,0.0,0.8489208633093526,0.8221783413011847,0.597173144876325,0.25,0.5078730983458352
PNO1,0.36395759717314485,1.0,0.004244482173174746,0.0,0.0,0.8705035971223022,1.0,0.8621908127208481,0.9869281045751634,0.7926972909305064,0.25,1.0,0.6819787985865724,0.004244482173174746,0.0,0.935251798561151,0.9245594586480057,0.7926972909305064,0.25,0.5126759755570586
JTB,0.36042402826855124,0.2638888888888889,0.8709677419354839,0.0,0.0,0.24100719424460432,1.0,0.36395759717314485,0.9803921568627452,0.1283863368669022,0.0,1.0,0.3121564585787201,0.8709677419354839,0.0,0.6205035971223022,0.672174877017945,0.1283863368669022,0.0,0.37202700164590763
SNAPC5,0.3568904593639576,1.0,0.02037351443123936,0.0,0.0,0.39568345323741005,1.0,0.10600706713780919,0.2352941176470588,0.6089517078916372,0.0,1.0,0.6784452296819787,0.02037351443123936,0.0,0.697841726618705,0.170650592392434,0.6089517078916372,0.0,0.3108946815737134
EIF3M,0.35335689045936397,1.0,0.006791171477079638,0.24519533721259995,0.25,0.21223021582733814,1.0,0.8268551236749117,0.9869281045751634,0.4782096584216725,0.25,1.0,0.676678445229682,0.006791171477079638,0.24759766860629998,0.6061151079136691,0.9068916141250376,0.4782096584216725,0.25,0.45318338082477727
C19orf25,0.3498233215547703,0.2638888888888889,0.8811544991511036,0.0,0.0,0.8848920863309353,1.0,0.1978798586572438,0.6928104575163399,0.6643109540636042,0.0,1.0,0.3068561052218296,0.8811544991511036,0.0,0.9424460431654677,0.4453451580867918,0.6643109540636042,0.0,0.4628732513841138
NELFCD,0.3462897526501767,0.8611111111111112,0.26570458404074704,0.0,0.0,0.9676258992805755,1.0,0.5123674911660777,0.9215686274509804,0.3616018845700825,0.25,0.0,0.6037004318806439,0.26570458404074704,0.0,0.9838129496402878,0.716968059308529,0.3616018845700825,0.25,0.4545411299200414
SRSF10,0.34275618374558303,0.875,0.2597623089983022,0.0,0.0,0.15827338129496402,1.0,0.5017667844522968,0.8235294117647058,0.3686690223792697,0.0,1.0,0.6088780918727915,0.2597623089983022,0.0,0.579136690647482,0.6626480981085013,0.3686690223792697,0.0,0.35415631600090663
POTEI,0.3392226148409894,0.4027777777777778,0.7292020373514432,0.0,0.0,0.5,0.5,0.04946996466431095,0.0326797385620915,0.9905771495877502,0.0,1.0,0.37100019630938363,0.7292020373514432,0.0,0.5,0.04107485161320122,0.9905771495877502,0.0,0.37597917640882544
AMY2A,0.33568904593639576,0.3472222222222222,0.797962648556876,0.0,0.0,0.6942446043165468,1.0,0.0035335689045936395,0.0,0.9434628975265018,1.0,0.0,0.341455634079309,0.797962648556876,0.0,0.8471223021582734,0.0017667844522968198,0.9434628975265018,1.0,0.5616814666818939
RPL26L1,0.3321554770318021,0.4583333333333333,0.6782682512733447,0.2024364908998291,0.25,0.31654676258992803,1.0,0.8586572438162544,0.9934640522875816,0.7043580683156655,0.0,1.0,0.3952444051825677,0.6782682512733447,0.22621824544991453,0.658273381294964,0.926060648051918,0.7043580683156655,0.0,0.5126318570811963
TM2D2,0.3286219081272085,0.2222222222222222,0.866723259762309,0.0,0.0,0.6618705035971223,1.0,0.7968197879858657,0.9934640522875816,0.6796230859835101,0.0,1.0,0.27542206517471535,0.866723259762309,0.0,0.8309352517985611,0.8951419201367237,0.6796230859835101,0.0,0.506835083265117
PDCD2,0.3250883392226148,0.9861111111111112,0.0772495755517828,0.0,0.0,0.33093525179856115,1.0,0.6289752650176679,0.9869281045751634,0.7220259128386336,0.0,1.0,0.655599725166863,0.0772495755517828,0.0,0.6654676258992805,0.8079516847964157,0.7220259128386336,0.0,0.4183277891789965
VBP1,0.3215547703180212,0.7916666666666666,0.4032258064516129,0.41765031220733345,0.25,0.935251798561151,1.0,0.4911660777385159,0.9738562091503268,0.414605418138987,0.25,1.0,0.5566107184923439,0.4032258064516129,0.3338251561036667,0.9676258992805755,0.7325111434444214,0.414605418138987,0.25,0.5226291631302297
CDK5RAP3,0.31802120141342755,0.3055555555555556,0.8319185059422751,0.0,0.0,0.539568345323741,1.0,0.0636042402826855,0.2222222222222222,0.1060070671378091,0.0,1.0,0.3117883784844916,0.8319185059422751,0.0,0.7697841726618705,0.14291323125245387,0.1060070671378091,0.0,0.3089159079255572
SOD1,0.31448763250883394,0.9861111111111112,0.03735144312393879,0.0,0.0,0.07194244604316546,0.0,0.05653710247349823,0.1895424836601307,0.0518256772673733,0.6,0.0,0.6502993718099725,0.03735144312393879,0.0,0.03597122302158273,0.12303979306681448,0.0518256772673733,0.6,0.21406964404138312
WDR55,0.31095406360424027,1.0,0.012733446519524572,0.0,0.0,0.6690647482014388,1.0,0.27208480565371024,0.738562091503268,0.6749116607773852,0.25,1.0,0.6554770318021201,0.012733446519524572,0.0,0.8345323741007193,0.5053234485784891,0.6749116607773852,0.25,0.4189968516826054
TRAPPC11,0.30742049469964666,1.0,0.009337860780984752,0.0,0.0,0.658273381294964,1.0,0.14487632508833923,0.4509803921568627,0.4711425206124852,0.0,1.0,0.6537102473498233,0.009337860780984752,0.0,0.829136690647482,0.297928358622601,0.4711425206124852,0.0,0.32303652543048234
RPS29,0.303886925795053,1.0,0.0,0.0,0.0,0.0035971223021582736,0.0,0.6784452296819788,0.9477124183006536,0.2685512367491166,0.6,0.0,0.6519434628975265,0.0,0.0,0.0017985611510791368,0.8130788239913163,0.2685512367491166,0.6,0.3336245835412912
BARD1,0.3003533568904594,0.9166666666666666,0.20288624787775889,0.0,0.0,0.9568345323741008,1.0,0.9575971731448764,1.0,0.8680800942285041,0.0,0.0,0.608510011778563,0.20288624787775889,0.0,0.9784172661870504,0.9787985865724382,0.8680800942285041,0.0,0.5195274580920449
DNAJA3,0.2968197879858657,0.9861111111111112,0.014431239388794426,0.0,0.0,0.9172661870503597,1.0,0.3745583038869258,0.8366013071895425,0.4570082449941107,0.0,1.0,0.6414654495484884,0.014431239388794426,0.0,0.9586330935251799,0.6055798055382342,0.4570082449941107,0.0,0.382445404713544
HYOU1,0.29328621908127206,1.0,0.03310696095076404,0.0,0.0,0.35251798561151076,1.0,0.303886925795053,0.7777777777777778,0.4393404004711425,0.0,0.0,0.646643109540636,0.03310696095076404,0.0,0.6762589928057554,0.5408323517864154,0.4393404004711425,0.0,0.33374025936495905
CHMP3,0.28975265017667845,0.9583333333333334,0.1417657045840407,0.0,0.0,0.2697841726618705,1.0,0.2226148409893993,0.6666666666666666,0.4252061248527679,0.0,1.0,0.6240429917550059,0.1417657045840407,0.0,0.6348920863309353,0.444640753828033,0.4252061248527679,0.0,0.32436395162154036
RRP15,0.2862190812720848,1.0,0.023769100169779178,0.0,0.0,0.5143884892086331,1.0,0.9151943462897526,0.9607843137254902,0.7184923439340399,0.25,1.0,0.6431095406360424,0.023769100169779178,0.0,0.7571942446043165,0.9379893300076214,0.7184923439340399,0.25,0.47579350847882845
DCTN5,0.2826855123674912,1.0,0.005942275042444822,0.0,0.0,0.5431654676258992,1.0,0.7879858657243817,0.9738562091503268,0.4982332155477032,0.0,1.0,0.6413427561837456,0.005942275042444822,0.0,0.7715827338129496,0.8809210374373542,0.4982332155477032,0.0,0.399717431146314
NUP155,0.2791519434628975,1.0,0.000848896434634816,0.0,0.0,0.7589928057553957,1.0,0.8409893992932862,0.9738562091503268,0.8244994110718492,0.0,1.0,0.6395759717314488,0.000848896434634816,0.0,0.8794964028776979,0.9074228042218064,0.8244994110718492,0.0,0.46454906947677677
SNAPC1,0.2756183745583039,1.0,0.002546689303904781,0.0,0.0,0.7086330935251799,1.0,0.7597173144876325,0.9673202614379084,0.8256772673733804,0.25,1.0,0.6378091872791519,0.002546689303904781,0.0,0.85431654676259,0.8635187879627704,0.8256772673733804,0.25,0.49055263981168534
FARSA,0.27208480565371024,0.9861111111111112,0.042444821731748794,0.0,0.0,0.9640287769784173,1.0,0.3568904593639576,0.7581699346405228,0.3639575971731448,0.6,1.0,0.6290979583824107,0.042444821731748794,0.0,0.9820143884892086,0.5575301970022402,0.3639575971731448,0.6,0.4535778518255361
ANAPC4,0.26855123674911663,1.0,0.005942275042444822,0.0,0.0,0.5215827338129496,1.0,0.10247349823321555,0.2222222222222222,0.4122497055359246,0.0,1.0,0.6342756183745584,0.005942275042444822,0.0,0.7607913669064748,0.16234786022771888,0.4122497055359246,0.0,0.2822295465838745
MED28,0.26501766784452296,1.0,0.005093378607810006,0.0,0.0,0.16546762589928057,1.0,0.7809187279151943,0.9803921568627452,0.5842167255594818,0.25,1.0,0.6325088339222615,0.005093378607810006,0.0,0.5827338129496403,0.8806554423889698,0.5842167255594818,0.25,0.4193154562040234
PSMB7,0.26148409893992935,1.0,0.005942275042444822,0.2087941815367092,0.25,0.11151079136690648,0.0,0.4416961130742049,0.9477124183006536,0.2402826855123675,0.8,0.0,0.6307420494699647,0.005942275042444822,0.2293970907683546,0.05575539568345324,0.6947042656874293,0.2402826855123675,0.8,0.3795462517377163
USP10,0.2579505300353357,0.8472222222222222,0.2275042444821732,0.0,0.0,0.7985611510791367,1.0,0.6148409893992933,0.8954248366013072,0.4216725559481744,0.0,1.0,0.5525863761287789,0.2275042444821732,0.0,0.8992805755395683,0.7551329130003003,0.4216725559481744,0.0,0.40802523787128503
WDR77,0.254416961130742,1.0,0.009337860780984752,0.5670393568484009,0.75,0.8345323741007195,1.0,0.8162544169611308,0.9869281045751634,0.7550058892815077,0.6,1.0,0.627208480565371,0.009337860780984752,0.6585196784242004,0.9172661870503598,0.9015912607681471,0.7550058892815077,0.6,0.6384184795529386
CDS2,0.2508833922261484,0.4722222222222222,0.6774193548387097,0.0,0.0,0.42805755395683454,1.0,0.3392226148409894,0.7189542483660131,0.3486454652532391,0.0,1.0,0.3615528072241853,0.6774193548387097,0.0,0.7140287769784173,0.5290884316035013,0.3486454652532391,0.0,0.37581926227115037
TARS1,0.24734982332155478,1.0,0.0,0.0,0.0,0.6870503597122302,1.0,0.6431095406360424,0.934640522875817,0.5818610129564193,0.8,1.0,0.6236749116607774,0.0,0.0,0.8435251798561151,0.7888750317559297,0.5818610129564193,0.8,0.5197051623184631
SEPSECS,0.24381625441696114,0.625,0.5390492359932089,0.0,0.0,0.5719424460431655,1.0,0.5618374558303887,0.8627450980392157,0.8598351001177855,0.25,1.0,0.43440812720848054,0.5390492359932089,0.0,0.7859712230215827,0.7122912769348022,0.8598351001177855,0.25,0.5116507090394086
UFM1,0.24028268551236748,0.625,0.5449915110356537,0.0,0.0,0.25539568345323743,1.0,0.2049469964664311,0.673202614379085,0.3321554770318021,0.25,1.0,0.4326413427561837,0.5449915110356537,0.0,0.6276978417266187,0.43907480542275806,0.3321554770318021,0.25,0.375222996853288
ZFP36L1,0.23674911660777384,0.2916666666666667,0.8081494057724958,0.0,0.0,0.03237410071942446,0.0,0.784452296819788,0.869281045751634,0.431095406360424,0.0,1.0,0.26420789163722025,0.8081494057724958,0.0,0.01618705035971223,0.826866671285711,0.431095406360424,0.0,0.33521520363079477
NVL,0.2332155477031802,1.0,0.008488964346349603,0.0,0.0,0.5251798561151079,1.0,0.31095406360424027,0.6862745098039216,0.5759717314487632,0.25,1.0,0.61660777385159,0.008488964346349603,0.0,0.7625899280575539,0.4986142867040809,0.5759717314487632,0.25,0.38746752634404824
MMS19,0.22968197879858657,0.9027777777777778,0.2461799660441426,0.0,0.0,0.44244604316546765,1.0,0.02120141342756184,0.0196078431372549,0.254416961130742,0.0,1.0,0.5662298782881822,0.2461799660441426,0.0,0.7212230215827338,0.02040462828240837,0.254416961130742,0.0,0.2583506364754585
PSMA1,0.22614840989399293,1.0,0.0,0.0,0.0,0.3489208633093525,1.0,0.7968197879858657,0.6928104575163399,0.2084805653710247,0.0,0.0,0.6130742049469965,0.0,0.0,0.6744604316546763,0.7448151227511028,0.2084805653710247,0.0,0.32011861781768575
PWP1,0.2226148409893993,0.9166666666666666,0.14601018675721567,0.0,0.0,0.8273381294964028,1.0,0.7455830388692579,0.9869281045751634,0.39811542991755,0.0,1.0,0.5696407538280329,0.14601018675721567,0.0,0.9136690647482014,0.8662555717222107,0.39811542991755,0.0,0.4133844295676016
TBCB,0.21908127208480566,0.9583333333333334,0.05687606112054322,0.0,0.0,0.046762589928057555,0.0,0.3498233215547703,0.8627450980392157,0.1872791519434629,0.0,1.0,0.5887073027090695,0.05687606112054322,0.0,0.023381294964028777,0.606284209796993,0.1872791519434629,0.0,0.2089325743620139
OSBP,0.21554770318021202,0.5138888888888888,0.632427843803056,0.0,0.0,0.6258992805755396,1.0,0.44876325088339225,0.7777777777777778,0.441696113074205,0.6,1.0,0.3647182960345504,0.632427843803056,0.0,0.8129496402877698,0.613270514330585,0.441696113074205,0.6,0.49500891536145236
TRAPPC1,0.21201413427561838,1.0,0.011884550084889645,0.0,0.0,0.08273381294964029,0.0,0.4275618374558304,0.9673202614379084,0.3945818610129564,0.0,1.0,0.6060070671378092,0.011884550084889645,0.0,0.04136690647482014,0.6974410494468694,0.3945818610129564,0.0,0.2501830620224778
XAB2,0.20848056537102475,1.0,0.0,0.0,0.0,0.6438848920863309,1.0,0.21201413427561838,0.6470588235294118,0.4381625441696113,0.25,1.0,0.6042402826855123,0.0,0.0,0.8219424460431655,0.4295364789025151,0.4381625441696113,0.25,0.3634116788286863
NOP10,0.2049469964664311,1.0,0.04753820033955858,0.0,0.0,0.12589928057553956,0.0,0.8551236749116607,0.9934640522875816,0.3698468786808009,0.0,1.0,0.6024734982332156,0.04753820033955858,0.0,0.06294964028776978,0.9242938635996212,0.3698468786808009,0.0,0.2867288687344237
RPS25,0.20141342756183744,1.0,0.003395585738540041,0.1965214217904538,0.25,0.014388489208633094,0.0,0.28975265017667845,0.915032679738562,0.0424028268551237,0.6,0.0,0.6007067137809188,0.003395585738540041,0.2232607108952269,0.007194244604316547,0.6023926649576202,0.0424028268551237,0.6,0.2970503924045352
NOPCHAP1,0.1978798586572438,0.9722222222222222,0.08488964346349759,0.0,0.0,0.5,0.5,0.49823321554770317,0.9084967320261438,0.8032979976442873,0.0,1.0,0.585051040439733,0.08488964346349759,0.0,0.5,0.7033649737869234,0.8032979976442873,0.0,0.382371950762063
POLE2,0.19434628975265017,1.0,0.004244482173174746,0.0,0.0,0.5683453237410072,1.0,0.9681978798586572,0.9934640522875816,0.944640753828033,0.25,0.0,0.5971731448763251,0.004244482173174746,0.0,0.7841726618705036,0.9808309660731194,0.944640753828033,0.25,0.508723144117308
RPS3,0.19081272084805653,1.0,0.0,0.0,0.0,0.01079136690647482,0.0,0.7420494699646644,0.9869281045751634,0.1295641931684334,0.6,0.0,0.5954063604240283,0.0,0.0,0.00539568345323741,0.8644887872699138,0.1295641931684334,0.6,0.3135507177593733
TEAD1,0.1872791519434629,0.2361111111111111,0.83276740237691,0.0,0.0,0.41007194244604317,1.0,0.8091872791519434,0.8823529411764706,0.5170789163722026,0.8,0.0,0.211695131527287,0.83276740237691,0.0,0.7050359712230216,0.845770110164207,0.5170789163722026,0.8,0.5589067902376612
LONP1,0.18374558303886926,0.9861111111111112,0.041595925297113756,0.0,0.0,0.9532374100719424,1.0,0.23674911660777384,0.7254901960784313,0.3698468786808009,0.6,1.0,0.5849283470749902,0.041595925297113756,0.0,0.9766187050359711,0.4811196563431026,0.3698468786808009,0.6,0.4363013589188541
ALDOA,0.18021201413427562,0.9722222222222222,0.042444821731748794,0.0,0.0,0.16906474820143885,1.0,0.24381625441696114,0.6928104575163399,0.0141342756183745,0.6,1.0,0.5762171181782489,0.042444821731748794,0.0,0.5845323741007195,0.46831335596665047,0.0141342756183745,0.6,0.32652027794224886
SF3A2,0.17667844522968199,1.0,0.001697792869269965,0.0,0.0,0.2949640287769784,1.0,0.6219081272084805,0.8562091503267973,0.3839811542991755,0.25,1.0,0.588339222614841,0.001697792869269965,0.0,0.6474820143884892,0.739058638767639,0.3839811542991755,0.25,0.37293697470563064
UTP6,0.17314487632508835,1.0,0.01358234295415961,0.0,0.0,0.4892086330935252,1.0,0.18021201413427562,0.5359477124183006,0.4982332155477031,0.25,1.0,0.5865724381625441,0.01358234295415961,0.0,0.7446043165467626,0.35807986327628816,0.4982332155477031,0.25,0.35015316806963687
EIF3E,0.1696113074204947,1.0,0.002546689303904781,0.2035589729128218,0.25,0.0683453237410072,0.0,0.6395759717314488,0.9673202614379084,0.2084805653710247,0.25,1.0,0.5848056537102474,0.002546689303904781,0.22677948645641088,0.0341726618705036,0.8034481165846785,0.2084805653710247,0.25,0.30146188189953854
NOP56,0.16607773851590105,1.0,0.002546689303904781,0.0,0.0,0.2733812949640288,1.0,0.42402826855123676,0.7712418300653595,0.2273262661955241,0.25,1.0,0.5830388692579506,0.002546689303904781,0.0,0.6366906474820144,0.5976350493082981,0.2273262661955241,0.25,0.32817678879252743
TRAPPC4,0.1625441696113074,0.9583333333333334,0.042444821731748794,0.0,0.0,0.3345323741007194,1.0,0.5300353356890459,0.954248366013072,0.4817432273262662,0.35,1.0,0.5604387514723204,0.042444821731748794,0.0,0.6672661870503597,0.7421418508510589,0.4817432273262662,0.35,0.4062906912045362
NSL1,0.15901060070671377,1.0,0.005093378607810006,0.0,0.0,0.2517985611510791,1.0,0.8445229681978799,0.9934640522875816,0.6348645465253239,0.0,1.0,0.5795053003533569,0.005093378607810006,0.0,0.6258992805755396,0.9189935102427307,0.6348645465253239,0.0,0.3949080023292516
FXN,0.15547703180212014,0.8333333333333334,0.3149405772495756,0.0,0.0,0.6294964028776978,1.0,0.607773851590106,0.9673202614379084,0.7915194346289752,0.25,0.0,0.49440518256772675,0.3149405772495756,0.0,0.814748201438849,0.7875470565140072,0.7915194346289752,0.25,0.4933086360570191
HINFP,0.1519434628975265,1.0,0.004244482173174746,0.0,0.0,0.7841726618705036,1.0,0.09540636042402827,0.1699346405228758,0.7338044758539457,0.0,1.0,0.5759717314487632,0.004244482173174746,0.0,0.8920863309352518,0.13267050047345202,0.7338044758539457,0.0,0.33411107441208393
GPN1,0.14840989399293286,1.0,0.000848896434634816,0.0,0.0,0.5359712230215827,1.0,0.872791519434629,0.9869281045751634,0.5865724381625442,0.0,1.0,0.5742049469964664,0.000848896434634816,0.0,0.7679856115107914,0.9298598120048962,0.5865724381625442,0.0,0.4084959578727619
NHP2,0.14487632508833923,0.9305555555555556,0.10441426146010191,0.0,0.0,0.34172661870503596,1.0,0.4840989399293286,0.9673202614379084,0.3109540636042403,0.0,1.0,0.5377159403219474,0.10441426146010191,0.0,0.670863309352518,0.7257096006836186,0.3109540636042403,0.0,0.3356653107746323
NELFB,0.1413427561837456,0.9722222222222222,0.14091680814940577,0.0,0.0,0.8165467625899281,1.0,0.2756183745583039,0.7908496732026143,0.3839811542991755,0.25,1.0,0.5567824892029839,0.14091680814940577,0.0,0.908273381294964,0.5332340238804592,0.3839811542991755,0.25,0.39616969383242695
VCP,0.13780918727915195,1.0,0.0,0.0,0.0,0.3920863309352518,1.0,0.5865724381625441,0.8627450980392157,0.2084805653710247,1.0,0.0,0.568904593639576,0.0,0.0,0.6960431654676259,0.7246587681008799,0.2084805653710247,1.0,0.4568695846541581
SAP18,0.13427561837455831,1.0,0.007640067911714787,0.0,0.0,0.10431654676258993,0.0,0.30742049469964666,0.8562091503267973,0.2426383981154299,0.0,1.0,0.5671378091872792,0.007640067911714787,0.0,0.052158273381294966,0.581814822513222,0.2426383981154299,0.0,0.20734133872984867
CSE1L,0.13074204946996468,1.0,0.0,0.0,0.0,0.5179856115107914,1.0,0.5335689045936396,0.8758169934640523,0.4075382803297998,0.0,1.0,0.5653710247349824,0.0,0.0,0.7589928057553956,0.7046929490288459,0.4075382803297998,0.0,0.3480850085498606
MSTO1,0.127208480565371,0.9305555555555556,0.20713073005093374,0.4556980061968257,0.25,0.8057553956834532,1.0,0.2862190812720848,0.6601307189542484,0.8457008244994112,0.0,1.0,0.5288820180604633,0.20713073005093374,0.35284900309841283,0.9028776978417266,0.47317490011316654,0.8457008244994112,0.0,0.47294502480915923
TIMM22,0.12367491166077739,0.7222222222222222,0.39728353140916806,0.0,0.0,0.8884892086330936,1.0,0.43109540636042404,0.8496732026143791,0.7550058892815077,0.25,1.0,0.4229485669414998,0.39728353140916806,0.0,0.9442446043165468,0.6403843044874016,0.7550058892815077,0.25,0.4871238423480177
SGO1,0.12014134275618374,0.9722222222222222,0.02716468590831922,0.3042156415050162,0.5,0.2302158273381295,1.0,0.9964664310954063,1.0,0.8221436984687868,0.0,1.0,0.546181782489203,0.02716468590831922,0.40210782075250806,0.6151079136690647,0.9982332155477032,0.8221436984687868,0.0,0.48727701669079787
RPS16,0.1166077738515901,1.0,0.0,0.0,0.0,0.03597122302158273,0.0,0.7773851590106007,0.9934640522875816,0.0459363957597173,0.6,0.0,0.558303886925795,0.0,0.0,0.017985611510791366,0.8854246056490911,0.0459363957597173,0.6,0.3010929285493421
PSMB4,0.11307420494699646,1.0,0.0,0.0,0.0,0.4676258992805755,1.0,0.6254416961130742,0.9869281045751634,0.1260306242638398,0.8,0.0,0.5565371024734982,0.0,0.0,0.7338129496402878,0.8061849003441188,0.1260306242638398,0.8,0.43179508238882064
GGPS1,0.10954063604240283,1.0,0.03310696095076404,0.0,0.0,0.9244604316546763,1.0,0.48056537102473496,0.954248366013072,0.6301531213191991,1.0,0.0,0.5547703180212014,0.03310696095076404,0.0,0.9622302158273381,0.7174068685189035,0.6301531213191991,1.0,0.5568096406624866
HSPA9,0.10600706713780919,1.0,0.0,0.19826715027742955,0.25,0.9748201438848921,1.0,0.3462897526501767,0.8235294117647058,0.110718492343934,0.6,1.0,0.5530035335689046,0.0,0.2241335751387148,0.9874100719424461,0.5849095822074413,0.110718492343934,0.6,0.43716789360020586
ARF4,0.10247349823321555,0.8333333333333334,0.3607809847198642,0.0,0.0,0.1618705035971223,1.0,0.8833922261484098,0.9934640522875816,0.3121319199057715,0.25,1.0,0.46790341578327443,0.3607809847198642,0.0,0.5809352517985611,0.9384281392179957,0.3121319199057715,0.25,0.4157399587750667
INTS8,0.0989399293286219,1.0,0.001697792869269965,0.4177073833274721,0.25,0.48201438848920863,1.0,0.16607773851590105,0.3660130718954248,0.5724381625441696,0.0,1.0,0.549469964664311,0.001697792869269965,0.333853691663736,0.7410071942446044,0.26604540520566294,0.5724381625441696,0.0,0.35207317302739344
MED31,0.09540636042402827,1.0,0.005093378607810006,0.0,0.0,0.9064748201438849,1.0,0.45229681978798586,0.8888888888888888,0.6925795053003534,0.25,1.0,0.5477031802120141,0.005093378607810006,0.0,0.9532374100719425,0.6705928543384374,0.6925795053003534,0.25,0.44560090407579395
ORC4,0.09187279151943463,0.6666666666666666,0.465195246179966,0.0,0.0,0.8489208633093526,1.0,0.568904593639576,0.8104575163398693,0.558303886925795,0.25,1.0,0.3792697290930506,0.465195246179966,0.0,0.9244604316546763,0.6896810549897227,0.558303886925795,0.25,0.46670147840617293
POLR1E,0.08833922261484099,0.8611111111111112,0.2597623089983022,0.0,0.0,0.60431654676259,1.0,0.6325088339222615,0.934640522875817,0.7820965842167255,0.25,1.0,0.47472516686297606,0.2597623089983022,0.0,0.802158273381295,0.7835746783990393,0.7820965842167255,0.25,0.47890243026547685
MED17,0.08480565371024736,1.0,0.001697792869269965,0.0,0.0,0.8776978417266187,1.0,0.6749116607773852,0.8758169934640523,0.7644287396937575,0.25,1.0,0.5424028268551236,0.001697792869269965,0.0,0.9388489208633093,0.7753643271207187,0.7644287396937575,0.25,0.4675346582003113
AK6,0.0812720848056537,1.0,0.09932088285229201,0.2233919430922808,0.25,0.8309352517985612,1.0,0.254416961130742,0.7908496732026143,0.6183745583038869,0.6,1.0,0.5406360424028268,0.09932088285229201,0.23669597154614042,0.9154676258992807,0.5226333171666782,0.6183745583038869,0.6,0.5047326283101579
NCKAP1,0.07773851590106007,0.5555555555555556,0.5738539898132429,0.0,0.0,0.3057553956834532,1.0,0.31448763250883394,0.6339869281045751,0.3828032979976443,0.6,1.0,0.3166470357283078,0.5738539898132429,0.0,0.6528776978417266,0.47423728030670453,0.3828032979976443,0.6,0.42863132881251803
MTOR,0.07420494699646643,1.0,0.01358234295415961,0.0,0.0,0.5575539568345323,1.0,0.1166077738515901,0.3594771241830065,0.519434628975265,1.0,0.0,0.5371024734982333,0.01358234295415961,0.0,0.7787769784172662,0.2380424490172983,0.519434628975265,1.0,0.44099126755174606
RANBP3,0.0706713780918728,0.3472222222222222,0.7945670628183362,0.0,0.0,0.8597122302158273,1.0,0.33568904593639576,0.803921568627451,0.5005889281507656,0.0,1.0,0.2089468001570475,0.7945670628183362,0.0,0.9298561151079137,0.5698053072819234,0.5005889281507656,0.0,0.42910917335942667
TUBGCP6,0.06713780918727916,1.0,0.017826825127334356,0.0,0.0,0.737410071942446,1.0,0.014134275618374558,0.0457516339869281,0.2049469964664311,0.25,1.0,0.5335689045936396,0.017826825127334356,0.0,0.868705035971223,0.029942954802651328,0.2049469964664311,0.25,0.2721415309944685
TLN1,0.0636042402826855,0.4722222222222222,0.6884550084889645,0.2516722613757096,0.75,0.09712230215827339,0.0,0.8480565371024735,0.9084967320261438,0.3639575971731448,0.0,1.0,0.26791323125245387,0.6884550084889645,0.5008361306878548,0.048561151079136694,0.8782766345643087,0.3639575971731448,0.0,0.39257139332083757
RNF4,0.06007067137809187,0.6666666666666666,0.4864176570458404,0.40960355612453986,0.25,0.5035971223021583,1.0,0.43462897526501765,0.8169934640522876,0.4275618374558304,0.0,1.0,0.36336866902237924,0.4864176570458404,0.32980177806226996,0.7517985611510791,0.6258112196586526,0.4275618374558304,0.0,0.42639424605657883
CLNS1A,0.05653710247349823,1.0,0.007640067911714787,0.0,0.0,0.35611510791366907,1.0,0.7279151943462897,0.9869281045751634,0.4004711425206125,0.25,1.0,0.5282685512367491,0.007640067911714787,0.0,0.6780575539568345,0.8574216494607265,0.4004711425206125,0.25,0.3888369950123768
ZNF593,0.053003533568904596,0.5555555555555556,0.6069609507640068,0.0,0.0,0.9280575539568345,1.0,0.5441696113074205,0.954248366013072,0.931095406360424,0.25,1.0,0.3042795445622301,0.6069609507640068,0.0,0.9640287769784173,0.7492089886602462,0.931095406360424,0.25,0.5436533810464749
RAE1,0.04946996466431095,1.0,0.000848896434634816,0.0,0.0,0.22302158273381295,1.0,0.7491166077738516,0.9803921568627452,0.64075382803298,0.35,1.0,0.5247349823321554,0.000848896434634816,0.0,0.6115107913669064,0.8647543823182984,0.64075382803298,0.35,0.42751469721213936
WDHD1,0.045936395759717315,1.0,0.004244482173174746,0.26852488643681455,0.25,0.5503597122302158,1.0,0.8904593639575972,0.9019607843137256,0.8763250883392226,0.25,1.0,0.5229681978798587,0.004244482173174746,0.2592624432184073,0.775179856115108,0.8962100741356613,0.8763250883392226,0.25,0.5120271631230617
NOM1,0.04240282685512368,0.9444444444444444,0.13837011884550088,0.0,0.0,0.920863309352518,1.0,0.508833922261484,0.7320261437908496,0.7502944640753828,0.0,1.0,0.49342363564978403,0.13837011884550088,0.0,0.960431654676259,0.6204300330261668,0.7502944640753828,0.0,0.4232785580390134
UBL5,0.038869257950530034,1.0,0.0,0.0,0.0,0.18345323741007194,1.0,0.5053003533568905,0.9738562091503268,0.110718492343934,0.25,1.0,0.519434628975265,0.0,0.0,0.591726618705036,0.7395782812536087,0.110718492343934,0.25,0.3159225744682634
PELP1,0.0353356890459364,0.9722222222222222,0.056027164685908404,0.0,0.0,0.7553956834532374,1.0,0.07773851590106007,0.2483660130718954,0.4098939929328622,0.25,1.0,0.5037789556340793,0.056027164685908404,0.0,0.8776978417266187,0.16305226448647775,0.4098939929328622,0.25,0.32292145992370663
VHL,0.03180212014134275,0.8472222222222222,0.267402376910017,0.0,0.0,0.7697841726618705,1.0,0.6042402826855123,0.8300653594771242,0.6183745583038869,0.8,0.0,0.4395121711817825,0.267402376910017,0.0,0.8848920863309353,0.7171528210813183,0.6183745583038869,0.8,0.5324762876868485
RPS9,0.028268551236749116,1.0,0.001697792869269965,0.0,0.0,0.02877697841726619,0.0,0.734982332155477,0.9934640522875816,0.1201413427561837,0.6,0.0,0.5141342756183745,0.001697792869269965,0.0,0.014388489208633094,0.8642231922215293,0.1201413427561837,0.6,0.30208358466771296
CDK7,0.024734982332155476,1.0,0.000848896434634816,0.2001732321769808,0.25,0.6654676258992805,1.0,0.3710247349823322,0.8888888888888888,0.6819787985865725,1.0,0.0,0.5123674911660777,0.000848896434634816,0.2250866160884904,0.8327338129496402,0.6299568119356105,0.6819787985865725,1.0,0.5547103467372894
PSMA2,0.02120141342756184,1.0,0.0,0.0,0.0,0.06474820143884892,0.0,0.9222614840989399,0.9934640522875816,0.4723203769140164,0.0,0.0,0.5106007067137809,0.0,0.0,0.03237410071942446,0.9578627681932608,0.4723203769140164,0.0,0.28187970750578323
RPS15,0.0176678445229682,1.0,0.0,0.0,0.0,0.050359712230215826,0.0,0.5229681978798587,0.934640522875817,0.0235571260306242,0.6,0.0,0.508833922261484,0.0,0.0,0.025179856115107913,0.7288043603778378,0.0235571260306242,0.6,0.26948218068357915
RPS11,0.014134275618374558,1.0,0.0,0.0,0.0,0.025179856115107913,0.0,0.7208480565371025,0.9803921568627452,0.0412249705535924,0.6,0.0,0.5070671378091873,0.0,0.0,0.012589928057553957,0.8506201066999238,0.0412249705535924,0.6,0.28735744901717963
DHX33,0.01060070671378092,1.0,0.03650254668930397,0.0,0.0,0.9100719424460432,1.0,0.4628975265017668,0.7320261437908496,0.8103651354534747,0.0,1.0,0.5053003533568905,0.03650254668930397,0.0,0.9550359712230216,0.5974618351463082,0.8103651354534747,0.0,0.41495226312414274
CLCC1,0.007067137809187279,0.4166666666666667,0.7147707979626485,0.0,0.0,0.44964028776978415,1.0,0.4134275618374558,0.8888888888888888,0.5924617196702002,0.0,1.0,0.21186690223792698,0.7147707979626485,0.0,0.724820143884892,0.6511582253631724,0.5924617196702002,0.0,0.41358254130269145
RRP12,0.0035335689045936395,1.0,0.000848896434634816,0.0,0.0,0.5071942446043165,1.0,0.028268551236749116,0.0915032679738562,0.6525323910482922,0.25,1.0,0.5017667844522968,0.000848896434634816,0.0,0.7535971223021583,0.059885909605302656,0.6525323910482922,0.25,0.316947300548955
