gene,rank_full,expert_composite,novelty_tier,novelty_corrected,is_dependency_poscontrol,f_dep_selectivity,f_dep_breadth,f_pan_ess_penalty,f_sl_strength,f_sl_breadth,f_sc_specificity,f_sc_tme_penalty,f_tumor_enrichment,f_tumor_prevalence,f_safety,f_tractability,f_novelty,cat_dependency,cat_selectivity,cat_synthetic_lethality,cat_tumor_specificity,cat_tumor_enrichment,cat_therapeutic_window,cat_tractability
KIF2C,1,0.7160219111484435,novel,1.0,False,0.8763250883392226,0.3333333333333333,0.8225806451612903,0.3019042919213393,0.75,0.4640287769784172,1.0,0.9823321554770318,1.0,0.9481743227326266,0.6,1.0,0.6048292108362779,0.8225806451612903,0.5259521459606696,0.7320143884892086,0.9911660777385158,0.9481743227326266,0.6
PDGFRA,2,0.708602914366016,approved_sm_drug,0.0,True,0.9469964664310954,0.2638888888888889,0.9278438030560272,0.0,0.0,1.0,1.0,0.7915194346289752,0.6601307189542484,0.6289752650176679,1.0,0.0,0.6054426776599922,0.9278438030560272,0.0,1.0,0.7258250767916118,0.6289752650176679,1.0
JUN,3,0.6959325965625929,has_sm_chemistry,0.5,False,0.9893992932862192,0.5555555555555556,0.8251273344651953,0.2131149280147513,0.25,0.564748201438849,1.0,0.7632508833922261,0.8431372549019608,0.2661955241460541,1.0,0.0,0.7724774244208874,0.8251273344651953,0.2315574640073756,0.7823741007194245,0.8031940691470935,0.2661955241460541,1.0
MET,4,0.6946114001112601,approved_sm_drug,0.0,True,0.9752650176678446,0.2222222222222222,0.969439728353141,0.0,0.0,0.6007194244604317,1.0,0.9081272084805654,0.6274509803921569,0.6219081272084805,1.0,0.0,0.5987436199450333,0.969439728353141,0.0,0.8003597122302158,0.7677890944363611,0.6219081272084805,1.0
ITGB5,5,0.6940461671546392,novel,1.0,False,0.9540636042402828,0.4583333333333333,0.7767402376910018,0.3217374428062051,0.75,0.2661870503597122,1.0,0.8374558303886925,0.934640522875817,0.5064782096584217,0.8,0.5,0.706198468786808,0.7767402376910018,0.5358687214031026,0.6330935251798562,0.8860481766322548,0.5064782096584217,0.8
CDK2,6,0.6776305000120081,has_sm_chemistry,0.5,False,0.6996466431095406,0.8055555555555556,0.3115449915110356,0.5109280714141762,0.25,0.2985611510791366,1.0,0.9717314487632508,1.0,0.790341578327444,1.0,0.0,0.752601099332548,0.3115449915110356,0.3804640357070881,0.6492805755395683,0.9858657243816256,0.790341578327444,1.0
C3orf38,7,0.6671685607745805,novel,1.0,False,0.9646643109540636,0.5555555555555556,0.7962648556876061,0.4375125859372097,1.0,0.6402877697841727,1.0,0.9328621908127208,0.9934640522875816,0.812720848056537,0.0,1.0,0.7601099332548096,0.7962648556876061,0.7187562929686049,0.8201438848920863,0.9631631215501512,0.812720848056537,0.0
ITGAV,8,0.6367784643011866,has_sm_chemistry,0.5,False,0.9717314487632508,0.9166666666666666,0.4736842105263158,0.2625812716165546,0.75,0.1223021582733813,0.0,0.8657243816254417,0.9607843137254902,0.2791519434628975,1.0,0.0,0.9441990577149588,0.4736842105263158,0.5062906358082773,0.0611510791366906,0.913254347675466,0.2791519434628975,1.0
VRK1,9,0.6300869027000289,novel,1.0,True,0.9858657243816256,0.8055555555555556,0.5738539898132429,0.0,0.0,0.1762589928057553,1.0,0.2332155477031802,0.6666666666666666,0.730270906949352,0.8,1.0,0.8957106399685906,0.5738539898132429,0.0,0.5881294964028777,0.4499411071849234,0.730270906949352,0.8
KIF18B,10,0.625356232366852,novel,1.0,False,0.9363957597173144,0.5694444444444444,0.6740237691001698,0.2119358782212834,0.5,0.7410071942446043,1.0,0.9929328621908128,0.9934640522875816,0.96113074204947,0.0,1.0,0.7529201020808794,0.6740237691001698,0.3559679391106417,0.8705035971223021,0.9931984572391972,0.96113074204947,0.0
FGFR1,11,0.6244715680383143,approved_sm_drug,0.0,True,0.9187279151943464,0.2777777777777778,0.9066213921901528,0.0,0.0,0.8812949640287769,1.0,0.3957597173144876,0.5882352941176471,0.1648998822143698,1.0,0.0,0.598252846486062,0.9066213921901528,0.0,0.9406474820143884,0.4919975057160674,0.1648998822143698,1.0
CDC25B,12,0.6131193269544546,has_sm_chemistry,0.5,False,0.8869257950530035,0.3888888888888889,0.8047538200339559,0.0,0.0,0.7661870503597122,1.0,0.4381625441696113,0.7189542483660131,0.1460541813898704,1.0,1.0,0.6379073419709462,0.8047538200339559,0.0,0.8830935251798562,0.5785583962678122,0.1460541813898704,1.0
EGLN1,13,0.6115329499754479,approved_sm_drug,0.0,False,0.6678445229681979,0.2777777777777778,0.8820033955857386,0.0,0.0,0.3453237410071942,1.0,0.4734982332155477,0.8431372549019608,0.4935217903415783,1.0,0.0,0.4728111503729878,0.8820033955857386,0.0,0.6726618705035972,0.6583177440587542,0.4935217903415783,1.0
KIF18A,14,0.5965494535788795,novel,1.0,False,0.8480565371024735,0.9722222222222222,0.1146010186757215,0.0,0.0,0.4028776978417266,1.0,0.9858657243816256,0.9934640522875816,0.9587750294464076,0.6,1.0,0.9101393796623478,0.1146010186757215,0.0,0.7014388489208633,0.9896648883346036,0.9587750294464076,0.6
AMY2A,15,0.5921053047715229,has_sm_chemistry,0.5,False,0.3356890459363957,0.3472222222222222,0.797962648556876,0.0,0.0,0.6942446043165468,1.0,0.0035335689045936,0.0,0.9434628975265018,1.0,0.0,0.341455634079309,0.797962648556876,0.0,0.8471223021582734,0.0017667844522968,0.9434628975265018,1.0
LMNA,16,0.5903869164938166,novel,1.0,False,0.9964664310954064,0.5972222222222222,0.7852292020373515,0.2390170182434509,0.75,0.1151079136690647,0.0,0.8975265017667845,0.9477124183006536,0.4628975265017668,0.45,0.0,0.7968443266588143,0.7852292020373515,0.4945085091217254,0.0575539568345323,0.922619460033719,0.4628975265017668,0.45
WDR77,17,0.5818445872302611,novel,1.0,False,0.254416961130742,1.0,0.0093378607809847,0.5670393568484009,0.75,0.8345323741007195,1.0,0.8162544169611308,0.9869281045751634,0.7550058892815077,0.6,1.0,0.627208480565371,0.0093378607809847,0.6585196784242004,0.9172661870503598,0.9015912607681472,0.7550058892815077,0.6
FERMT2,18,0.5711116983515513,novel,1.0,False,0.978798586572438,0.875,0.5322580645161291,0.2442512105928202,0.25,0.2050359712230215,1.0,0.7703180212014135,0.934640522875817,0.4770318021201413,0.25,1.0,0.926899293286219,0.5322580645161291,0.2471256052964101,0.6025179856115108,0.8524792720386152,0.4770318021201413,0.25
ELAVL1,19,0.5682021167834226,novel,1.0,False,0.6749116607773852,0.3472222222222222,0.8166383701188455,0.0,0.0,0.6906474820143885,1.0,0.8869257950530035,0.9738562091503268,0.4369846878680801,0.55,1.0,0.5110669414998037,0.8166383701188455,0.0,0.8453237410071943,0.9303910021016653,0.4369846878680801,0.55
RPP25L,20,0.5673719158428345,novel,1.0,False,0.9929328621908128,0.7916666666666666,0.7062818336162988,0.2353098991073564,0.25,0.4856115107913669,1.0,0.2685512367491166,0.7712418300653595,0.6572438162544169,0.0,1.0,0.8922997644287396,0.7062818336162988,0.2426549495536782,0.7428057553956835,0.5198965334072381,0.6572438162544169,0.0
PTK2,21,0.5589614259274447,has_sm_chemistry,0.5,False,0.9293286219081272,0.75,0.5050933786078099,0.2076381791229156,0.5,0.0863309352517985,0.0,0.0742049469964664,0.3202614379084967,0.3792697290930507,1.0,0.0,0.8396643109540636,0.5050933786078099,0.3538190895614578,0.0431654676258992,0.1972331924524815,0.3792697290930507,1.0
E2F3,22,0.5582298674514453,novel,1.0,False,0.6431095406360424,0.25,0.8743633276740238,1.0,0.25,0.5323741007194245,1.0,0.7314487632508834,0.8104575163398693,0.6702002355712603,0.0,0.5,0.4465547703180212,0.8743633276740238,0.625,0.7661870503597122,0.7709531397953764,0.6702002355712603,0.0
ERCC6L,23,0.557013470005552,novel,1.0,False,0.7703180212014135,0.2361111111111111,0.8981324278438031,0.0,0.0,0.6366906474820144,1.0,0.978798586572438,0.9869281045751634,0.9646643109540636,0.0,1.0,0.5032145661562623,0.8981324278438031,0.0,0.8183453237410072,0.9828633455738008,0.9646643109540636,0.0
PDCL3,24,0.5549081972473332,novel,1.0,False,0.8621908127208481,0.4722222222222222,0.7716468590831919,0.0,0.0,0.302158273381295,1.0,0.6007067137809188,0.9607843137254902,0.7467608951707891,0.25,1.0,0.6672065174715351,0.7716468590831919,0.0,0.6510791366906474,0.7807455137532044,0.7467608951707891,0.25
RPTOR,25,0.5546939718866523,novel,1.0,False,0.7243816254416962,0.9861111111111112,0.0577249575551783,0.43499023422104,0.5,0.7302158273381295,1.0,0.1943462897526501,0.5098039215686274,0.5594817432273262,0.6,0.0,0.8552463682764037,0.0577249575551783,0.46749511711052,0.8651079136690647,0.3520751056606388,0.5594817432273262,0.6
UBC,26,0.5506001507445109,novel,1.0,False,0.9257950530035336,0.2916666666666667,0.8862478777589136,0.2502685399681992,0.25,0.1942446043165467,1.0,0.469964664310954,0.915032679738562,0.0400471142520612,0.6,1.0,0.6087308598351001,0.8862478777589136,0.2501342699840996,0.5971223021582734,0.692498672024758,0.0400471142520612,0.6
BRCA1,27,0.549136087787895,has_sm_chemistry,0.5,False,0.381625441696113,0.5,0.6383701188455009,0.0,0.0,0.6151079136690647,1.0,0.9434628975265018,0.9803921568627452,0.9022379269729094,0.4,0.0,0.4408127208480565,0.6383701188455009,0.0,0.8075539568345323,0.9619275271946236,0.9022379269729094,0.4
SNUPN,28,0.5459120954097881,novel,1.0,False,0.7137809187279152,0.9861111111111112,0.0441426146010186,0.0,0.0,0.7446043165467626,1.0,0.4452296819787986,0.915032679738562,0.7868080094228503,0.6,1.0,0.8499460149195132,0.0441426146010186,0.0,0.8723021582733813,0.6801311808586803,0.7868080094228503,0.6
EXT1,29,0.5445758120948081,novel,1.0,False,0.6501766784452296,0.3333333333333333,0.8217317487266553,0.3715973074917503,0.25,0.3633093525179856,1.0,0.9187279151943464,0.9673202614379084,0.502944640753828,0.25,1.0,0.4917550058892814,0.8217317487266553,0.3107986537458752,0.6816546762589928,0.9430240883161274,0.502944640753828,0.25
MLST8,30,0.5436685726966761,novel,1.0,False,0.4381625441696113,0.5972222222222222,0.5662139219015281,0.3422196144987567,0.25,0.9496402877697842,1.0,0.215547703180212,0.5359477124183006,0.4369846878680801,0.6,0.0,0.5176923831959168,0.5662139219015281,0.2961098072493783,0.974820143884892,0.3757477077992563,0.4369846878680801,0.6
GPR61,31,0.5435907351389461,novel,1.0,False,0.6890459363957597,0.5138888888888888,0.6910016977928692,0.0,0.0,0.7050359712230215,1.0,0.0070671378091872,0.0,0.906949352179034,0.45,1.0,0.6014674126423243,0.6910016977928692,0.0,0.8525179856115108,0.0035335689045936,0.906949352179034,0.45
C19orf53,32,0.5317974311401013,novel,1.0,False,0.8268551236749117,0.8055555555555556,0.3565365025466893,0.2185124480898787,0.25,0.9424460431654677,1.0,0.6113074204946997,0.9869281045751634,0.3404004711425206,0.25,1.0,0.8162053396152336,0.3565365025466893,0.2342562240449393,0.9712230215827338,0.7991177625349315,0.3404004711425206,0.25
SNRPB2,33,0.5313853751170408,novel,1.0,False,0.8374558303886925,0.8333333333333334,0.3395585738539898,0.2108405189751295,0.25,0.2158273381294964,1.0,0.8056537102473498,0.9869281045751634,0.6042402826855123,0.25,1.0,0.8353945818610129,0.3395585738539898,0.2304202594875647,0.6079136690647482,0.8962909074112566,0.6042402826855123,0.25
GGPS1,34,0.5307863083918601,has_sm_chemistry,0.5,False,0.1095406360424028,1.0,0.033106960950764,0.0,0.0,0.9244604316546764,1.0,0.4805653710247349,0.954248366013072,0.6301531213191991,1.0,0.0,0.5547703180212014,0.033106960950764,0.0,0.962230215827338,0.7174068685189035,0.6301531213191991,1.0
DSCC1,35,0.5301280973231774,novel,1.0,False,0.5901060070671378,0.3055555555555556,0.8234295415959253,0.0,0.0,0.8129496402877698,1.0,0.939929328621908,0.9869281045751634,0.8939929328621908,0.0,1.0,0.4478307813113467,0.8234295415959253,0.0,0.9064748201438848,0.9634287165985358,0.8939929328621908,0.0
CTDNEP1,36,0.5293917817639415,novel,1.0,False,0.9823321554770318,0.75,0.6129032258064516,0.2919610480939646,0.25,0.3201438848920863,1.0,0.6713780918727915,0.9738562091503268,0.4040047114252061,0.0,1.0,0.8661660777385158,0.6129032258064516,0.2709805240469823,0.6600719424460432,0.8226171505115591,0.4040047114252061,0.0
INTS12,37,0.5290354451231487,novel,1.0,False,0.8127208480565371,0.6805555555555556,0.5118845500848896,0.0,0.0,0.8525179856115108,1.0,0.8197879858657244,0.9869281045751634,0.7714958775029447,0.0,1.0,0.7466382018060463,0.5118845500848896,0.0,0.9262589928057554,0.903358045220444,0.7714958775029447,0.0
TIMM9,38,0.5280531948173277,novel,1.0,False,0.8833922261484098,0.8055555555555556,0.4346349745331069,0.0,0.0,0.5827338129496403,1.0,0.5547703180212014,0.954248366013072,0.5606595995288575,0.25,1.0,0.8444738908519827,0.4346349745331069,0.0,0.7913669064748201,0.7545093420171367,0.5606595995288575,0.25
CDK7,39,0.5276665452590537,has_sm_chemistry,0.5,False,0.0247349823321554,1.0,0.0008488964346348,0.2001732321769808,0.25,0.6654676258992805,1.0,0.3710247349823322,0.8888888888888888,0.6819787985865725,1.0,0.0,0.5123674911660777,0.0008488964346348,0.2250866160884904,0.8327338129496402,0.6299568119356105,0.6819787985865725,1.0
TEAD1,40,0.5275122985050839,has_sm_chemistry,0.5,False,0.1872791519434629,0.2361111111111111,0.83276740237691,0.0,0.0,0.4100719424460431,1.0,0.8091872791519434,0.8823529411764706,0.5170789163722026,0.8,0.0,0.211695131527287,0.83276740237691,0.0,0.7050359712230216,0.845770110164207,0.5170789163722026,0.8
UBE2C,41,0.5209445416004571,novel,1.0,False,0.7385159010600707,0.875,0.233446519524618,0.0,0.0,0.8201438848920863,1.0,1.0,1.0,0.9599528857479388,0.0,1.0,0.8067579505300353,0.233446519524618,0.0,0.9100719424460432,1.0,0.9599528857479388,0.0
NDC1,42,0.5192384225534415,novel,1.0,False,0.7667844522968198,0.7083333333333334,0.5033955857385399,0.0,0.0,0.5863309352517986,1.0,0.9363957597173144,0.9934640522875816,0.8068315665488811,0.0,1.0,0.7375588928150766,0.5033955857385399,0.0,0.7931654676258992,0.964929906002448,0.8068315665488811,0.0
VCL,43,0.5190210337544942,novel,1.0,False,0.9575971731448764,0.5555555555555556,0.7258064516129032,0.243994022142051,0.75,0.0935251798561151,0.0,0.7385159010600707,0.8758169934640523,0.3792697290930507,0.25,1.0,0.7565763643502159,0.7258064516129032,0.4969970110710255,0.0467625899280575,0.8071664472620614,0.3792697290930507,0.25
TAF1A,44,0.5132624916707546,novel,1.0,False,0.7950530035335689,0.9583333333333334,0.0865874363327674,0.0,0.0,0.5539568345323741,1.0,0.8021201413427562,0.8954248366013072,0.9199057714958776,0.2,1.0,0.8766931684334511,0.0865874363327674,0.0,0.7769784172661871,0.8487724889720317,0.9199057714958776,0.2
TSEN34,45,0.5128920414162568,novel,1.0,False,0.5936395759717314,0.6805555555555556,0.5780984719864177,0.0,0.0,0.9388489208633094,1.0,0.8692579505300353,0.9934640522875816,0.7008244994110718,0.0,1.0,0.6370975657636435,0.5780984719864177,0.0,0.9694244604316546,0.9313610014088084,0.7008244994110718,0.0
POLR1G,46,0.5120490207812082,novel,1.0,False,0.568904593639576,0.5138888888888888,0.6366723259762309,0.0,0.0,0.8561151079136691,1.0,0.342756183745583,0.6078431372549019,0.767962308598351,0.25,0.0,0.5413967412642324,0.6366723259762309,0.0,0.9280575539568344,0.4752996605002424,0.767962308598351,0.25
TOP1,47,0.5103406877300735,approved_sm_drug,0.0,False,0.3745583038869258,1.0,0.0212224108658743,0.0,0.0,0.8741007194244604,1.0,0.6925795053003534,0.8758169934640523,0.1967020023557125,1.0,0.0,0.6872791519434629,0.0212224108658743,0.0,0.9370503597122302,0.7841982493822028,0.1967020023557125,1.0
MED26,48,0.5101713274974528,novel,1.0,False,0.5159010600706714,0.8333333333333334,0.2529711375212223,0.2162841332572171,0.25,0.6762589928057554,1.0,0.5759717314487632,0.9084967320261438,0.7550058892815077,0.25,1.0,0.6746171967020024,0.2529711375212223,0.2331420666286086,0.8381294964028777,0.7422342317374535,0.7550058892815077,0.25
TRAPPC13,49,0.5085222413607534,novel,1.0,False,0.9328621908127208,0.4583333333333333,0.7988115449915111,0.0,0.0,0.7230215827338129,1.0,0.3250883392226148,0.7124183006535948,0.5559481743227326,0.0,1.0,0.695597762073027,0.7988115449915111,0.0,0.8615107913669064,0.5187533199381048,0.5559481743227326,0.0
ARHGAP11A,50,0.5073662291998514,novel,1.0,False,0.4134275618374558,0.2361111111111111,0.8556876061120544,0.0,0.0,0.7338129496402878,1.0,0.96113074204947,0.9803921568627452,0.934040047114252,0.0,1.0,0.3247693364742834,0.8556876061120544,0.0,0.8669064748201438,0.9707614494561077,0.934040047114252,0.0
HSCB,51,0.5072762661288884,novel,1.0,False,0.7879858657243817,0.8194444444444444,0.3285229202037352,0.2062881717711062,0.25,0.6726618705035972,1.0,0.4770318021201413,0.9215686274509804,0.724381625441696,0.0,1.0,0.803715155084413,0.3285229202037352,0.2281440858855531,0.8363309352517986,0.6993002147855609,0.724381625441696,0.0
LYRM4,52,0.5061165082381652,novel,1.0,False,0.8303886925795053,1.0,0.0246179966044142,0.2729519796380374,0.25,0.3669064748201439,1.0,0.5936395759717314,0.9673202614379084,0.673733804475854,0.25,1.0,0.9151943462897528,0.0246179966044142,0.2614759898190187,0.6834532374100719,0.7804799187048199,0.673733804475854,0.25
BRAT1,53,0.5051913901494849,novel,1.0,False,0.8586572438162544,0.6388888888888888,0.631578947368421,0.0,0.0,0.9316546762589928,1.0,0.7102473498233216,0.9084967320261438,0.4075382803297998,0.0,1.0,0.7487730663525716,0.631578947368421,0.0,0.9658273381294964,0.8093720409247327,0.4075382803297998,0.0
PTPMT1,54,0.5038879734200147,novel,1.0,False,0.5759717314487632,0.7222222222222222,0.4601018675721562,0.2951960390512154,0.25,0.9136690647482014,1.0,0.5724381625441696,0.9411764705882352,0.6195524146054181,0.0,1.0,0.6490969768354927,0.4601018675721562,0.2725980195256077,0.9568345323741008,0.7568073165662024,0.6195524146054181,0.0
CYFIP1,55,0.5034721693679708,novel,1.0,False,0.7597173144876325,0.375,0.8438030560271648,0.0,0.0,0.0755395683453237,0.0,0.9293286219081272,0.9869281045751634,0.4016489988221437,0.6,1.0,0.5673586572438163,0.8438030560271648,0.0,0.0377697841726618,0.9581283632416452,0.4016489988221437,0.6
VHL,56,0.5033591228959924,has_sm_chemistry,0.5,False,0.0318021201413427,0.8472222222222222,0.267402376910017,0.0,0.0,0.7697841726618705,1.0,0.6042402826855123,0.8300653594771242,0.6183745583038869,0.8,0.0,0.4395121711817825,0.267402376910017,0.0,0.8848920863309353,0.7171528210813183,0.6183745583038869,0.8
SKA1,57,0.5021126443084594,novel,1.0,False,0.6113074204946997,0.7361111111111112,0.3811544991511035,0.0,0.0,0.5755395683453237,1.0,0.9893992932862192,0.9934640522875816,0.9646643109540636,0.0,1.0,0.6737092658029054,0.3811544991511035,0.0,0.7877697841726619,0.9914316727869004,0.9646643109540636,0.0
MAK16,58,0.5012887540726096,novel,1.0,False,0.7102473498233216,1.0,0.0,0.0,0.0,0.7913669064748201,1.0,0.6819787985865724,0.9477124183006536,0.8374558303886926,0.25,1.0,0.8551236749116609,0.0,0.0,0.89568345323741,0.814845608443613,0.8374558303886926,0.25
SLC35B2,59,0.49937353554956304,novel,1.0,False,0.4664310954063604,0.3472222222222222,0.7750424448217318,0.3921665031335098,0.25,0.6223021582733813,1.0,0.8939929328621908,0.9934640522875816,0.5700824499411072,0.0,1.0,0.4068266588142913,0.7750424448217318,0.3210832515667549,0.8111510791366907,0.9437284925748862,0.5700824499411072,0.0
FRS2,60,0.49688629332051504,novel,1.0,False,0.8975265017667845,0.2361111111111111,0.9049235993208828,0.0,0.0,0.6079136690647482,1.0,0.381625441696113,0.7124183006535948,0.5936395759717314,0.0,1.0,0.5668188064389478,0.9049235993208828,0.0,0.8039568345323741,0.5470218711748539,0.5936395759717314,0.0
EAF1,61,0.4966784583131471,novel,1.0,False,0.9045936395759716,0.625,0.6400679117147707,0.0,0.0,0.4172661870503597,1.0,0.3321554770318021,0.7450980392156863,0.6855123674911661,0.0,1.0,0.7647968197879859,0.6400679117147707,0.0,0.7086330935251799,0.5386267581237442,0.6855123674911661,0.0
SURF4,62,0.49606619291078163,novel,1.0,False,0.950530035335689,0.2916666666666667,0.9312393887945672,0.0,0.0,0.2877697841726618,1.0,0.9045936395759716,0.9934640522875816,0.3510011778563015,0.0,1.0,0.6210983510011778,0.9312393887945672,0.0,0.6438848920863309,0.9490288459317766,0.3510011778563015,0.0
TARS1,63,0.4955143223604446,novel,1.0,False,0.2473498233215547,1.0,0.0,0.0,0.0,0.6870503597122302,1.0,0.6431095406360424,0.934640522875817,0.5818610129564193,0.8,1.0,0.6236749116607774,0.0,0.0,0.8435251798561151,0.7888750317559297,0.5818610129564193,0.8
CHMP7,64,0.4944132295228732,novel,1.0,False,0.7067137809187279,0.7638888888888888,0.4524617996604414,0.363451500654135,0.25,0.6330935251798561,1.0,0.4098939929328622,0.7908496732026143,0.5653710247349824,0.0,1.0,0.7353013349038084,0.4524617996604414,0.3067257503270675,0.8165467625899281,0.6003718330677383,0.5653710247349824,0.0
ALG1,65,0.4937351688826788,novel,1.0,False,0.8904593639575972,0.9583333333333334,0.1544991511035653,0.0,0.0,0.6546762589928058,1.0,0.773851590106007,0.954248366013072,0.7714958775029447,0.0,1.0,0.9243963486454652,0.1544991511035653,0.0,0.8273381294964028,0.8640499780595394,0.7714958775029447,0.0
VBP1,66,0.4936935154705441,novel,1.0,False,0.3215547703180212,0.7916666666666666,0.4032258064516129,0.4176503122073334,0.25,0.935251798561151,1.0,0.4911660777385159,0.9738562091503268,0.414605418138987,0.25,1.0,0.5566107184923439,0.4032258064516129,0.3338251561036667,0.9676258992805756,0.7325111434444214,0.414605418138987,0.25
ACTR3,67,0.4927554616102219,novel,1.0,False,0.4734982332155477,0.7361111111111112,0.4015280135823429,0.2277066271946903,0.75,0.118705035971223,0.0,0.901060070671378,0.9869281045751634,0.4004711425206124,0.6,1.0,0.6048046721633294,0.4015280135823429,0.4888533135973451,0.0593525179856115,0.9439940876232708,0.4004711425206124,0.6
ZNF593,68,0.4924993052695504,novel,1.0,False,0.0530035335689045,0.5555555555555556,0.6069609507640068,0.0,0.0,0.9280575539568344,1.0,0.5441696113074205,0.954248366013072,0.931095406360424,0.25,1.0,0.3042795445622301,0.6069609507640068,0.0,0.9640287769784172,0.7492089886602462,0.931095406360424,0.25
GPX4,69,0.49182146637864727,novel,1.0,False,0.939929328621908,0.8888888888888888,0.2945670628183361,0.0,0.0,0.3093525179856115,1.0,0.2968197879858657,0.8627450980392157,0.0895170789163722,0.6,1.0,0.9144091087553984,0.2945670628183361,0.0,0.6546762589928058,0.5797824430125407,0.0895170789163722,0.6
NOC3L,70,0.4894362282081456,novel,1.0,False,0.508833922261484,0.9166666666666666,0.2258064516129032,0.0,0.0,0.4784172661870504,1.0,0.5901060070671378,0.9673202614379084,0.8492343934040046,0.25,0.0,0.7127502944640753,0.2258064516129032,0.0,0.7392086330935252,0.7787131342525231,0.8492343934040046,0.25
H3C8,71,0.4863402025038994,novel,1.0,False,0.4275618374558304,0.7222222222222222,0.5144312393887946,0.0,0.0,0.6798561151079137,1.0,0.9752650176678446,0.9869281045751634,0.7891637220259128,0.0,1.0,0.5748920298390263,0.5144312393887946,0.0,0.8399280575539568,0.981096561121504,0.7891637220259128,0.0
PTPN11,72,0.4862373251508597,has_sm_chemistry,0.5,True,0.469964664310954,0.9166666666666666,0.2597623089983022,0.0,0.0,0.2913669064748201,1.0,0.0918727915194346,0.4313725490196078,0.1978798586572438,1.0,0.0,0.6933156654888104,0.2597623089983022,0.0,0.64568345323741,0.2616226702695212,0.1978798586572438,1.0
FOXK1,73,0.48501859563525046,novel,1.0,False,0.5123674911660777,0.2777777777777778,0.8378607809847198,0.2841965377037721,0.25,0.8093525179856115,1.0,0.2508833922261484,0.673202614379085,0.6289752650176678,0.0,1.0,0.3950726344719277,0.8378607809847198,0.267098268851886,0.9046762589928056,0.4620430033026167,0.6289752650176678,0.0
CCNK,74,0.4840385126263291,novel,1.0,False,0.3886925795053003,1.0,0.0016977928692699,0.0,0.0,0.4460431654676259,1.0,0.5795053003533569,0.8562091503267973,0.7608951707891638,0.6,0.0,0.6943462897526502,0.0016977928692699,0.0,0.7230215827338129,0.7178572253400771,0.7608951707891638,0.6
AK6,75,0.48352464372268256,novel,1.0,False,0.0812720848056537,1.0,0.099320882852292,0.2233919430922808,0.25,0.8309352517985612,1.0,0.254416961130742,0.7908496732026143,0.6183745583038869,0.6,1.0,0.5406360424028268,0.099320882852292,0.2366959715461404,0.9154676258992808,0.5226333171666782,0.6183745583038869,0.6
SPOUT1,76,0.48336318865769273,novel,1.0,False,0.9151943462897526,1.0,0.0016977928692699,0.0,0.0,0.7877697841726619,1.0,0.5653710247349824,0.9084967320261438,0.5276796230859836,0.25,1.0,0.9575971731448762,0.0016977928692699,0.0,0.8938848920863309,0.736933878380563,0.5276796230859836,0.25
PES1,77,0.48274494526549966,novel,1.0,False,0.7632508833922261,0.9861111111111112,0.0144312393887944,0.0,0.0,0.8237410071942446,1.0,0.6537102473498233,0.954248366013072,0.6136631330977621,0.25,1.0,0.8746809972516687,0.0144312393887944,0.0,0.9118705035971224,0.8039793066814476,0.6136631330977621,0.25
OSBP,78,0.4827263329365424,novel,1.0,False,0.215547703180212,0.5138888888888888,0.632427843803056,0.0,0.0,0.6258992805755396,1.0,0.4487632508833922,0.7777777777777778,0.441696113074205,0.6,1.0,0.3647182960345504,0.632427843803056,0.0,0.8129496402877698,0.613270514330585,0.441696113074205,0.6
ACTL6A,79,0.4814031783812881,novel,1.0,False,0.734982332155477,1.0,0.00339558573854,0.0,0.0,0.3776978417266187,1.0,0.9469964664310954,0.9934640522875816,0.740871613663133,0.25,0.0,0.8674911660777385,0.00339558573854,0.0,0.6888489208633093,0.9702302593593384,0.740871613663133,0.25
SYS1,80,0.4812123820181567,novel,1.0,False,0.8445229681978799,1.0,0.1052631578947368,0.0,0.0,0.420863309352518,1.0,0.8303886925795053,0.9934640522875816,0.8244994110718492,0.0,1.0,0.92226148409894,0.1052631578947368,0.0,0.710431654676259,0.9119263724335436,0.8244994110718492,0.0
SEPSECS,81,0.4807842489407574,novel,1.0,False,0.2438162544169611,0.625,0.5390492359932089,0.0,0.0,0.5719424460431655,1.0,0.5618374558303887,0.8627450980392157,0.8598351001177855,0.25,1.0,0.4344081272084805,0.5390492359932089,0.0,0.7859712230215827,0.7122912769348022,0.8598351001177855,0.25
KDM8,82,0.48066745063901467,novel,1.0,False,0.6289752650176679,0.6805555555555556,0.5212224108658744,0.0,0.0,0.6834532374100719,1.0,0.0848056537102473,0.1699346405228758,0.7349823321554769,0.25,1.0,0.6547654102866117,0.5212224108658744,0.0,0.841726618705036,0.1273701471165615,0.7349823321554769,0.25
WWTR1,83,0.47873217421908293,novel,1.0,False,0.5512367491166078,0.4027777777777778,0.7512733446519525,0.2452298446894919,0.5,0.1007194244604316,0.0,0.9540636042402828,0.9673202614379084,0.5959952885747939,0.25,1.0,0.4770072634471928,0.7512733446519525,0.3726149223447459,0.0503597122302158,0.9606919328390956,0.5959952885747939,0.25
EEFSEC,84,0.4785837055640532,novel,1.0,False,0.3674911660777385,0.6111111111111112,0.5475382003395586,0.0,0.0,0.697841726618705,1.0,0.7031802120141343,0.9411764705882352,0.597173144876325,0.25,1.0,0.4893011385944248,0.5475382003395586,0.0,0.8489208633093526,0.8221783413011847,0.597173144876325,0.25
TUBB,85,0.478393756405058,approved_sm_drug,0.0,False,0.4028268551236749,1.0,0.0356536502546688,0.4048558189006534,0.25,0.5,0.5,0.911660777385159,0.9803921568627452,0.1260306242638398,0.8,0.0,0.7014134275618374,0.0356536502546688,0.3274279094503267,0.5,0.946026467123952,0.1260306242638398,0.8
RAC1,86,0.47533195995717276,novel,1.0,False,0.6537102473498233,0.8888888888888888,0.2020373514431239,0.1994174228767862,0.25,0.2194244604316546,1.0,0.6678445229681979,0.9738562091503268,0.0530035335689046,0.6,0.0,0.7712995681193561,0.2020373514431239,0.2247087114383931,0.6097122302158273,0.8208503660592623,0.0530035335689046,0.6
RABGGTB,87,0.47483382465807217,novel,1.0,False,0.7526501766784452,1.0,0.0059422750424448,0.0,0.0,0.3273381294964029,1.0,0.1590106007067137,0.5686274509803921,0.574793875147232,0.6,1.0,0.8763250883392226,0.0059422750424448,0.0,0.6636690647482014,0.3638190258435529,0.574793875147232,0.6
UFC1,88,0.47460638826086354,novel,1.0,False,0.5335689045936396,0.3611111111111111,0.7707979626485569,0.0,0.0,0.4064748201438849,1.0,0.3674911660777385,0.9738562091503268,0.4016489988221437,0.35,1.0,0.4473400078523754,0.7707979626485569,0.0,0.7032374100719425,0.6706736876140327,0.4016489988221437,0.35
NUP35,89,0.4720784757798835,novel,1.0,False,0.431095406360424,0.5972222222222222,0.5984719864176571,0.0,0.0,0.381294964028777,1.0,0.8515901060070671,0.9869281045751634,0.8386336866902239,0.0,1.0,0.5141588142913232,0.5984719864176571,0.0,0.6906474820143885,0.9192591052911152,0.8386336866902239,0.0
UBA5,90,0.47057218918290417,novel,1.0,False,0.6713780918727915,0.7222222222222222,0.4813242784380306,0.0,0.0,0.5611510791366906,1.0,0.2791519434628975,0.6928104575163399,0.4734982332155477,0.25,1.0,0.6968001570475069,0.4813242784380306,0.0,0.7805755395683454,0.4859812004896187,0.4734982332155477,0.25
KLF16,91,0.4691113086305318,novel,1.0,False,0.8798586572438163,0.4583333333333333,0.7809847198641766,0.0,0.0,0.5899280575539568,1.0,0.03886925795053,0.0522875816993464,0.6442873969375736,0.0,1.0,0.6690959952885748,0.7809847198641766,0.0,0.7949640287769784,0.0455784198249382,0.6442873969375736,0.0
POLR1H,92,0.4685733901262466,novel,1.0,False,0.9081272084805654,0.9861111111111112,0.064516129032258,0.0,0.0,0.2589928057553957,1.0,0.8798586572438163,0.9934640522875816,0.4570082449941107,0.25,1.0,0.9471191597958384,0.064516129032258,0.0,0.6294964028776978,0.936661354765699,0.4570082449941107,0.25
CCT4,93,0.4673033794614745,novel,1.0,False,0.7915194346289752,1.0,0.0,0.2446913245957829,0.25,0.841726618705036,1.0,0.6183745583038869,0.9869281045751634,0.209658421672556,0.25,1.0,0.8957597173144876,0.0,0.2473456622978914,0.920863309352518,0.8026513314395252,0.209658421672556,0.25
PNO1,94,0.4671594533106966,novel,1.0,False,0.3639575971731448,1.0,0.0042444821731747,0.0,0.0,0.8705035971223022,1.0,0.8621908127208481,0.9869281045751634,0.7926972909305064,0.25,1.0,0.6819787985865724,0.0042444821731747,0.0,0.935251798561151,0.9245594586480056,0.7926972909305064,0.25
GRB2,95,0.46632739742909834,has_sm_chemistry,0.5,False,0.6855123674911661,0.9305555555555556,0.2852292020373514,0.297921909513224,0.25,0.079136690647482,0.0,0.2296819787985865,0.7516339869281046,0.1790341578327443,0.8,0.0,0.8080339615233608,0.2852292020373514,0.273960954756612,0.039568345323741,0.4906579828633455,0.1790341578327443,0.8
RPL26L1,96,0.4658504174309682,novel,1.0,False,0.3321554770318021,0.4583333333333333,0.6782682512733447,0.2024364908998291,0.25,0.316546762589928,1.0,0.8586572438162544,0.9934640522875816,0.7043580683156655,0.0,1.0,0.3952444051825677,0.6782682512733447,0.2262182454499145,0.658273381294964,0.926060648051918,0.7043580683156655,0.0
CCT6A,97,0.4640142022471538,novel,1.0,False,0.8939929328621908,1.0,0.0016977928692699,0.0,0.0,0.9964028776978416,1.0,0.833922261484099,0.9869281045751634,0.1908127208480565,0.25,1.0,0.9469964664310956,0.0016977928692699,0.0,0.9982014388489208,0.9104251830296312,0.1908127208480565,0.25
BARD1,98,0.4628733390929184,novel,1.0,False,0.3003533568904594,0.9166666666666666,0.2028862478777588,0.0,0.0,0.9568345323741008,1.0,0.9575971731448764,1.0,0.8680800942285041,0.0,0.0,0.608510011778563,0.2028862478777588,0.0,0.9784172661870504,0.9787985865724382,0.8680800942285041,0.0
HAUS2,99,0.46166928124471174,novel,1.0,False,0.7809187279151943,0.9861111111111112,0.0560271646859084,0.0,0.0,0.5935251798561151,1.0,0.696113074204947,0.954248366013072,0.7844522968197879,0.0,1.0,0.8835149195131528,0.0560271646859084,0.0,0.7967625899280575,0.8251807201090094,0.7844522968197879,0.0
GOLT1B,100,0.461652648899475,novel,1.0,False,0.872791519434629,0.3888888888888889,0.8123938879456707,0.0,0.0,0.4568345323741007,1.0,0.4063604240282685,0.8235294117647058,0.3404004711425206,0.0,1.0,0.6308402041617589,0.8123938879456707,0.0,0.7284172661870504,0.6149449178964872,0.3404004711425206,0.0
PPP2R1A,101,0.4615638944216287,novel,1.0,False,0.7279151943462897,0.9722222222222222,0.2207130730050933,0.2288698720673794,0.25,0.9784172661870504,1.0,0.1766784452296819,0.5620915032679739,0.1201413427561837,0.25,1.0,0.850068708284256,0.2207130730050933,0.2394349360336897,0.9892086330935252,0.3693849742488279,0.1201413427561837,0.25
ODR4,102,0.4604363748974014,novel,1.0,False,0.6819787985865724,0.2777777777777778,0.8446519524617997,0.0,0.0,0.6115107913669064,1.0,0.2579505300353357,0.6143790849673203,0.6171967020023558,0.0,1.0,0.4798782881821751,0.8446519524617997,0.0,0.8057553956834532,0.436164807501328,0.6171967020023558,0.0
MED11,103,0.4594388326379013,novel,1.0,False,0.6042402826855123,1.0,0.0,0.0,0.0,0.6187050359712231,1.0,0.6360424028268551,0.9738562091503268,0.67962308598351,0.25,1.0,0.8021201413427561,0.0,0.0,0.8093525179856116,0.8049493059885909,0.67962308598351,0.25
TM2D2,104,0.45772906482458087,novel,1.0,False,0.3286219081272085,0.2222222222222222,0.866723259762309,0.0,0.0,0.6618705035971223,1.0,0.7968197879858657,0.9934640522875816,0.6796230859835101,0.0,1.0,0.2754220651747153,0.866723259762309,0.0,0.8309352517985611,0.8951419201367237,0.6796230859835101,0.0
POP7,105,0.4576210034510082,novel,1.0,False,0.8409893992932862,0.9583333333333334,0.1757215619694397,0.0,0.0,0.9856115107913668,1.0,0.4664310954063604,0.8888888888888888,0.4452296819787986,0.0,1.0,0.8996613663133097,0.1757215619694397,0.0,0.9928057553956836,0.6776599921476246,0.4452296819787986,0.0
MTOR,106,0.4560100099054667,approved_sm_drug,0.0,False,0.0742049469964664,1.0,0.0135823429541596,0.0,0.0,0.5575539568345323,1.0,0.1166077738515901,0.3594771241830065,0.519434628975265,1.0,0.0,0.5371024734982333,0.0135823429541596,0.0,0.7787769784172662,0.2380424490172983,0.519434628975265,1.0
PRKRA,107,0.455551253440408,novel,1.0,False,0.8021201413427562,0.7638888888888888,0.433786078098472,0.0,0.0,0.7949640287769785,1.0,0.3780918727915194,0.9084967320261438,0.3816254416961131,0.0,1.0,0.7830045151158225,0.433786078098472,0.0,0.8974820143884892,0.6432943024088316,0.3816254416961131,0.0
ARMC5,108,0.45538145216505055,novel,1.0,False,0.5406360424028268,0.4027777777777778,0.7733446519524618,0.0,0.0,0.7266187050359713,1.0,0.1378091872791519,0.3594771241830065,0.7550058892815077,0.0,1.0,0.4717069100903023,0.7733446519524618,0.0,0.8633093525179856,0.2486431557310792,0.7550058892815077,0.0
FXN,109,0.4550794759909089,novel,1.0,False,0.1554770318021201,0.8333333333333334,0.3149405772495756,0.0,0.0,0.6294964028776978,1.0,0.607773851590106,0.9673202614379084,0.7915194346289752,0.25,0.0,0.4944051825677267,0.3149405772495756,0.0,0.814748201438849,0.7875470565140072,0.7915194346289752,0.25
ELAC2,110,0.454824918681828,novel,1.0,False,0.6925795053003534,1.0,0.0543293718166384,0.0,0.0,0.802158273381295,1.0,0.392226148409894,0.8169934640522876,0.5041224970553593,0.25,1.0,0.8462897526501767,0.0543293718166384,0.0,0.9010791366906474,0.6046098062310907,0.5041224970553593,0.25
EIF3B,111,0.454035849682341,novel,1.0,False,0.784452296819788,1.0,0.0,0.0,0.0,0.9820143884892086,1.0,0.7526501766784452,0.9477124183006536,0.2614840989399293,0.25,1.0,0.892226148409894,0.0,0.0,0.9910071942446044,0.8501812974895494,0.2614840989399293,0.25
POLE2,112,0.4523596124517272,approved_sm_drug,0.0,False,0.1943462897526501,1.0,0.0042444821731747,0.0,0.0,0.5683453237410072,1.0,0.9681978798586572,0.9934640522875816,0.944640753828033,0.25,0.0,0.5971731448763251,0.0042444821731747,0.0,0.7841726618705036,0.9808309660731194,0.944640753828033,0.25
TIMM22,113,0.4523132062223293,novel,1.0,False,0.1236749116607773,0.7222222222222222,0.397283531409168,0.0,0.0,0.8884892086330936,1.0,0.431095406360424,0.8496732026143791,0.7550058892815077,0.25,1.0,0.4229485669414998,0.397283531409168,0.0,0.9442446043165468,0.6403843044874016,0.7550058892815077,0.25
EPRS1,114,0.45229291132777805,novel,1.0,False,0.5795053003533569,1.0,0.0,0.2519411732965824,0.25,0.7805755395683454,1.0,0.4169611307420495,0.8431372549019608,0.4216725559481744,0.25,1.0,0.7897526501766785,0.0,0.2509705866482912,0.8902877697841727,0.6300491928220051,0.4216725559481744,0.25
AASDHPPT,115,0.4517563475418404,novel,1.0,False,0.392226148409894,0.2777777777777778,0.8497453310696095,0.1999442366882254,0.25,0.6474820143884892,1.0,0.1519434628975265,0.3856209150326797,0.3498233215547703,0.25,1.0,0.3350019630938359,0.8497453310696095,0.2249721183441127,0.8237410071942446,0.2687821889651031,0.3498233215547703,0.25
PPP1CB,116,0.4507333476439097,novel,1.0,False,0.6325088339222615,1.0,0.0152801358234295,0.3946614002682408,0.25,0.9892086330935252,1.0,0.8763250883392226,0.9803921568627452,0.3250883392226149,0.0,1.0,0.8162544169611308,0.0152801358234295,0.3223307001341204,0.9946043165467626,0.928358622600984,0.3250883392226149,0.0
WDHD1,117,0.4505513674314113,novel,1.0,False,0.0459363957597173,1.0,0.0042444821731747,0.2685248864368145,0.25,0.5503597122302158,1.0,0.8904593639575972,0.9019607843137256,0.8763250883392226,0.25,1.0,0.5229681978798587,0.0042444821731747,0.2592624432184073,0.775179856115108,0.8962100741356613,0.8763250883392226,0.25
VCP,118,0.44884563228652163,has_sm_chemistry,0.5,False,0.1378091872791519,1.0,0.0,0.0,0.0,0.3920863309352518,1.0,0.5865724381625441,0.8627450980392157,0.2084805653710247,1.0,0.0,0.568904593639576,0.0,0.0,0.6960431654676259,0.7246587681008799,0.2084805653710247,1.0
PFDN4,119,0.4485208674436364,novel,1.0,False,0.5830388692579506,0.25,0.8522920203735145,0.4457902960104493,0.25,0.1546762589928057,0.0,0.2084805653710247,0.6601307189542484,0.6207302709069493,0.25,0.0,0.4165194346289753,0.8522920203735145,0.3478951480052247,0.0773381294964028,0.4343056421626365,0.6207302709069493,0.25
PSTK,120,0.44725827391341016,novel,1.0,False,0.4522968197879858,0.625,0.5534804753820034,0.2896386242806837,0.25,0.5467625899280576,1.0,0.0424028268551236,0.2156862745098039,0.7656065959952886,0.0,1.0,0.538648409893993,0.5534804753820034,0.2698193121403418,0.7733812949640289,0.1290445506824638,0.7656065959952886,0.0
SNAPC1,121,0.44703501640778376,novel,1.0,False,0.2756183745583039,1.0,0.0025466893039047,0.0,0.0,0.7086330935251799,1.0,0.7597173144876325,0.9673202614379084,0.8256772673733804,0.25,1.0,0.6378091872791519,0.0025466893039047,0.0,0.85431654676259,0.8635187879627704,0.8256772673733804,0.25
C19orf25,122,0.4468138154023471,novel,1.0,False,0.3498233215547703,0.2638888888888889,0.8811544991511036,0.0,0.0,0.8848920863309353,1.0,0.1978798586572438,0.6928104575163399,0.6643109540636042,0.0,1.0,0.3068561052218296,0.8811544991511036,0.0,0.9424460431654677,0.4453451580867918,0.6643109540636042,0.0
KRTAP21-1,123,0.44627951821250356,novel,1.0,False,0.8162544169611308,0.2083333333333333,0.9235993208828523,0.0,0.0,0.5,0.5,0.0494699646643109,0.0261437908496732,0.8286219081272085,0.0,1.0,0.512293875147232,0.9235993208828523,0.0,0.5,0.037806877756992,0.8286219081272085,0.0
FARSA,124,0.4453471861082404,novel,1.0,False,0.2720848056537102,0.9861111111111112,0.0424448217317487,0.0,0.0,0.9640287769784172,1.0,0.3568904593639576,0.7581699346405228,0.3639575971731448,0.6,1.0,0.6290979583824107,0.0424448217317487,0.0,0.9820143884892086,0.5575301970022402,0.3639575971731448,0.6
DPH3,125,0.44506989215943105,novel,1.0,False,0.7455830388692579,0.9722222222222222,0.0509337860780984,0.0,0.0,0.5,1.0,0.6855123674911661,0.9738562091503268,0.7432273262661956,0.0,1.0,0.8589026305457401,0.0509337860780984,0.0,0.75,0.8296842883207465,0.7432273262661956,0.0
LSM6,126,0.44503067969242355,novel,1.0,False,0.6466431095406361,1.0,0.0246179966044142,0.4170972043351938,0.25,0.1510791366906475,0.0,0.6643109540636042,0.9803921568627452,0.8091872791519436,0.25,1.0,0.8233215547703181,0.0246179966044142,0.3335486021675969,0.0755395683453237,0.8223515554631746,0.8091872791519436,0.25
PDCD5,127,0.4424916672311555,novel,1.0,False,0.7561837455830389,0.5694444444444444,0.6069609507640068,0.0,0.0,0.9928057553956836,1.0,0.1908127208480565,0.7450980392156863,0.2650176678445229,0.0,1.0,0.6628140950137417,0.6069609507640068,0.0,0.9964028776978416,0.4679553800318714,0.2650176678445229,0.0
NELFA,128,0.4414458331364995,novel,1.0,False,0.6360424028268551,1.0,0.0874363327674023,0.0,0.0,0.8669064748201439,1.0,0.293286219081272,0.7058823529411765,0.431095406360424,0.25,1.0,0.8180212014134276,0.0874363327674023,0.0,0.933453237410072,0.4995842860112243,0.431095406360424,0.25
MSTO1,129,0.4404799848259297,novel,1.0,False,0.127208480565371,0.9305555555555556,0.2071307300509337,0.4556980061968257,0.25,0.8057553956834532,1.0,0.2862190812720848,0.6601307189542484,0.8457008244994112,0.0,1.0,0.5288820180604633,0.2071307300509337,0.3528490030984128,0.9028776978417266,0.4731749001131665,0.8457008244994112,0.0
FAM50A,130,0.44047309082996344,novel,1.0,False,0.8551236749116607,0.6805555555555556,0.5891341256366724,0.0,0.0,0.237410071942446,1.0,0.1731448763250883,0.4640522875816993,0.1648998822143698,0.25,1.0,0.7678396152336082,0.5891341256366724,0.0,0.6187050359712231,0.3185985819533938,0.1648998822143698,0.25
SETD5,131,0.4402853488691984,novel,1.0,False,0.7773851590106007,0.2916666666666667,0.8378607809847198,0.0,0.0,0.9712230215827338,1.0,0.3003533568904594,0.5490196078431373,0.1919905771495877,0.0,1.0,0.5345259128386337,0.8378607809847198,0.0,0.9856115107913668,0.4246864823667983,0.1919905771495877,0.0
RAB1A,132,0.4393279334366122,novel,1.0,False,0.7031802120141343,0.25,0.8718166383701189,0.0,0.0,0.2086330935251798,1.0,0.4028268551236749,0.9477124183006536,0.1189634864546525,0.25,1.0,0.4765901060070671,0.8718166383701189,0.0,0.60431654676259,0.6752696367121642,0.1189634864546525,0.25
NUBP2,133,0.43797430401105675,novel,1.0,False,0.4240282685512367,0.9166666666666666,0.2920203735144312,0.0,0.0,0.960431654676259,1.0,0.5371024734982333,0.9477124183006536,0.5394581861012956,0.0,1.0,0.6703474676089517,0.2920203735144312,0.0,0.9802158273381296,0.7424074458994434,0.5394581861012956,0.0
NOLC1,134,0.437808717904902,novel,1.0,False,0.9434628975265018,0.75,0.5662139219015281,0.0,0.0,0.3741007194244604,1.0,0.1342756183745583,0.3986928104575163,0.32037691401649,0.0,1.0,0.8467314487632509,0.5662139219015281,0.0,0.6870503597122302,0.2664842144160373,0.32037691401649,0.0
TIMM10,135,0.43769498635837045,novel,1.0,False,0.6219081272084805,0.9861111111111112,0.0755517826825128,0.0,0.0,0.4352517985611511,1.0,0.5477031802120141,0.9738562091503268,0.4911660777385158,0.25,1.0,0.8040096191597959,0.0755517826825128,0.0,0.7176258992805755,0.7607796946811705,0.4911660777385158,0.25
POLR1E,136,0.4376304833326909,novel,1.0,False,0.0883392226148409,0.8611111111111112,0.2597623089983022,0.0,0.0,0.60431654676259,1.0,0.6325088339222615,0.934640522875817,0.7820965842167255,0.25,1.0,0.474725166862976,0.2597623089983022,0.0,0.802158273381295,0.7835746783990393,0.7820965842167255,0.25
BCCIP,137,0.43759050719553216,novel,1.0,False,0.911660777385159,0.875,0.3005093378607809,0.0,0.0,0.3884892086330935,1.0,0.1696113074204947,0.6666666666666666,0.5288574793875147,0.0,1.0,0.8933303886925795,0.3005093378607809,0.0,0.6942446043165468,0.4181389870435806,0.5288574793875147,0.0
PPRC1,138,0.43758807452222387,novel,1.0,False,0.5653710247349824,0.6388888888888888,0.5398981324278438,0.0,0.0,0.579136690647482,1.0,0.2261484098939929,0.5228758169934641,0.690223792697291,0.0,1.0,0.6021299568119356,0.5398981324278438,0.0,0.789568345323741,0.3745121134437285,0.690223792697291,0.0
NHLRC2,139,0.43648879686586545,novel,1.0,False,0.901060070671378,0.7777777777777778,0.4159592529711375,0.0,0.0,0.4316546762589928,1.0,0.1095406360424028,0.2418300653594771,0.5759717314487632,0.0,1.0,0.839418924224578,0.4159592529711375,0.0,0.7158273381294964,0.1756853507009399,0.5759717314487632,0.0
NUP54,140,0.4364819208298042,novel,1.0,False,0.4911660777385159,0.9027777777777778,0.2020373514431239,0.2107938982489581,0.25,0.7014388489208633,1.0,0.6501766784452296,0.9477124183006536,0.464075382803298,0.0,1.0,0.6969719277581469,0.2020373514431239,0.230396949124479,0.8507194244604317,0.7989445483729416,0.464075382803298,0.0
HJV,141,0.43601801547471375,novel,1.0,False,0.4946996466431095,0.4166666666666667,0.7402376910016978,0.2216915309456645,0.25,0.7158273381294964,1.0,0.0106007067137809,0.0196078431372549,0.5806831566548881,0.0,1.0,0.4556831566548881,0.7402376910016978,0.2358457654728322,0.8579136690647482,0.0151042749255179,0.5806831566548881,0.0
HAUS4,142,0.43506337406784396,novel,1.0,False,0.607773851590106,1.0,0.0008488964346348,0.2215991051064679,0.25,0.4712230215827338,1.0,0.6996466431095406,0.9411764705882352,0.6277974087161367,0.0,1.0,0.8038869257950529,0.0008488964346348,0.2357995525532339,0.7356115107913669,0.8204115568488879,0.6277974087161367,0.0
NELFCD,143,0.43451434353912755,novel,1.0,False,0.3462897526501767,0.8611111111111112,0.265704584040747,0.0,0.0,0.9676258992805756,1.0,0.5123674911660777,0.9215686274509804,0.3616018845700825,0.25,0.0,0.6037004318806439,0.265704584040747,0.0,0.9838129496402878,0.716968059308529,0.3616018845700825,0.25
RRP15,144,0.4337944290623035,novel,1.0,False,0.2862190812720848,1.0,0.0237691001697791,0.0,0.0,0.5143884892086331,1.0,0.9151943462897526,0.9607843137254902,0.7184923439340399,0.25,1.0,0.6431095406360424,0.0237691001697791,0.0,0.7571942446043165,0.9379893300076214,0.7184923439340399,0.25
PSMG4,145,0.4332062509773159,novel,1.0,False,0.8657243816254417,0.9861111111111112,0.0577249575551783,0.0,0.0,0.8920863309352518,1.0,0.0600706713780918,0.1699346405228758,0.7373380447585394,0.0,1.0,0.9259177463682764,0.0577249575551783,0.0,0.946043165467626,0.1150026559504838,0.7373380447585394,0.0
SRF,146,0.43240483641889776,novel,1.0,False,0.6643109540636042,0.7083333333333334,0.5382003395585739,0.1958806235367555,0.25,0.3848920863309352,1.0,0.127208480565371,0.4313725490196078,0.4028268551236749,0.0,1.0,0.6863221436984688,0.5382003395585739,0.2229403117683777,0.6924460431654677,0.2792905147924894,0.4028268551236749,0.0
TMED2,147,0.43208375081907663,novel,1.0,False,0.7208480565371025,0.7361111111111112,0.4049235993208828,0.0,0.0,0.2338129496402877,1.0,0.9257950530035336,0.9934640522875816,0.4110718492343934,0.0,1.0,0.7284795838241068,0.4049235993208828,0.0,0.6169064748201438,0.9596295526455576,0.4110718492343934,0.0
ORC4,148,0.43172466705711643,novel,1.0,False,0.0918727915194346,0.6666666666666666,0.465195246179966,0.0,0.0,0.8489208633093526,1.0,0.568904593639576,0.8104575163398693,0.558303886925795,0.25,1.0,0.3792697290930506,0.465195246179966,0.0,0.9244604316546764,0.6896810549897227,0.558303886925795,0.25
INTS9,149,0.4313848376713304,novel,1.0,False,0.5865724381625441,1.0,0.0,0.0,0.0,0.7122302158273381,1.0,0.6890459363957597,0.9738562091503268,0.7385159010600706,0.0,1.0,0.7932862190812721,0.0,0.0,0.8561151079136691,0.8314510727730433,0.7385159010600706,0.0
NOB1,150,0.4312934175324446,novel,1.0,False,0.4982332155477031,1.0,0.0152801358234295,0.0,0.0,0.4748201438848921,1.0,0.5265017667844523,0.9477124183006536,0.6336866902237928,0.25,1.0,0.7491166077738516,0.0152801358234295,0.0,0.737410071942446,0.7371070925425529,0.6336866902237928,0.25
TCP1,151,0.4307456001525946,novel,1.0,False,0.8692579505300353,1.0,0.0,0.0,0.0,0.8633093525179856,1.0,0.2826855123674912,0.6601307189542484,0.2579505300353357,0.25,1.0,0.9346289752650176,0.0,0.0,0.9316546762589928,0.4714081156608697,0.2579505300353357,0.25
PPAN,152,0.42938087272847697,novel,1.0,False,0.7420494699646644,1.0,0.0093378607809847,0.0,0.0,0.4928057553956834,1.0,0.3215547703180212,0.6601307189542484,0.5182567726737338,0.25,1.0,0.8710247349823321,0.0093378607809847,0.0,0.7464028776978417,0.4908427446361347,0.5182567726737338,0.25
LONP1,153,0.4293581287911482,novel,1.0,False,0.1837455830388692,0.9861111111111112,0.0415959252971137,0.0,0.0,0.9532374100719424,1.0,0.2367491166077738,0.7254901960784313,0.3698468786808009,0.6,1.0,0.5849283470749902,0.0415959252971137,0.0,0.9766187050359711,0.4811196563431026,0.3698468786808009,0.6
RINT1,154,0.42850559343905614,novel,1.0,False,0.5547703180212014,1.0,0.0084889643463496,0.0,0.0,0.8992805755395683,1.0,0.657243816254417,0.9411764705882352,0.6666666666666666,0.0,1.0,0.7773851590106007,0.0084889643463496,0.0,0.9496402877697842,0.7992101434213261,0.6666666666666666,0.0
MZT2A,155,0.42817120734179154,novel,1.0,False,0.6395759717314488,0.4444444444444444,0.735144312393888,0.0,0.0,0.460431654676259,1.0,0.0318021201413427,0.1437908496732026,0.3274440518256772,0.25,1.0,0.5420102080879465,0.735144312393888,0.0,0.7302158273381295,0.0877964849072726,0.3274440518256772,0.25
HAUS3,156,0.4264779783133914,novel,1.0,False,0.8515901060070671,1.0,0.0118845500848896,0.0,0.0,0.3705035971223021,1.0,0.3886925795053003,0.7254901960784313,0.7314487632508834,0.0,1.0,0.9257950530035336,0.0118845500848896,0.0,0.685251798561151,0.5570913877918658,0.7314487632508834,0.0
NCKAP1,157,0.4262385588849541,novel,1.0,False,0.07773851590106,0.5555555555555556,0.5738539898132429,0.0,0.0,0.3057553956834532,1.0,0.3144876325088339,0.6339869281045751,0.3828032979976443,0.6,1.0,0.3166470357283078,0.5738539898132429,0.0,0.6528776978417266,0.4742372803067045,0.3828032979976443,0.6
RSAD1,158,0.425881965697547,novel,1.0,False,0.7314487632508834,0.3888888888888889,0.7869269949066214,0.0,0.0,0.89568345323741,1.0,0.0671378091872791,0.1111111111111111,0.3274440518256773,0.0,1.0,0.5601688260698862,0.7869269949066214,0.0,0.947841726618705,0.0891244601491951,0.3274440518256773,0.0
CSH2,159,0.4255562086131374,novel,1.0,False,0.5971731448763251,0.3888888888888889,0.7283531409168083,0.0,0.0,0.5,0.5,0.0494699646643109,0.0392156862745098,0.9835100117785628,0.0,1.0,0.493031016882607,0.7283531409168083,0.0,0.5,0.0443428254694103,0.9835100117785628,0.0
RRP1,160,0.42441260189955504,novel,1.0,False,0.4346289752650176,0.9444444444444444,0.0738539898132427,0.0,0.0,0.5107913669064749,1.0,0.3992932862190813,0.803921568627451,0.6702002355712603,0.25,1.0,0.689536709854731,0.0738539898132427,0.0,0.7553956834532374,0.6016074274232661,0.6702002355712603,0.25
ZNHIT3,161,0.4215655670964554,novel,1.0,False,0.6784452296819788,0.6666666666666666,0.4685908319185059,0.0,0.0,0.3597122302158273,1.0,0.1837455830388692,0.6470588235294118,0.5995288574793874,0.0,1.0,0.6725559481743227,0.4685908319185059,0.0,0.6798561151079137,0.4154022032841405,0.5995288574793874,0.0
PFDN1,162,0.42142200454478673,novel,1.0,False,0.6148409893992933,0.7777777777777778,0.4083191850594228,0.0,0.0,0.1870503597122302,1.0,0.2402826855123674,0.9281045751633988,0.2885747938751472,0.25,1.0,0.6963093835885356,0.4083191850594228,0.0,0.5935251798561151,0.5841936303378832,0.2885747938751472,0.25
EIF3M,163,0.4208771918236109,novel,1.0,False,0.3533568904593639,1.0,0.0067911714770796,0.2451953372125999,0.25,0.2122302158273381,1.0,0.8268551236749117,0.9869281045751634,0.4782096584216725,0.25,1.0,0.676678445229682,0.0067911714770796,0.2475976686062999,0.6061151079136691,0.9068916141250376,0.4782096584216725,0.25
FOXO3,164,0.4208744376668907,novel,1.0,False,0.4452296819787986,0.2361111111111111,0.8446519524617997,0.0,0.0,0.8453237410071942,1.0,0.1625441696113074,0.3725490196078431,0.2237926972909305,0.25,0.0,0.3406703965449548,0.8446519524617997,0.0,0.9226618705035972,0.2675465946095752,0.2237926972909305,0.25
SGO1,165,0.4204216491593979,novel,1.0,False,0.1201413427561837,0.9722222222222222,0.0271646859083192,0.3042156415050162,0.5,0.2302158273381295,1.0,0.9964664310954064,1.0,0.8221436984687868,0.0,1.0,0.546181782489203,0.0271646859083192,0.402107820752508,0.6151079136690647,0.9982332155477032,0.8221436984687868,0.0
DDX10,166,0.42031423778497823,novel,1.0,False,0.5371024734982333,1.0,0.0,0.2392033903602439,0.25,0.4136690647482014,1.0,0.1484098939929328,0.2875816993464052,0.6124852767962309,0.25,1.0,0.7685512367491166,0.0,0.2446016951801219,0.7068345323741008,0.217995796669669,0.6124852767962309,0.25
MED17,167,0.41976261411836346,novel,1.0,False,0.0848056537102473,1.0,0.0016977928692699,0.0,0.0,0.8776978417266187,1.0,0.6749116607773852,0.8758169934640523,0.7644287396937575,0.25,1.0,0.5424028268551236,0.0016977928692699,0.0,0.9388489208633092,0.7753643271207187,0.7644287396937575,0.25
CCT3,168,0.4189231358156758,novel,1.0,False,0.657243816254417,1.0,0.0,0.1956657488889493,0.25,0.2266187050359712,1.0,0.7067137809187279,0.9869281045751634,0.221436984687868,0.25,0.0,0.8286219081272085,0.0,0.2228328744444747,0.6133093525179856,0.8468209427469457,0.221436984687868,0.25
HSPA9,169,0.4184618748226449,novel,1.0,False,0.1060070671378091,1.0,0.0,0.1982671502774295,0.25,0.974820143884892,1.0,0.3462897526501767,0.8235294117647058,0.110718492343934,0.6,1.0,0.5530035335689046,0.0,0.2241335751387148,0.987410071942446,0.5849095822074413,0.110718492343934,0.6
DDX51,170,0.41553607980163015,novel,1.0,False,0.8091872791519434,0.9861111111111112,0.0636672325976231,0.2229363237900838,0.25,0.7482014388489209,1.0,0.0247349823321554,0.0261437908496732,0.519434628975265,0.0,1.0,0.8976491951315273,0.0636672325976231,0.2364681618950418,0.8741007194244604,0.0254393865909143,0.519434628975265,0.0
NOP2,171,0.4155210201370526,novel,1.0,False,0.4487632508833922,1.0,0.0042444821731747,0.0,0.0,0.5971223021582733,1.0,0.3180212014134275,0.6993464052287581,0.6454652532391049,0.25,0.0,0.7243816254416962,0.0042444821731747,0.0,0.7985611510791366,0.5086838033210929,0.6454652532391049,0.25
ELMO2,172,0.4142442808806652,novel,1.0,False,0.5229681978798587,0.2083333333333333,0.8599320882852293,0.2465834153852028,0.25,0.5287769784172662,1.0,0.1201413427561837,0.4052287581699346,0.3286219081272084,0.0,1.0,0.365650765606596,0.8599320882852293,0.2482917076926014,0.7643884892086331,0.2626850504630592,0.3286219081272084,0.0
PSMB4,173,0.41384494698982033,approved_sm_drug,0.0,False,0.1130742049469964,1.0,0.0,0.0,0.0,0.4676258992805755,1.0,0.6254416961130742,0.9869281045751634,0.1260306242638398,0.8,0.0,0.5565371024734982,0.0,0.0,0.7338129496402878,0.8061849003441188,0.1260306242638398,0.8
PREB,174,0.4134689415754164,novel,1.0,False,0.7985865724381626,1.0,0.0042444821731747,0.0,0.0,0.762589928057554,1.0,0.558303886925795,0.9803921568627452,0.3839811542991755,0.0,1.0,0.8992932862190812,0.0042444821731747,0.0,0.881294964028777,0.7693480218942701,0.3839811542991755,0.0
PRKAR1A,175,0.4132741251349533,novel,1.0,False,1.0,0.5555555555555556,0.8803056027164686,0.0,0.0,0.0611510791366906,0.0,0.0989399293286219,0.2418300653594771,0.1071849234393403,0.25,1.0,0.7777777777777778,0.8803056027164686,0.0,0.0305755395683453,0.1703849973440495,0.1071849234393403,0.25
NUP155,176,0.41285516451447707,novel,1.0,False,0.2791519434628975,1.0,0.0008488964346348,0.0,0.0,0.7589928057553957,1.0,0.8409893992932862,0.9738562091503268,0.8244994110718492,0.0,1.0,0.6395759717314488,0.0008488964346348,0.0,0.8794964028776979,0.9074228042218064,0.8244994110718492,0.0
CCDC59,177,0.4110672874203605,novel,1.0,False,0.6007067137809188,0.875,0.232597623089983,0.0,0.0,0.2625899280575539,1.0,0.5830388692579506,0.9673202614379084,0.5700824499411072,0.0,1.0,0.7378533568904594,0.232597623089983,0.0,0.6312949640287769,0.7751795653479294,0.5700824499411072,0.0
NBAS,178,0.4110129899488699,novel,1.0,False,0.5618374558303887,0.7083333333333334,0.4074702886247877,0.0,0.0,0.7769784172661871,1.0,0.1554770318021201,0.5882352941176471,0.5123674911660777,0.0,1.0,0.6350853945818611,0.4074702886247877,0.0,0.8884892086330936,0.3718561629598836,0.5123674911660777,0.0
HAUS5,179,0.40879190177435676,novel,1.0,False,0.5053003533568905,0.9861111111111112,0.030560271646859,0.0,0.0,0.8381294964028777,1.0,0.4558303886925795,0.6862745098039216,0.6937573616018845,0.0,1.0,0.7457057322340008,0.030560271646859,0.0,0.9190647482014388,0.5710524492482505,0.6937573616018845,0.0
WDR55,180,0.4077671098508828,novel,1.0,False,0.3109540636042402,1.0,0.0127334465195245,0.0,0.0,0.6690647482014388,1.0,0.2720848056537102,0.738562091503268,0.6749116607773852,0.25,1.0,0.6554770318021201,0.0127334465195245,0.0,0.8345323741007193,0.5053234485784891,0.6749116607773852,0.25
MED31,181,0.4072727269479359,novel,1.0,False,0.0954063604240282,1.0,0.00509337860781,0.0,0.0,0.9064748201438848,1.0,0.4522968197879858,0.8888888888888888,0.6925795053003534,0.25,1.0,0.5477031802120141,0.00509337860781,0.0,0.9532374100719424,0.6705928543384374,0.6925795053003534,0.25
DDX55,182,0.4070690919077882,novel,1.0,False,0.8056537102473498,0.9861111111111112,0.0441426146010186,0.0,0.0,0.7733812949640287,1.0,0.1872791519434629,0.477124183006536,0.5276796230859836,0.0,1.0,0.8958824106792305,0.0441426146010186,0.0,0.8866906474820144,0.3322016674749994,0.5276796230859836,0.0
CDC42,183,0.4053150119944078,novel,1.0,False,0.4593639575971731,0.9861111111111112,0.1103565365025467,0.0,0.0,0.0899280575539568,0.0,0.7667844522968198,0.9869281045751634,0.1472320376914016,0.8,0.0,0.7227375343541421,0.1103565365025467,0.0,0.0449640287769784,0.8768562784359917,0.1472320376914016,0.8
WBP11,184,0.4047609877403956,novel,1.0,False,0.5441696113074205,1.0,0.0118845500848896,0.0,0.0,0.4532374100719424,1.0,0.4593639575971731,0.8169934640522876,0.4393404004711425,0.25,1.0,0.7720848056537102,0.0118845500848896,0.0,0.7266187050359713,0.6381787108247303,0.4393404004711425,0.25
PAK1IP1,185,0.4022708878832624,novel,1.0,False,0.4876325088339223,1.0,0.0093378607809847,0.0,0.0,0.4388489208633093,1.0,0.7137809187279152,0.9673202614379084,0.7008244994110718,0.0,1.0,0.7438162544169611,0.0093378607809847,0.0,0.7194244604316546,0.8405505900829118,0.7008244994110718,0.0
CHMP4B,186,0.4019025502848308,novel,1.0,False,0.9681978798586572,0.9861111111111112,0.2139219015280136,0.0,0.0,0.3992805755395683,1.0,0.2014134275618374,0.7973856209150327,0.1413427561837456,0.0,1.0,0.9771544954848842,0.2139219015280136,0.0,0.6996402877697842,0.4993995242384351,0.1413427561837456,0.0
CIR1,187,0.4007749698259481,novel,1.0,False,0.4098939929328622,0.4166666666666667,0.7461799660441426,0.0,0.0,0.2482014388489208,1.0,0.1130742049469964,0.4836601307189542,0.3144876325088339,0.25,1.0,0.4132803297997645,0.7461799660441426,0.0,0.6241007194244604,0.2983671678329753,0.3144876325088339,0.25
USP36,188,0.3993651770027857,has_sm_chemistry,0.5,False,0.6183745583038869,1.0,0.0246179966044142,0.0,0.0,0.2841726618705036,1.0,0.0706713780918728,0.196078431372549,0.4063604240282685,0.45,0.0,0.8091872791519434,0.0246179966044142,0.0,0.6420863309352518,0.1333749047322109,0.4063604240282685,0.45
POTEI,189,0.3970409114009659,novel,1.0,False,0.3392226148409894,0.4027777777777778,0.7292020373514432,0.0,0.0,0.5,0.5,0.0494699646643109,0.0326797385620915,0.9905771495877502,0.0,1.0,0.3710001963093836,0.7292020373514432,0.0,0.5,0.0410748516132012,0.9905771495877502,0.0
RSL1D1,190,0.39645376296606977,novel,1.0,False,0.5265017667844523,1.0,0.0016977928692699,0.0,0.0,0.197841726618705,1.0,0.8127208480565371,0.9869281045751634,0.3674911660777385,0.25,1.0,0.7632508833922261,0.0016977928692699,0.0,0.5989208633093526,0.8998244763158503,0.3674911660777385,0.25
RANBP3,191,0.39541051889468887,novel,1.0,False,0.0706713780918728,0.3472222222222222,0.7945670628183362,0.0,0.0,0.8597122302158273,1.0,0.3356890459363957,0.803921568627451,0.5005889281507656,0.0,1.0,0.2089468001570475,0.7945670628183362,0.0,0.9298561151079136,0.5698053072819234,0.5005889281507656,0.0
RPL10A,192,0.3947667554586553,approved_sm_drug,0.0,False,0.92226148409894,1.0,0.0,0.0,0.0,0.0179856115107913,0.0,0.6607773851590106,0.9738562091503268,0.0824499411071849,0.6,0.0,0.96113074204947,0.0,0.0,0.0089928057553956,0.8173167971546687,0.0824499411071849,0.6
IMP3,193,0.3930541002506651,novel,1.0,False,0.4204946996466431,1.0,0.0076400679117147,0.0,0.0,0.4244604316546763,1.0,0.3604240282685512,0.915032679738562,0.4852767962308599,0.25,1.0,0.7102473498233215,0.0076400679117147,0.0,0.7122302158273381,0.6377283540035565,0.4852767962308599,0.25
ALG2,194,0.39275934804003,novel,1.0,False,0.4805653710247349,1.0,0.0186757215619693,0.0,0.0,0.3381294964028777,1.0,0.7243816254416962,0.9607843137254902,0.6595995288574793,0.0,1.0,0.7402826855123674,0.0186757215619693,0.0,0.6690647482014389,0.8425829695835931,0.6595995288574793,0.0
RNF4,195,0.3921519197985187,novel,1.0,False,0.0600706713780918,0.6666666666666666,0.4864176570458404,0.4096035561245398,0.25,0.5035971223021583,1.0,0.4346289752650176,0.8169934640522876,0.4275618374558304,0.0,1.0,0.3633686690223792,0.4864176570458404,0.3298017780622699,0.7517985611510791,0.6258112196586526,0.4275618374558304,0.0
PSMB7,196,0.39157166665741816,approved_sm_drug,0.0,False,0.2614840989399293,1.0,0.0059422750424448,0.2087941815367092,0.25,0.1115107913669064,0.0,0.4416961130742049,0.9477124183006536,0.2402826855123675,0.8,0.0,0.6307420494699647,0.0059422750424448,0.2293970907683546,0.0557553956834532,0.6947042656874293,0.2402826855123675,0.8
SOCS3,197,0.38896085032259997,novel,1.0,False,0.5477031802120141,0.2361111111111111,0.8743633276740238,0.0,0.0,0.1079136690647482,0.0,0.9646643109540636,0.803921568627451,0.5806831566548881,0.0,0.0,0.3919071456615626,0.8743633276740238,0.0,0.0539568345323741,0.8842929397907573,0.5806831566548881,0.0
MED28,198,0.3885715357495747,novel,1.0,False,0.2650176678445229,1.0,0.00509337860781,0.0,0.0,0.1654676258992805,1.0,0.7809187279151943,0.9803921568627452,0.5842167255594818,0.25,1.0,0.6325088339222615,0.00509337860781,0.0,0.5827338129496403,0.8806554423889698,0.5842167255594818,0.25
PDCD2,199,0.387650023964674,novel,1.0,False,0.3250883392226148,0.9861111111111112,0.0772495755517828,0.0,0.0,0.3309352517985611,1.0,0.6289752650176679,0.9869281045751634,0.7220259128386336,0.0,1.0,0.655599725166863,0.0772495755517828,0.0,0.6654676258992805,0.8079516847964157,0.7220259128386336,0.0
RAE1,200,0.3867786502945498,novel,1.0,False,0.0494699646643109,1.0,0.0008488964346348,0.0,0.0,0.2230215827338129,1.0,0.7491166077738516,0.9803921568627452,0.64075382803298,0.35,1.0,0.5247349823321554,0.0008488964346348,0.0,0.6115107913669064,0.8647543823182984,0.64075382803298,0.35
NARS1,201,0.38566037504646045,novel,1.0,False,0.4558303886925795,1.0,0.0,0.0,0.0,0.9028776978417268,1.0,0.2650176678445229,0.6601307189542484,0.2826855123674912,0.25,1.0,0.7279151943462898,0.0,0.0,0.9514388489208634,0.4625741933993856,0.2826855123674912,0.25
ARF4,202,0.3842860748693554,novel,1.0,False,0.1024734982332155,0.8333333333333334,0.3607809847198642,0.0,0.0,0.1618705035971223,1.0,0.8833922261484098,0.9934640522875816,0.3121319199057715,0.25,1.0,0.4679034157832744,0.3607809847198642,0.0,0.5809352517985611,0.9384281392179956,0.3121319199057715,0.25
NOC4L,203,0.3831270582442744,novel,1.0,False,0.3957597173144876,1.0,0.0382003395585738,0.0,0.0,0.7517985611510791,1.0,0.2614840989399293,0.6928104575163399,0.6584216725559481,0.0,1.0,0.6978798586572438,0.0382003395585738,0.0,0.8758992805755396,0.4771472782281346,0.6584216725559481,0.0
NOM1,204,0.3824412139634044,novel,1.0,False,0.0424028268551236,0.9444444444444444,0.1383701188455008,0.0,0.0,0.920863309352518,1.0,0.508833922261484,0.7320261437908496,0.7502944640753828,0.0,1.0,0.493423635649784,0.1383701188455008,0.0,0.960431654676259,0.6204300330261668,0.7502944640753828,0.0
NELFB,205,0.3823070150055884,novel,1.0,False,0.1413427561837456,0.9722222222222222,0.1409168081494057,0.0,0.0,0.8165467625899281,1.0,0.2756183745583039,0.7908496732026143,0.3839811542991755,0.25,1.0,0.5567824892029839,0.1409168081494057,0.0,0.908273381294964,0.5332340238804592,0.3839811542991755,0.25
UFM1,206,0.3815730504612391,novel,1.0,False,0.2402826855123674,0.625,0.5449915110356537,0.0,0.0,0.2553956834532374,1.0,0.2049469964664311,0.673202614379085,0.3321554770318021,0.25,1.0,0.4326413427561837,0.5449915110356537,0.0,0.6276978417266187,0.439074805422758,0.3321554770318021,0.25
TRAPPC4,207,0.3813037656793373,novel,1.0,False,0.1625441696113074,0.9583333333333334,0.0424448217317487,0.0,0.0,0.3345323741007194,1.0,0.5300353356890459,0.954248366013072,0.4817432273262662,0.35,1.0,0.5604387514723204,0.0424448217317487,0.0,0.6672661870503597,0.7421418508510589,0.4817432273262662,0.35
NVL,208,0.3774183792361927,novel,1.0,False,0.2332155477031802,1.0,0.0084889643463496,0.0,0.0,0.5251798561151079,1.0,0.3109540636042402,0.6862745098039216,0.5759717314487632,0.25,1.0,0.61660777385159,0.0084889643463496,0.0,0.7625899280575539,0.4986142867040809,0.5759717314487632,0.25
TAF1C,209,0.3771048421834597,novel,1.0,False,0.823321554770318,1.0,0.034804753820034,0.2040032561063211,0.25,0.3129496402877698,1.0,0.0353356890459364,0.1830065359477124,0.3745583038869258,0.0,1.0,0.911660777385159,0.034804753820034,0.2270016280531605,0.6564748201438849,0.1091711124968244,0.3745583038869258,0.0
USP10,210,0.3759523682108526,novel,1.0,False,0.2579505300353357,0.8472222222222222,0.2275042444821732,0.0,0.0,0.7985611510791367,1.0,0.6148409893992933,0.8954248366013072,0.4216725559481744,0.0,1.0,0.5525863761287789,0.2275042444821732,0.0,0.8992805755395683,0.7551329130003003,0.4216725559481744,0.0
CLCC1,211,0.37591349813356345,novel,1.0,False,0.0070671378091872,0.4166666666666667,0.7147707979626485,0.0,0.0,0.4496402877697841,1.0,0.4134275618374558,0.8888888888888888,0.5924617196702002,0.0,1.0,0.2118669022379269,0.7147707979626485,0.0,0.724820143884892,0.6511582253631724,0.5924617196702002,0.0
NOL12,212,0.3722243024113788,novel,1.0,False,0.4416961130742049,0.9583333333333334,0.1027164685908319,0.0,0.0,0.3237410071942446,1.0,0.2473498233215547,0.673202614379085,0.6725559481743227,0.0,1.0,0.7000147232037691,0.1027164685908319,0.0,0.6618705035971223,0.4602762188503199,0.6725559481743227,0.0
DHX33,213,0.3719626447589193,novel,1.0,False,0.0106007067137809,1.0,0.0365025466893039,0.0,0.0,0.9100719424460432,1.0,0.4628975265017668,0.7320261437908496,0.8103651354534747,0.0,1.0,0.5053003533568905,0.0365025466893039,0.0,0.9550359712230216,0.5974618351463082,0.8103651354534747,0.0
PWP1,214,0.3719109532679896,novel,1.0,False,0.2226148409893993,0.9166666666666666,0.1460101867572156,0.0,0.0,0.8273381294964028,1.0,0.7455830388692579,0.9869281045751634,0.39811542991755,0.0,1.0,0.5696407538280329,0.1460101867572156,0.0,0.9136690647482014,0.8662555717222107,0.39811542991755,0.0
UBTF,215,0.3698491257786397,novel,1.0,False,0.773851590106007,1.0,0.0008488964346348,0.0,0.0,0.4964028776978417,1.0,0.3286219081272085,0.6862745098039216,0.3250883392226149,0.0,1.0,0.8869257950530035,0.0008488964346348,0.0,0.7482014388489209,0.507448208965565,0.3250883392226149,0.0
CDS2,216,0.36612496911503184,novel,1.0,False,0.2508833922261484,0.4722222222222222,0.6774193548387097,0.0,0.0,0.4280575539568345,1.0,0.3392226148409894,0.7189542483660131,0.3486454652532391,0.0,1.0,0.3615528072241853,0.6774193548387097,0.0,0.7140287769784173,0.5290884316035013,0.3486454652532391,0.0
JTB,217,0.36240574110601753,novel,1.0,False,0.3604240282685512,0.2638888888888889,0.8709677419354839,0.0,0.0,0.2410071942446043,1.0,0.3639575971731448,0.9803921568627452,0.1283863368669022,0.0,1.0,0.3121564585787201,0.8709677419354839,0.0,0.6205035971223022,0.672174877017945,0.1283863368669022,0.0
CHMP2A,218,0.36200350507372114,novel,1.0,False,0.3780918727915194,1.0,0.0,0.0,0.0,0.946043165467626,1.0,0.519434628975265,0.954248366013072,0.3168433451118963,0.0,1.0,0.6890459363957597,0.0,0.0,0.9730215827338128,0.7368414974941685,0.3168433451118963,0.0
DCTN5,219,0.3613184301975026,novel,1.0,False,0.2826855123674912,1.0,0.0059422750424448,0.0,0.0,0.5431654676258992,1.0,0.7879858657243817,0.9738562091503268,0.4982332155477032,0.0,1.0,0.6413427561837456,0.0059422750424448,0.0,0.7715827338129496,0.8809210374373542,0.4982332155477032,0.0
SBDS,220,0.3604231101163536,novel,1.0,False,0.8197879858657244,1.0,0.0101867572156195,0.0,0.0,0.1906474820143885,1.0,0.4204946996466431,0.915032679738562,0.2332155477031802,0.0,1.0,0.9098939929328622,0.0101867572156195,0.0,0.5953237410071942,0.6677636896926025,0.2332155477031802,0.0
ARFRP1,221,0.35999019738720106,novel,1.0,False,0.4169611307420495,0.9305555555555556,0.2079796264855687,0.0,0.0,0.7194244604316546,1.0,0.0812720848056537,0.2941176470588235,0.4428739693757362,0.0,1.0,0.6737583431488026,0.2079796264855687,0.0,0.8597122302158273,0.1876948659322386,0.4428739693757362,0.0
DNAJA3,222,0.35923054705635965,novel,1.0,False,0.2968197879858657,0.9861111111111112,0.0144312393887944,0.0,0.0,0.9172661870503596,1.0,0.3745583038869258,0.8366013071895425,0.4570082449941107,0.0,1.0,0.6414654495484884,0.0144312393887944,0.0,0.95863309352518,0.6055798055382342,0.4570082449941107,0.0
TLN1,223,0.3588174154101291,novel,1.0,False,0.0636042402826855,0.4722222222222222,0.6884550084889645,0.2516722613757096,0.75,0.0971223021582733,0.0,0.8480565371024735,0.9084967320261438,0.3639575971731448,0.0,1.0,0.2679132312524538,0.6884550084889645,0.5008361306878548,0.0485611510791366,0.8782766345643087,0.3639575971731448,0.0
MT1E,224,0.358389719069593,novel,1.0,False,0.3851590106007067,0.5694444444444444,0.6494057724957556,0.0,0.0,0.1726618705035971,1.0,0.1413427561837456,0.4313725490196078,0.3533568904593639,0.0,0.0,0.4773017275225756,0.6494057724957556,0.0,0.5863309352517986,0.2863576526016766,0.3533568904593639,0.0
XAB2,225,0.3580783957328006,novel,1.0,False,0.2084805653710247,1.0,0.0,0.0,0.0,0.6438848920863309,1.0,0.2120141342756183,0.6470588235294118,0.4381625441696113,0.25,1.0,0.6042402826855123,0.0,0.0,0.8219424460431655,0.4295364789025151,0.4381625441696113,0.25
GPN1,226,0.35791928532342127,novel,1.0,False,0.1484098939929328,1.0,0.0008488964346348,0.0,0.0,0.5359712230215827,1.0,0.872791519434629,0.9869281045751634,0.5865724381625442,0.0,1.0,0.5742049469964664,0.0008488964346348,0.0,0.7679856115107914,0.9298598120048962,0.5865724381625442,0.0
RPS17,227,0.3573733359443393,approved_sm_drug,0.0,False,0.6607773851590106,0.8333333333333334,0.1010186757215619,0.0,0.0,0.0071942446043165,0.0,0.5512367491166078,0.9803921568627452,0.0824499411071849,0.6,0.0,0.747055359246172,0.1010186757215619,0.0,0.0035971223021582,0.7658144529896764,0.0824499411071849,0.6
NOPCHAP1,228,0.35632369341136455,novel,1.0,False,0.1978798586572438,0.9722222222222222,0.0848896434634975,0.0,0.0,0.5,0.5,0.4982332155477031,0.9084967320261438,0.8032979976442873,0.0,1.0,0.585051040439733,0.0848896434634975,0.0,0.5,0.7033649737869234,0.8032979976442873,0.0
HAUS1,229,0.3556849975094405,novel,1.0,False,0.519434628975265,1.0,0.0008488964346348,0.0,0.0,0.1294964028776978,0.0,0.950530035335689,1.0,0.8150765606595995,0.0,1.0,0.7597173144876326,0.0008488964346348,0.0,0.0647482014388489,0.9752650176678446,0.8150765606595995,0.0
CLNS1A,230,0.35082204802090455,novel,1.0,False,0.0565371024734982,1.0,0.0076400679117147,0.0,0.0,0.356115107913669,1.0,0.7279151943462897,0.9869281045751634,0.4004711425206125,0.25,1.0,0.5282685512367491,0.0076400679117147,0.0,0.6780575539568345,0.8574216494607265,0.4004711425206125,0.25
SF3A2,231,0.3505418809564,novel,1.0,False,0.1766784452296819,1.0,0.0016977928692699,0.0,0.0,0.2949640287769784,1.0,0.6219081272084805,0.8562091503267973,0.3839811542991755,0.25,1.0,0.588339222614841,0.0016977928692699,0.0,0.6474820143884892,0.739058638767639,0.3839811542991755,0.25
UTP6,232,0.3499822580059677,novel,1.0,False,0.1731448763250883,1.0,0.0135823429541596,0.0,0.0,0.4892086330935252,1.0,0.1802120141342756,0.5359477124183006,0.4982332155477031,0.25,1.0,0.5865724381625441,0.0135823429541596,0.0,0.7446043165467626,0.3580798632762881,0.4982332155477031,0.25
NSL1,233,0.34936029239755084,novel,1.0,False,0.1590106007067137,1.0,0.00509337860781,0.0,0.0,0.2517985611510791,1.0,0.8445229681978799,0.9934640522875816,0.6348645465253239,0.0,1.0,0.5795053003533569,0.00509337860781,0.0,0.6258992805755396,0.9189935102427308,0.6348645465253239,0.0
SPCS2,234,0.3482660858547778,novel,1.0,False,0.696113074204947,0.9305555555555556,0.1392190152801358,0.0,0.0,0.1474820143884892,0.0,0.7561837455830389,0.9934640522875816,0.4888103651354534,0.0,1.0,0.8133343148802512,0.1392190152801358,0.0,0.0737410071942446,0.8748238989353103,0.4888103651354534,0.0
HNRNPH1,235,0.3482587202832761,novel,1.0,False,0.5017667844522968,0.9444444444444444,0.1086587436332767,0.2472179590037998,0.25,0.2805755395683453,1.0,0.4876325088339223,0.7777777777777778,0.0883392226148409,0.0,1.0,0.7231056144483706,0.1086587436332767,0.2486089795018999,0.6402877697841727,0.63270514330585,0.0883392226148409,0.0
COPA,236,0.34773741763188903,novel,1.0,False,0.4628975265017668,1.0,0.0,0.0,0.0,0.1798561151079136,1.0,0.5406360424028268,0.869281045751634,0.149587750294464,0.25,1.0,0.7314487632508834,0.0,0.0,0.5899280575539568,0.7049585440772304,0.149587750294464,0.25
SRSF10,237,0.3472186431934948,novel,1.0,False,0.342756183745583,0.875,0.2597623089983022,0.0,0.0,0.158273381294964,1.0,0.5017667844522968,0.8235294117647058,0.3686690223792697,0.0,1.0,0.6088780918727915,0.2597623089983022,0.0,0.579136690647482,0.6626480981085013,0.3686690223792697,0.0
ARPC2,238,0.3450880755158958,novel,1.0,False,0.4770318021201413,0.7083333333333334,0.4694397283531409,0.0,0.0,0.039568345323741,0.0,0.6466431095406361,0.9803921568627452,0.160188457008245,0.25,1.0,0.5926825677267373,0.4694397283531409,0.0,0.0197841726618705,0.8135176332016907,0.160188457008245,0.25
RPS29,239,0.34180593891131117,approved_sm_drug,0.0,False,0.303886925795053,1.0,0.0,0.0,0.0,0.0035971223021582,0.0,0.6784452296819788,0.9477124183006536,0.2685512367491166,0.6,0.0,0.6519434628975265,0.0,0.0,0.0017985611510791,0.8130788239913163,0.2685512367491166,0.6
INTS8,240,0.3410673864721548,novel,1.0,False,0.0989399293286219,1.0,0.0016977928692699,0.4177073833274721,0.25,0.4820143884892086,1.0,0.166077738515901,0.3660130718954248,0.5724381625441696,0.0,1.0,0.549469964664311,0.0016977928692699,0.333853691663736,0.7410071942446044,0.2660454052056629,0.5724381625441696,0.0
ALDOA,241,0.34070878541744415,novel,1.0,False,0.1802120141342756,0.9722222222222222,0.0424448217317487,0.0,0.0,0.1690647482014388,1.0,0.2438162544169611,0.6928104575163399,0.0141342756183745,0.6,1.0,0.5762171181782489,0.0424448217317487,0.0,0.5845323741007195,0.4683133559666504,0.0141342756183745,0.6
SPCS3,242,0.33590029319286635,novel,1.0,False,0.96113074204947,1.0,0.0186757215619693,0.0,0.0,0.0575539568345323,0.0,0.5971731448763251,0.934640522875817,0.336866902237927,0.0,1.0,0.980565371024735,0.0186757215619693,0.0,0.0287769784172661,0.7659068338760711,0.336866902237927,0.0
TSEN54,243,0.3355791304365085,novel,1.0,False,0.5724381625441696,0.9583333333333334,0.1001697792869269,0.0,0.0,0.2014388489208633,1.0,0.0883392226148409,0.2287581699346405,0.4723203769140164,0.0,1.0,0.7653857479387515,0.1001697792869269,0.0,0.6007194244604317,0.1585486962747407,0.4723203769140164,0.0
SRSF2,244,0.3354309967116725,novel,1.0,False,0.7491166077738516,1.0,0.0,0.0,0.0,0.2446043165467626,1.0,0.3851590106007067,0.8823529411764706,0.1060070671378092,0.0,1.0,0.8745583038869258,0.0,0.0,0.6223021582733813,0.6337559758885887,0.1060070671378092,0.0
RPL36,245,0.3344722785064403,approved_sm_drug,0.0,False,0.3710247349823322,1.0,0.0,0.0,0.0,0.0431654676258992,0.0,0.7173144876325088,0.9803921568627452,0.1012956419316843,0.6,0.0,0.6855123674911661,0.0,0.0,0.0215827338129496,0.848853322247627,0.1012956419316843,0.6
HINFP,246,0.33447019087736746,novel,1.0,False,0.1519434628975265,1.0,0.0042444821731747,0.0,0.0,0.7841726618705036,1.0,0.0954063604240282,0.1699346405228758,0.7338044758539457,0.0,1.0,0.5759717314487632,0.0042444821731747,0.0,0.8920863309352518,0.132670500473452,0.7338044758539457,0.0
SEC62,247,0.33418272900244894,novel,1.0,False,0.833922261484099,0.3888888888888889,0.7504244482173175,0.0,0.0,0.1330935251798561,0.0,0.1236749116607773,0.5294117647058824,0.1849234393404004,0.0,1.0,0.611405575186494,0.7504244482173175,0.0,0.066546762589928,0.3265433381833298,0.1849234393404004,0.0
CDK5RAP3,248,0.3319755751429021,novel,1.0,False,0.3180212014134275,0.3055555555555556,0.8319185059422751,0.0,0.0,0.539568345323741,1.0,0.0636042402826855,0.2222222222222222,0.1060070671378091,0.0,1.0,0.3117883784844916,0.8319185059422751,0.0,0.7697841726618705,0.1429132312524538,0.1060070671378091,0.0
TAF1D,249,0.3313971274958539,novel,1.0,False,0.6254416961130742,0.9027777777777778,0.2113752122241087,0.0,0.0,0.276978417266187,1.0,0.0176678445229682,0.0392156862745098,0.3144876325088339,0.0,1.0,0.7641097369454259,0.2113752122241087,0.0,0.6384892086330936,0.028441765398739,0.3144876325088339,0.0
RPS21,250,0.33039442572658406,approved_sm_drug,0.0,False,0.4840989399293286,1.0,0.0008488964346348,0.0,0.0,0.0215827338129496,0.0,0.5159010600706714,0.8888888888888888,0.0482921083627797,0.6,0.0,0.7420494699646643,0.0008488964346348,0.0,0.0107913669064748,0.7023949744797802,0.0482921083627797,0.6
SCFD1,251,0.3283546143489834,novel,1.0,False,0.3992932862190813,1.0,0.0016977928692699,0.0,0.0,0.6510791366906474,1.0,0.1307420494699646,0.5294117647058824,0.3851590106007067,0.0,1.0,0.6996466431095406,0.0016977928692699,0.0,0.8255395683453237,0.3300769070879235,0.3851590106007067,0.0
SNAPC5,252,0.32827642406382235,novel,1.0,False,0.3568904593639576,1.0,0.0203735144312393,0.0,0.0,0.39568345323741,1.0,0.1060070671378091,0.2352941176470588,0.6089517078916372,0.0,1.0,0.6784452296819787,0.0203735144312393,0.0,0.697841726618705,0.170650592392434,0.6089517078916372,0.0
PELP1,253,0.32813953925156747,novel,1.0,False,0.0353356890459364,0.9722222222222222,0.0560271646859084,0.0,0.0,0.7553956834532374,1.0,0.07773851590106,0.2483660130718954,0.4098939929328622,0.25,1.0,0.5037789556340793,0.0560271646859084,0.0,0.8776978417266187,0.1630522644864777,0.4098939929328622,0.25
MIS18BP1,254,0.32735267693659614,novel,1.0,False,0.4063604240282685,0.9722222222222222,0.0636672325976231,0.0,0.0,0.1402877697841726,0.0,0.823321554770318,0.9411764705882352,0.6749116607773852,0.0,1.0,0.6892913231252453,0.0636672325976231,0.0,0.0701438848920863,0.8822490126792766,0.6749116607773852,0.0
CHMP3,255,0.32727586209302606,novel,1.0,False,0.2897526501766784,0.9583333333333334,0.1417657045840407,0.0,0.0,0.2697841726618705,1.0,0.2226148409893993,0.6666666666666666,0.4252061248527679,0.0,1.0,0.6240429917550059,0.1417657045840407,0.0,0.6348920863309353,0.444640753828033,0.4252061248527679,0.0
TRAPPC11,256,0.3271683978528382,novel,1.0,False,0.3074204946996466,1.0,0.0093378607809847,0.0,0.0,0.658273381294964,1.0,0.1448763250883392,0.4509803921568627,0.4711425206124852,0.0,1.0,0.6537102473498233,0.0093378607809847,0.0,0.829136690647482,0.297928358622601,0.4711425206124852,0.0
HYOU1,257,0.32612120115110943,novel,1.0,False,0.293286219081272,1.0,0.033106960950764,0.0,0.0,0.3525179856115107,1.0,0.303886925795053,0.7777777777777778,0.4393404004711425,0.0,0.0,0.646643109540636,0.033106960950764,0.0,0.6762589928057554,0.5408323517864154,0.4393404004711425,0.0
RRP12,258,0.32596841367818913,novel,1.0,False,0.0035335689045936,1.0,0.0008488964346348,0.0,0.0,0.5071942446043165,1.0,0.0282685512367491,0.0915032679738562,0.6525323910482922,0.25,1.0,0.5017667844522968,0.0008488964346348,0.0,0.7535971223021583,0.0598859096053026,0.6525323910482922,0.25
ZFP36L1,259,0.32026947832480107,novel,1.0,False,0.2367491166077738,0.2916666666666667,0.8081494057724958,0.0,0.0,0.0323741007194244,0.0,0.784452296819788,0.869281045751634,0.431095406360424,0.0,1.0,0.2642078916372202,0.8081494057724958,0.0,0.0161870503597122,0.826866671285711,0.431095406360424,0.0
NOP56,260,0.3195373093146763,novel,1.0,False,0.166077738515901,1.0,0.0025466893039047,0.0,0.0,0.2733812949640288,1.0,0.4240282685512367,0.7712418300653595,0.2273262661955241,0.25,1.0,0.5830388692579506,0.0025466893039047,0.0,0.6366906474820144,0.5976350493082981,0.2273262661955241,0.25
PPP1R12A,261,0.31923494434894967,novel,1.0,False,0.7173144876325088,0.9722222222222222,0.0814940577249575,0.2527906270170638,0.25,0.1438848920863309,0.0,0.2190812720848056,0.5359477124183006,0.3109540636042403,0.0,1.0,0.8447683549273655,0.0814940577249575,0.2513953135085319,0.0719424460431654,0.3775144922515531,0.3109540636042403,0.0
CSE1L,262,0.31741135464108444,novel,1.0,False,0.1307420494699646,1.0,0.0,0.0,0.0,0.5179856115107914,1.0,0.5335689045936396,0.8758169934640523,0.4075382803297998,0.0,1.0,0.5653710247349824,0.0,0.0,0.7589928057553956,0.7046929490288459,0.4075382803297998,0.0
RPS25,263,0.315619294723908,approved_sm_drug,0.0,False,0.2014134275618374,1.0,0.00339558573854,0.1965214217904538,0.25,0.014388489208633,0.0,0.2897526501766784,0.915032679738562,0.0424028268551237,0.6,0.0,0.6007067137809188,0.00339558573854,0.2232607108952269,0.0071942446043165,0.6023926649576202,0.0424028268551237,0.6
RPS3,264,0.3155529699707289,approved_sm_drug,0.0,False,0.1908127208480565,1.0,0.0,0.0,0.0,0.0107913669064748,0.0,0.7420494699646644,0.9869281045751634,0.1295641931684334,0.6,0.0,0.5954063604240283,0.0,0.0,0.0053956834532374,0.8644887872699138,0.1295641931684334,0.6
CCT8,265,0.3097616863898197,novel,1.0,False,0.5300353356890459,1.0,0.0,0.0,0.0,0.1366906474820144,0.0,0.4946996466431095,0.8758169934640523,0.2555948174322732,0.25,1.0,0.765017667844523,0.0,0.0,0.0683453237410072,0.6852583200535809,0.2555948174322732,0.25
NHP2,266,0.30975551644922483,novel,1.0,False,0.1448763250883392,0.9305555555555556,0.1044142614601019,0.0,0.0,0.3417266187050359,1.0,0.4840989399293286,0.9673202614379084,0.3109540636042403,0.0,1.0,0.5377159403219474,0.1044142614601019,0.0,0.670863309352518,0.7257096006836186,0.3109540636042403,0.0
RPS16,267,0.2994634400149803,approved_sm_drug,0.0,False,0.1166077738515901,1.0,0.0,0.0,0.0,0.0359712230215827,0.0,0.7773851590106007,0.9934640522875816,0.0459363957597173,0.6,0.0,0.558303886925795,0.0,0.0,0.0179856115107913,0.8854246056490911,0.0459363957597173,0.6
PSMA1,268,0.2984831831063937,novel,1.0,False,0.2261484098939929,1.0,0.0,0.0,0.0,0.3489208633093525,1.0,0.7968197879858657,0.6928104575163399,0.2084805653710247,0.0,0.0,0.6130742049469965,0.0,0.0,0.6744604316546763,0.7448151227511028,0.2084805653710247,0.0
ANAPC4,269,0.2978171231574976,novel,1.0,False,0.2685512367491166,1.0,0.0059422750424448,0.0,0.0,0.5215827338129496,1.0,0.1024734982332155,0.2222222222222222,0.4122497055359246,0.0,1.0,0.6342756183745584,0.0059422750424448,0.0,0.7607913669064748,0.1623478602277188,0.4122497055359246,0.0
RPS9,270,0.2961931472640772,approved_sm_drug,0.0,False,0.0282685512367491,1.0,0.0016977928692699,0.0,0.0,0.0287769784172661,0.0,0.734982332155477,0.9934640522875816,0.1201413427561837,0.6,0.0,0.5141342756183745,0.0016977928692699,0.0,0.014388489208633,0.8642231922215293,0.1201413427561837,0.6
UBL5,271,0.2948109377806422,novel,1.0,False,0.03886925795053,1.0,0.0,0.0,0.0,0.1834532374100719,1.0,0.5053003533568905,0.9738562091503268,0.110718492343934,0.25,1.0,0.519434628975265,0.0,0.0,0.591726618705036,0.7395782812536087,0.110718492343934,0.25
PFDN5,272,0.29457133946191216,novel,1.0,False,0.558303886925795,0.9444444444444444,0.1290322580645161,0.0,0.0,0.0539568345323741,0.0,0.3533568904593639,0.934640522875817,0.0247349823321555,0.25,1.0,0.7513741656851197,0.1290322580645161,0.0,0.026978417266187,0.6439987066675905,0.0247349823321555,0.25
TUBGCP6,273,0.2935125659943855,novel,1.0,False,0.0671378091872791,1.0,0.0178268251273343,0.0,0.0,0.737410071942446,1.0,0.0141342756183745,0.0457516339869281,0.2049469964664311,0.25,1.0,0.5335689045936396,0.0178268251273343,0.0,0.868705035971223,0.0299429548026513,0.2049469964664311,0.25
EIF3E,274,0.29304332815113737,novel,1.0,False,0.1696113074204947,1.0,0.0025466893039047,0.2035589729128218,0.25,0.0683453237410072,0.0,0.6395759717314488,0.9673202614379084,0.2084805653710247,0.25,1.0,0.5848056537102474,0.0025466893039047,0.2267794864564108,0.0341726618705036,0.8034481165846785,0.2084805653710247,0.25
MMS19,275,0.29150045636666777,novel,1.0,False,0.2296819787985865,0.9027777777777778,0.2461799660441426,0.0,0.0,0.4424460431654676,1.0,0.0212014134275618,0.0196078431372549,0.254416961130742,0.0,1.0,0.5662298782881822,0.2461799660441426,0.0,0.7212230215827338,0.0204046282824083,0.254416961130742,0.0
RPS11,276,0.2835714090959616,approved_sm_drug,0.0,False,0.0141342756183745,1.0,0.0,0.0,0.0,0.0251798561151079,0.0,0.7208480565371025,0.9803921568627452,0.0412249705535924,0.6,0.0,0.5070671378091873,0.0,0.0,0.0125899280575539,0.8506201066999238,0.0412249705535924,0.6
SOD1,277,0.2775838103158383,novel,1.0,False,0.3144876325088339,0.9861111111111112,0.0373514431239387,0.0,0.0,0.0719424460431654,0.0,0.0565371024734982,0.1895424836601307,0.0518256772673733,0.6,0.0,0.6502993718099725,0.0373514431239387,0.0,0.0359712230215827,0.1230397930668144,0.0518256772673733,0.6
RPS15,278,0.27473308586554157,approved_sm_drug,0.0,False,0.0176678445229682,1.0,0.0,0.0,0.0,0.0503597122302158,0.0,0.5229681978798587,0.934640522875817,0.0235571260306242,0.6,0.0,0.508833922261484,0.0,0.0,0.0251798561151079,0.7288043603778378,0.0235571260306242,0.6
NOP10,279,0.26915717196241656,novel,1.0,False,0.2049469964664311,1.0,0.0475382003395585,0.0,0.0,0.1258992805755395,0.0,0.8551236749116607,0.9934640522875816,0.3698468786808009,0.0,1.0,0.6024734982332156,0.0475382003395585,0.0,0.0629496402877697,0.9242938635996212,0.3698468786808009,0.0
PSMA2,280,0.2498341596936543,novel,1.0,False,0.0212014134275618,1.0,0.0,0.0,0.0,0.0647482014388489,0.0,0.92226148409894,0.9934640522875816,0.4723203769140164,0.0,0.0,0.5106007067137809,0.0,0.0,0.0323741007194244,0.9578627681932608,0.4723203769140164,0.0
TRAPPC1,281,0.2483019716234202,novel,1.0,False,0.2120141342756183,1.0,0.0118845500848896,0.0,0.0,0.0827338129496402,0.0,0.4275618374558304,0.9673202614379084,0.3945818610129564,0.0,1.0,0.6060070671378092,0.0118845500848896,0.0,0.0413669064748201,0.6974410494468694,0.3945818610129564,0.0
TBCB,282,0.21901277901692265,novel,1.0,False,0.2190812720848056,0.9583333333333334,0.0568760611205432,0.0,0.0,0.0467625899280575,0.0,0.3498233215547703,0.8627450980392157,0.1872791519434629,0.0,1.0,0.5887073027090695,0.0568760611205432,0.0,0.0233812949640287,0.606284209796993,0.1872791519434629,0.0
SAP18,283,0.21306934185077522,novel,1.0,False,0.1342756183745583,1.0,0.0076400679117147,0.0,0.0,0.1043165467625899,0.0,0.3074204946996466,0.8562091503267973,0.2426383981154299,0.0,1.0,0.5671378091872792,0.0076400679117147,0.0,0.0521582733812949,0.581814822513222,0.2426383981154299,0.0
