gene,archetype,glioma_dep_fraction,min_subgroup_n,sl_n_contexts,sc_compartment,sc_specificity_tier,sc_malignant_mean,sc_malignant_specificity,sc_tme_dominated_flag,gtex_max_tpm,gtex_max_tissue,gtex_vital_organ_max,gtex_brain_max,lake_neuron_max,lake_brain_max,gbmap_normal_brain_max,safety_vital_organ,safety_brain_bulk,safety_brain_neuron,safety_body_wide,safety_composite,cns_high_risk,vital_high_risk
PRKAR1A,pan-glioma-dep,0.5555555555555556,40,0,TME-dominated,TME-dominated,0.3825321145028923,-0.5684815618674244,True,152.64700000000002,Artery_Tibial,121.219,126.19,0.4370851411141918,0.4370851411141918,0.9591049606149848,0.1590106007067138,0.13427561837455826,0.028268551236749095,0.26501766784452296,0.10718492343934038,True,False
LMNA,pan-glioma-dep,0.5972222222222222,43,3,TME-dominated,TME-dominated,0.4277314922714454,-0.3507789417272543,True,392.66,Cells_Cultured_fibroblasts,158.442,24.7087,0.0747533175785201,0.4924782128978627,0.7198863384882406,0.12720848056537104,0.6007067137809188,0.6607773851590106,0.09187279151943462,0.4628975265017668,False,False
RPP25L,pan-glioma-dep,0.7916666666666666,57,1,tumor-cell-expressed,not-TME-dominated-weak,0.0853934697462412,-0.0300740543320953,False,66.3498,Muscle_Skeletal,29.8932,27.6346,0.0166839987776561,0.0222876038583632,0.116698273344536,0.5123674911660777,0.5441696113074205,0.9151943462897526,0.5159010600706714,0.6572438162544169,False,False
JUN,pan-glioma-dep,0.5555555555555556,40,1,tumor-cell-expressed,not-TME-dominated-weak,1.58097242902,-0.016622702273553,False,528.967,Adipose_Visceral_Omentum,333.653,97.6156,0.1042028837720412,0.7483890266751771,1.3352413494974154,0.060070671378091856,0.1872791519434629,0.5512367491166077,0.07067137809187274,0.26619552414605413,False,True
VRK1,pan-glioma-dep,0.8055555555555556,58,0,tumor-cell-expressed,not-TME-dominated-weak,0.071376869263736,-0.2113097375980132,False,60.6354,Cells_EBV-transformed_lymphocytes,6.39475,8.48532,0.1115702079297357,0.1115702079297357,0.2826866068617492,0.8975265017667844,0.8303886925795053,0.46289752650176674,0.5512367491166077,0.730270906949352,False,False
CTDNEP1,pan-glioma-dep,0.75,54,1,tumor-cell-expressed,not-TME-dominated-weak,0.2244735804246235,-0.0814354600921737,False,266.568,Muscle_Skeletal,162.372,128.875,0.002627340731658,0.0150846270300619,0.2487984529701852,0.12014134275618371,0.1307420494699647,0.9611307420494699,0.1590106007067138,0.4040047114252061,False,False
FERMT2,pan-glioma-dep,0.875,63,1,tumor-cell-expressed,not-TME-dominated-weak,0.2662250056262559,-0.1751169905876933,False,237.733,Artery_Tibial,88.8402,29.2531,0.0691348517864612,0.3350896758316078,0.4292478175521586,0.21201413427561833,0.5229681978798586,0.6961130742049471,0.17314487632508835,0.47703180212014135,False,False
MET,subset-dep,0.2222222222222222,16,0,tumor-cell-expressed,not-TME-dominated-weak,0.016450479867255,-0.0091040742289824,False,21.256,Nerve_Tibial,12.8225,3.41205,0.2388796593624181,0.2388796593624181,0.0705509483814239,0.7809187279151943,0.9187279151943463,0.16607773851590102,0.8798586572438163,0.6219081272084805,False,False
ITGAV,pan-glioma-dep,0.9166666666666666,66,3,TME-dominated,TME-dominated,0.2324604319257197,-0.3221710226422635,True,99.2809,Artery_Aorta,46.6061,45.2411,0.2894833904505886,0.4532350676390634,0.6458929212107135,0.3462897526501767,0.3816254416961131,0.10954063604240283,0.36749116607773846,0.27915194346289757,False,False
CHMP4B,pan-glioma-dep,0.9861111111111112,71,0,tumor-cell-expressed,not-TME-dominated-weak,0.3139561145275214,-0.0470054902465609,False,334.845,Artery_Tibial,199.926,226.931,0.1887642631690073,0.217424884360308,0.343376789353958,0.10954063604240283,0.06360424028268552,0.2508833922261484,0.12014134275618371,0.1413427561837456,True,False
C3orf38,pan-glioma-dep,0.5555555555555556,40,4,tumor-cell-expressed,not-TME-dominated-weak,0.1029237699776399,-0.0063676162667887,False,30.9532,Testis,8.918560000000001,7.437180000000001,0.0675989292060647,0.0834337963802306,0.1240642387742941,0.8586572438162544,0.8657243816254416,0.7137809187279152,0.7879858657243817,0.812720848056537,False,False
SPCS3,pan-glioma-dep,1.0,72,0,TME-dominated,TME-dominated,0.2026863583578302,-0.586116381369917,True,106.043,Cells_Cultured_fibroblasts,70.5531,43.4749,0.1393656278671895,0.1393656278671895,0.2536357082280294,0.2544169611307421,0.39575971731448767,0.36042402826855124,0.3533568904593639,0.336866902237927,False,False
VCL,pan-glioma-dep,0.5555555555555556,40,3,TME-dominated,TME-dominated,0.0728773089229269,-0.3953180588234329,True,319.41,Artery_Tibial,103.326,16.0323,0.2018728371368554,0.6345796285336369,0.1449812776436006,0.176678445229682,0.7455830388692579,0.215547703180212,0.1307420494699647,0.3792697290930507,False,False
ITGB5,pan-glioma-dep,0.4583333333333333,33,3,tumor-cell-expressed,not-TME-dominated-weak,0.0344190005259734,-0.1156345549535336,False,424.3169999999999,Artery_Aorta,79.2566,19.8872,0.0847173920983162,0.4246828546203414,0.2061574658906528,0.2332155477031802,0.6749116607773852,0.6113074204946997,0.08833922261484095,0.5064782096584217,False,False
SURF4,subset-dep,0.2916666666666667,21,0,tumor-cell-expressed,not-TME-dominated-weak,0.2378860301665038,-0.1032083900973945,False,381.739,Cells_Cultured_fibroblasts,152.471,50.928999999999995,0.0940618465150331,0.0940618465150331,0.3997840011312115,0.1307420494699647,0.33922261484098937,0.5830388692579505,0.09540636042402828,0.3510011778563015,False,False
PDGFRA,subset-dep,0.2638888888888889,19,0,tumor-cell-expressed,confirmed-malignant-enriched,0.3610676309037116,0.3088852412256274,False,217.526,Ovary,60.9157,16.7691,0.0246374975376146,0.5348568462496812,1.6162263121335738,0.27561837455830385,0.7314487632508834,0.8798586572438163,0.19434628975265023,0.6289752650176679,False,False
NOLC1,pan-glioma-dep,0.75,54,0,tumor-cell-expressed,not-TME-dominated-weak,0.1009861118194959,-0.0553871763108943,False,138.455,Cells_EBV-transformed_lymphocytes,49.2278,81.1708,0.1260173631116611,0.239218616251355,0.3763240823014216,0.3356890459363958,0.22261484098939932,0.4028268551236749,0.28621908127208484,0.32037691401649,False,False
GPX4,pan-glioma-dep,0.8888888888888888,64,0,tumor-cell-expressed,not-TME-dominated-weak,1.0274956953957337,-0.0888463170747384,False,1682.13,Testis,273.732,260.978,0.2819656609167336,0.2819656609167336,1.031909424337322,0.0742049469964664,0.05300353356890464,0.1413427561837456,0.021201413427561877,0.08951707891637221,True,True
KIF18B,pan-glioma-dep,0.5694444444444444,41,2,tumor-cell-expressed,not-TME-dominated-weak,0.024039095995835,0.0023674439849651,False,31.9321,Cells_EBV-transformed_lymphocytes,1.04238,0.495728,0.0028289601612464,0.034041190423263,0.0216716520108699,0.9611307420494699,0.9646643109540636,0.9575971731448764,0.7703180212014135,0.96113074204947,False,False
TRAPPC13,pan-glioma-dep,0.4583333333333333,33,0,tumor-cell-expressed,not-TME-dominated-weak,0.0717250995929295,0.0011855298031418,False,24.2169,Brain_Cerebellar_Hemisphere,15.663,24.2169,0.1624398346080489,0.1796675023941432,0.1472147787836465,0.7420494699646643,0.607773851590106,0.3180212014134276,0.8480565371024735,0.5559481743227326,False,False
PTK2,pan-glioma-dep,0.75,54,2,TME-dominated,TME-dominated,0.1507255451821378,-0.4138693298925386,True,51.6905,Artery_Tibial,22.4448,28.6309,1.1224633151298726,1.170188269563997,0.5645948750746765,0.6113074204946997,0.5265017667844523,0.0,0.5971731448763251,0.3792697290930507,True,False
UBC,pan-glioma-dep,0.2916666666666667,21,1,tumor-cell-expressed,not-TME-dominated-weak,1.9149531758419296,-0.1882717524509582,False,629.293,Artery_Tibial,482.672,305.161,0.3722838212030943,0.7319908864191497,1.9159228639169172,0.028268551236749095,0.04240282685512364,0.04946996466431097,0.060070671378091856,0.040047114252061235,True,True
RPL10A,pan-glioma-dep,1.0,72,0,TME-dominated,TME-dominated,1.5675340224572143,-1.270602402751831,True,2562.65,Ovary,759.811,389.057,0.2066864939004393,0.2454746742505786,2.4721766103405436,0.014134275618374548,0.02473498233215543,0.20848056537102477,0.017667844522968212,0.08244994110718491,True,True
FGFR1,subset-dep,0.2777777777777778,20,0,tumor-cell-expressed,not-TME-dominated-weak,0.1930029452224043,0.0219149530842289,False,144.816,Artery_Aorta,60.3967,121.999,0.3496192383536923,0.5207779272256534,0.7524355342311244,0.2826855123674912,0.15547703180212014,0.05653710247349819,0.2720848056537103,0.16489988221436983,True,False
SPOUT1,pan-glioma-dep,1.0,72,0,tumor-cell-expressed,not-TME-dominated-weak,0.0824799375055952,0.0103957989952866,False,41.0397,Brain_Cerebellum,19.2702,41.0397,,,0.2071128013459119,0.667844522968198,0.41696113074204944,0.49823321554770317,0.6749116607773852,0.5276796230859836,False,False
BCCIP,pan-glioma-dep,0.875,63,0,tumor-cell-expressed,not-TME-dominated-weak,0.117501133009189,-0.0490260857332444,False,40.4047,Cells_EBV-transformed_lymphocytes,21.835,25.5144,0.131927503456277,0.1637672943762101,0.259870747825311,0.6183745583038869,0.5865724381625441,0.3816254416961131,0.6784452296819787,0.5288574793875147,False,False
POLR1H,pan-glioma-dep,0.9861111111111112,71,0,tumor-cell-expressed,not-TME-dominated-weak,0.1404930632040428,-0.11597999530391,False,109.827,Cells_EBV-transformed_lymphocytes,52.0234,27.495,,,0.197476823600875,0.32155477031802115,0.5512367491166077,0.49823321554770317,0.34982332155477036,0.4570082449941107,False,False
EAF1,pan-glioma-dep,0.625,45,0,tumor-cell-expressed,not-TME-dominated-weak,0.0890468643337988,-0.041140253128413,False,24.3882,Cells_EBV-transformed_lymphocytes,17.706,24.0478,0.0598149690791802,0.0598149690791802,0.1972077859734947,0.6961130742049471,0.6148409893992932,0.7455830388692579,0.8445229681978799,0.6855123674911661,False,False
NHLRC2,pan-glioma-dep,0.7777777777777778,56,0,tumor-cell-expressed,not-TME-dominated-weak,0.0399496073255279,-0.0395365714594589,False,17.4406,Cervix_Ectocervix,14.7666,10.1991,0.2510517424730271,0.2834159515031909,0.0925515244757248,0.7632508833922261,0.8056537102473498,0.1590106007067138,0.911660777385159,0.5759717314487632,False,False
FRS2,subset-dep,0.2361111111111111,17,0,tumor-cell-expressed,not-TME-dominated-weak,0.0749708472511073,-0.0089654307500054,False,18.1879,Nerve_Tibial,9.29191,15.1507,0.2228107471396909,0.2871662149306514,0.1304782755793102,0.8515901060070672,0.7491166077738516,0.18021201413427557,0.9081272084805654,0.5936395759717314,False,False
CCT6A,pan-glioma-dep,1.0,72,0,tumor-cell-expressed,confirmed-malignant-enriched,0.8335029595622953,0.2553605487008751,False,248.855,Cells_EBV-transformed_lymphocytes,96.8687,125.139,0.1958706324939917,0.2480168798904947,0.596582751382481,0.20141342756183744,0.13780918727915192,0.2332155477031802,0.16607773851590102,0.19081272084805653,False,False
ALG1,pan-glioma-dep,0.9583333333333334,69,0,tumor-cell-expressed,not-TME-dominated-weak,0.0517839704088161,-0.0050169302199557,False,30.6562,Cells_Cultured_fibroblasts,10.2101,8.80251,0.0743940001972073,0.0808109143217048,0.106294247982723,0.8268551236749117,0.823321554770318,0.6643109540636043,0.7950530035335689,0.7714958775029447,False,False
CDC25B,subset-dep,0.3888888888888889,28,0,tumor-cell-expressed,not-TME-dominated-weak,0.1319291234189827,0.0076700035182968,False,143.63299999999998,Brain_Cerebellum,130.19799999999998,143.63299999999998,0.2170127009193319,0.2170127009193319,0.1589812053875489,0.14487632508833925,0.10600706713780916,0.1872791519434629,0.2826855123674912,0.14605418138987045,False,False
TIMM9,pan-glioma-dep,0.8055555555555556,58,0,tumor-cell-expressed,not-TME-dominated-weak,0.1944107596904768,-0.011367040669791,False,67.3903,Cells_EBV-transformed_lymphocytes,32.2727,31.3881,0.0685022436848599,0.0994688614369905,0.2057778003602678,0.48056537102473496,0.49823321554770317,0.7031802120141343,0.5123674911660777,0.5606595995288575,False,False
KLF16,subset-dep,0.4583333333333333,33,0,tumor-cell-expressed,not-TME-dominated-weak,0.0374107141748218,-0.0099336012902291,False,47.6576,Brain_Nucleus_accumbens_basal_ganglia,17.0742,47.6576,0.0290519172388019,0.0412752903838411,0.0285575234077193,0.7137809187279152,0.36042402826855124,0.8586572438162544,0.6289752650176679,0.6442873969375736,False,False
KIF2C,subset-dep,0.3333333333333333,24,3,tumor-cell-expressed,not-TME-dominated-weak,0.0548026892951098,-0.0338988041723236,False,159.471,Testis,1.57739,0.983871,0.0072299685806495,0.0163012832341582,0.0887014934674335,0.950530035335689,0.9575971731448764,0.9363957597173145,0.2544169611307421,0.9481743227326266,False,False
GOLT1B,subset-dep,0.3888888888888889,28,0,tumor-cell-expressed,not-TME-dominated-weak,0.1425123116439289,-0.0348065954848099,False,62.9218,Cells_Cultured_fibroblasts,34.5088,45.3241,0.2170683613428119,0.2170683613428119,0.1598100852492566,0.46289752650176674,0.3745583038869258,0.18374558303886923,0.5406360424028269,0.3404004711425206,False,False
TCP1,pan-glioma-dep,1.0,72,0,tumor-cell-expressed,not-TME-dominated-weak,0.4762813034345616,0.0184635344175909,False,220.664,Cells_EBV-transformed_lymphocytes,101.854,109.377,0.1206678296243718,0.1206678296243718,0.6256864396008578,0.18374558303886923,0.16254416961130747,0.42756183745583043,0.19081272084805656,0.2579505300353357,False,False
PSMG4,pan-glioma-dep,0.9861111111111112,71,0,tumor-cell-expressed,not-TME-dominated-weak,0.1231990006544336,0.0245552478883183,False,7.465489999999999,Fallopian_Tube,4.37069,6.49483,0.1248098102580763,0.151461967639099,0.1509009382941506,0.911660777385159,0.8869257950530035,0.4134275618374559,0.9752650176678446,0.7373380447585394,False,False
PDCL3,subset-dep,0.4722222222222222,34,0,tumor-cell-expressed,not-TME-dominated-weak,0.1421329497789951,-0.0931543960519029,False,36.9194,Artery_Tibial,21.6149,18.9919,0.016278960613101,0.0876479841522341,0.2110423349510277,0.6254416961130742,0.6961130742049471,0.9187279151943463,0.7102473498233215,0.7467608951707891,False,False
BRAT1,pan-glioma-dep,0.6388888888888888,46,0,tumor-cell-expressed,not-TME-dominated-weak,0.1389983785810455,0.037715348811545,False,94.609,Testis,39.7109,72.6772,0.1070635589373101,0.1070635589373101,0.3868353993377902,0.4098939929328622,0.2720848056537103,0.5406360424028269,0.3851590106007067,0.40753828032979983,False,False
FAM50A,pan-glioma-dep,0.6805555555555556,49,0,tumor-cell-expressed,not-TME-dominated-weak,0.2397008012329967,-0.1289103802685313,False,143.86700000000002,Pituitary,123.158,131.86700000000002,0.1978673461042238,0.199932838936406,0.368611181501528,0.15194346289752647,0.11307420494699649,0.22968197879858654,0.2791519434628975,0.16489988221436983,False,False
HAUS3,pan-glioma-dep,1.0,72,0,tumor-cell-expressed,not-TME-dominated-weak,0.0488426768354691,-0.0556318308483229,False,10.6473,Cells_EBV-transformed_lymphocytes,7.78107,9.67628,,,0.0587136180650803,0.88339222614841,0.8127208480565371,0.49823321554770317,0.9540636042402827,0.7314487632508834,False,False
KIF18A,pan-glioma-dep,0.9722222222222222,70,0,tumor-cell-expressed,not-TME-dominated-weak,0.0228179544667327,-0.046648256235933,False,19.3301,Cells_EBV-transformed_lymphocytes,1.24575,0.275843,0.004538727956035,0.035752602908905,0.0694662107026657,0.9575971731448764,0.9752650176678446,0.9434628975265018,0.8975265017667844,0.9587750294464076,False,False
SYS1,pan-glioma-dep,1.0,72,0,tumor-cell-expressed,not-TME-dominated-weak,0.1135500042990481,-0.0410260855599606,False,22.9862,Uterus,18.3286,10.1998,0.0004459950789294,0.0004459950789294,0.1370857517819175,0.6819787985865724,0.8021201413427562,0.9893992932862191,0.8621908127208481,0.8244994110718492,False,False
POP7,pan-glioma-dep,0.9583333333333334,69,0,tumor-cell-expressed,not-TME-dominated-weak,0.3362075268468326,0.146489438312198,False,80.3228,Brain_Cerebellar_Hemisphere,34.983000000000004,80.3228,0.078283763036735,0.078283763036735,0.2402414350259688,0.4593639575971732,0.2332155477031802,0.6431095406360424,0.441696113074205,0.44522968197879864,False,False
SNRPB2,pan-glioma-dep,0.8333333333333334,60,1,tumor-cell-expressed,not-TME-dominated-weak,0.6523119835086986,-0.1629889989082462,False,69.3803,Cells_EBV-transformed_lymphocytes,30.0896,24.9601,0.0680865352002617,0.1100432965537905,0.8153009824169448,0.5088339222614842,0.5971731448763251,0.7067137809187279,0.49823321554770317,0.6042402826855123,False,False
SEC62,subset-dep,0.3888888888888889,28,0,TME-dominated,TME-dominated,0.8387493743691272,-0.3014965371674154,True,86.3487,Brain_Spinal_cord_cervical_c-1,50.0405,86.3487,0.6101539348739898,0.6101539348739898,1.1402459115365426,0.33215547703180215,0.20848056537102477,0.014134275618374548,0.41696113074204944,0.18492343934040048,True,False
LYRM4,pan-glioma-dep,1.0,72,1,tumor-cell-expressed,not-TME-dominated-weak,0.163502326264695,-0.0578536584586563,False,7.98525,Ovary,4.34544,6.16095,0.2084622748925127,0.2150869163002072,0.2213559847233513,0.9187279151943463,0.8975265017667844,0.2049469964664311,0.9646643109540636,0.673733804475854,False,False
C19orf53,pan-glioma-dep,0.8055555555555556,58,1,tumor-cell-expressed,not-TME-dominated-weak,0.7787197468134418,0.040236429147264,False,192.66,Cells_Cultured_fibroblasts,108.411,94.7882,0.0751274183330602,0.1067715868164432,0.7384833176661778,0.16961130742049468,0.19787985865724378,0.6537102473498233,0.21201413427561833,0.3404004711425206,False,False
TAF1C,pan-glioma-dep,1.0,72,1,tumor-cell-expressed,not-TME-dominated-weak,0.0590614247596078,-0.0857961095239068,False,115.355,Ovary,67.4024,68.9342,0.0951124172231071,0.1187436895806534,0.2009048915722153,0.25795053003533563,0.2897526501766784,0.5759717314487632,0.3356890459363958,0.3745583038869258,False,False
SBDS,pan-glioma-dep,1.0,72,0,tumor-cell-expressed,not-TME-dominated-weak,0.6545866338812631,-0.1910592426459036,False,562.956,Artery_Tibial,234.207,271.857,0.0968724753257597,0.1381012641758502,0.8456458765271668,0.08127208480565373,0.04593639575971731,0.5724381625441697,0.06713780918727918,0.23321554770318023,True,True
KRTAP21-1,subset-dep,0.2083333333333333,15,0,tumor-cell-expressed,not-measured,,,,0.118247,Testis,0.0,0.0,,,,0.9929328621908127,0.9946996466431095,0.49823321554770317,0.9929328621908127,0.8286219081272085,False,False
INTS12,pan-glioma-dep,0.6805555555555556,49,0,tumor-cell-expressed,not-TME-dominated-weak,0.1054581513386785,0.0167925288680389,False,19.4015,Cells_EBV-transformed_lymphocytes,11.9081,8.32143,0.0732696598014282,0.1356019789321818,0.1951304448828582,0.8056537102473498,0.833922261484099,0.6749116607773852,0.8939929328621908,0.7714958775029447,False,False
DDX51,pan-glioma-dep,0.9861111111111112,71,1,tumor-cell-expressed,not-TME-dominated-weak,0.0537218309135487,0.0049123440677237,False,48.1957,Brain_Cerebellum,19.8121,48.1957,0.1042561758376178,0.1042561758376178,0.1452038044279271,0.657243816254417,0.3533568904593639,0.5477031802120141,0.6219081272084805,0.519434628975265,False,False
DDX55,pan-glioma-dep,0.9861111111111112,71,0,tumor-cell-expressed,not-TME-dominated-weak,0.0854616718551705,0.009427871704907,False,31.2359,Cells_EBV-transformed_lymphocytes,17.3114,27.6176,0.1468632160346454,0.3440123651045249,0.1146983213892037,0.6996466431095406,0.5477031802120141,0.3356890459363958,0.773851590106007,0.5276796230859836,False,False
PRKRA,pan-glioma-dep,0.7638888888888888,55,0,tumor-cell-expressed,not-TME-dominated-weak,0.2261906506176301,0.0115011697642112,False,67.7091,Artery_Tibial,35.5649,43.6404,0.1684755220468718,0.1684755220468718,0.4096136066046628,0.45229681978798586,0.38869257950530034,0.30388692579505305,0.5088339222614842,0.3816254416961131,False,False
PREB,pan-glioma-dep,1.0,72,0,tumor-cell-expressed,not-TME-dominated-weak,0.1204146912990853,0.0074852171274434,False,133.408,Uterus,77.2925,71.4374,0.0793629532100448,0.1811249772567527,0.3367357768795707,0.23674911660777387,0.2791519434628975,0.6360424028268552,0.2968197879858657,0.38398115429917556,False,False
TAF1A,pan-glioma-dep,0.9583333333333334,69,0,tumor-cell-expressed,not-TME-dominated-weak,0.0332020828406834,-0.0181211418956297,False,7.54534,Cells_EBV-transformed_lymphocytes,3.26918,2.7639,0.0188173715460713,0.0280512989017302,0.0513232247363132,0.9257950530035336,0.9257950530035336,0.9081272084805654,0.9681978798586572,0.9199057714958775,False,False
CCT4,pan-glioma-dep,1.0,72,1,tumor-cell-expressed,not-TME-dominated-weak,0.4691889452902107,0.0157370074954584,False,270.731,Cells_EBV-transformed_lymphocytes,95.2102,123.665,0.1846498132219642,0.2154783881036428,0.6639158400622281,0.20848056537102477,0.14840989399293292,0.2720848056537103,0.15194346289752647,0.209658421672556,False,False
HSCB,pan-glioma-dep,0.8194444444444444,59,1,tumor-cell-expressed,not-TME-dominated-weak,0.0886243568726425,-0.0028653801931029,False,33.6607,Cervix_Endocervix,17.2231,14.3281,0.0689515511258132,0.0730864490163889,0.1229346253279316,0.7102473498233215,0.7632508833922261,0.6996466431095406,0.7526501766784452,0.724381625441696,False,False
EIF3B,pan-glioma-dep,1.0,72,0,tumor-cell-expressed,not-TME-dominated-weak,0.258611539714991,0.1168654088306048,False,203.872,Cells_Cultured_fibroblasts,98.4603,80.9414,0.1386373527125507,0.172488270720186,0.2381803169846534,0.19434628975265023,0.22614840989399299,0.3639575971731449,0.2049469964664311,0.26148409893992935,False,False
HAUS2,pan-glioma-dep,0.9861111111111112,71,0,tumor-cell-expressed,not-TME-dominated-weak,0.0688308631682229,-0.0095990995960267,False,26.9355,Cells_EBV-transformed_lymphocytes,11.0769,10.6791,0.0540947694651857,0.056617761787271,0.0784299627642497,0.8091872791519434,0.7879858657243817,0.7561837455830389,0.8303886925795053,0.7844522968197879,False,False
SETD5,subset-dep,0.2916666666666667,21,0,tumor-cell-expressed,not-TME-dominated-weak,0.3221397209124105,0.0786531535327721,False,79.3874,Brain_Cerebellum,52.3764,79.3874,0.582556377940343,0.8535440533671336,0.5680135555805699,0.3180212014134276,0.24028268551236753,0.017667844522968212,0.44522968197879864,0.19199057714958778,True,False
UBTF,pan-glioma-dep,1.0,72,0,tumor-cell-expressed,not-TME-dominated-weak,0.1564228735170817,-0.0276467851592863,False,72.8934,Brain_Cerebellum,38.3376,72.8934,0.1719146162745415,0.4179791829967401,0.2536696872927926,0.42756183745583043,0.26501766784452296,0.2826855123674912,0.4664310954063604,0.3250883392226149,False,False
ERCC6L,subset-dep,0.2361111111111111,17,0,tumor-cell-expressed,not-TME-dominated-weak,0.005205163384812,-0.0068805742896501,False,9.31565,Cells_EBV-transformed_lymphocytes,0.341541,0.453913,0.0040237751041179,0.0256658761972981,0.0137295120024267,0.9787985865724381,0.9681978798586572,0.9469964664310954,0.9575971731448764,0.9646643109540637,False,False
NDC1,pan-glioma-dep,0.7083333333333334,51,0,tumor-cell-expressed,not-TME-dominated-weak,0.0416163429938642,-0.0100085540486537,False,37.223,Cells_EBV-transformed_lymphocytes,6.5109699999999995,6.663189999999999,0.0771818577138334,0.1342899623871609,0.0436878516789405,0.8904593639575972,0.88339222614841,0.646643109540636,0.6996466431095406,0.8068315665488811,False,False
PES1,pan-glioma-dep,0.9861111111111112,71,0,tumor-cell-expressed,not-TME-dominated-weak,0.100105254822553,0.0131691580981099,False,91.4293,Cells_Cultured_fibroblasts,36.9099,26.8177,0.0351652502723212,0.0973174060005672,0.1030642634088342,0.441696113074205,0.5618374558303887,0.8374558303886925,0.4028268551236749,0.6136631330977621,False,False
CYFIP1,subset-dep,0.375,27,0,TME-dominated,TME-dominated,0.1262155990143795,-0.4717261862096942,True,69.2794,Artery_Aorta,57.4526,17.0979,0.2239179841614645,1.0338316516444013,0.1605348310643626,0.30388692579505305,0.7243816254416962,0.176678445229682,0.5017667844522968,0.4016489988221437,False,False
PDCD5,pan-glioma-dep,0.5694444444444444,41,0,tumor-cell-expressed,confirmed-malignant-enriched,0.6107044792978491,0.1726069908212209,False,103.656,Cells_Cultured_fibroblasts,61.7259,77.0623,0.1858034673395531,0.1858034673395531,0.3590314713391391,0.2720848056537103,0.25795053003533563,0.26501766784452296,0.3568904593639576,0.26501766784452296,False,False
RABGGTB,pan-glioma-dep,1.0,72,0,tumor-cell-expressed,not-TME-dominated-weak,0.1751746452892076,-0.0789633093073271,False,58.6586,Cells_EBV-transformed_lymphocytes,40.1167,24.4166,0.0668812536432924,0.1380224662572783,0.2541379545965348,0.3992932862190812,0.6042402826855124,0.7208480565371025,0.558303886925795,0.574793875147232,False,False
SRSF2,pan-glioma-dep,1.0,72,0,tumor-cell-expressed,not-TME-dominated-weak,0.6561835586551202,-0.1247312932159395,False,305.85900000000004,Cells_EBV-transformed_lymphocytes,230.696,203.651,0.2546332063903472,0.2546332063903472,0.748286135494709,0.0848056537102474,0.07773851590106007,0.15547703180212014,0.13427561837455826,0.1060070671378092,True,True
DPH3,pan-glioma-dep,0.9722222222222222,70,0,tumor-cell-expressed,not-TME-dominated-weak,0.1253420406536549,-0.0269981162959707,False,27.5831,Cells_Cultured_fibroblasts,18.6618,17.4471,0.0358976148246121,0.0438687693511632,0.1578633433038538,0.6749116607773852,0.7208480565371025,0.833922261484099,0.823321554770318,0.7432273262661956,False,False
PPAN,pan-glioma-dep,1.0,72,0,tumor-cell-expressed,not-TME-dominated-weak,0.0783722691506745,-0.0281184639086334,False,131.015,Cells_EBV-transformed_lymphocytes,25.6812,33.4707,,,0.045056617849292,0.5759717314487632,0.48056537102473496,0.49823321554770317,0.3074204946996466,0.5182567726737338,False,False
UBE2C,pan-glioma-dep,0.875,63,0,tumor-cell-expressed,not-TME-dominated-weak,0.1781541255954786,0.012669590296314,False,144.451,Cells_EBV-transformed_lymphocytes,4.0311,0.395189,0.0009138988902585,0.0156157150697095,0.1654845352991645,0.9222614840989399,0.9717314487632509,0.9858657243816255,0.27561837455830385,0.9599528857479388,False,False
ACTL6A,pan-glioma-dep,1.0,72,0,tumor-cell-expressed,not-TME-dominated-weak,0.1707328107982775,-0.0512922839035271,False,74.5236,Testis,26.3973,17.0924,0.0101832290471484,0.0980074900649721,0.2220250947018046,0.5618374558303887,0.7279151943462898,0.9328621908127208,0.46289752650176674,0.740871613663133,False,False
RSAD1,subset-dep,0.3888888888888889,28,0,tumor-cell-expressed,not-TME-dominated-weak,0.0852007917577984,0.0246262795278944,False,96.7434,Brain_Cerebellum,42.7401,96.7434,0.1248619639392159,0.1571893183411893,0.2765357900749553,0.3816254416961131,0.19081272084805656,0.4098939929328622,0.37809187279151946,0.3274440518256773,False,False
PPP2R1A,pan-glioma-dep,0.9722222222222222,70,1,tumor-cell-expressed,not-TME-dominated-weak,0.4934324198156891,0.0929809923613527,False,181.189,Brain_Cerebellum,99.9416,181.189,0.3204124154358109,0.3204124154358109,1.096768552606756,0.19081272084805656,0.09187279151943462,0.07773851590106007,0.22968197879858654,0.12014134275618375,True,False
RPTOR,pan-glioma-dep,0.9861111111111112,71,2,tumor-cell-expressed,not-TME-dominated-weak,0.0318771839392377,0.0020310954573771,False,18.8553,Colon_Sigmoid,10.4818,14.8683,0.2969345638714566,0.3573124565739989,0.0500310935036984,0.8197879858657244,0.7526501766784452,0.10600706713780916,0.901060070671378,0.5594817432273262,False,False
TMED2,pan-glioma-dep,0.7361111111111112,53,0,tumor-cell-expressed,not-TME-dominated-weak,0.5442499762144333,-0.134407489277783,False,222.30900000000003,Cells_Cultured_fibroblasts,102.783,52.3103,0.0670568158316905,0.0851677935885231,0.5206576721234755,0.18021201413427557,0.3356890459363958,0.7173144876325088,0.1872791519434629,0.4110718492343934,False,False
PPP1R12A,pan-glioma-dep,0.9722222222222222,70,1,TME-dominated,TME-dominated,0.3048865055823081,-0.2638991907567274,True,150.891,Artery_Tibial,46.3811,26.1476,0.8081513740501741,0.9446223276164684,0.5600448652140556,0.34982332155477036,0.5795053003533569,0.0035335689045936647,0.26855123674911663,0.3109540636042403,True,False
SNUPN,pan-glioma-dep,0.9861111111111112,71,0,tumor-cell-expressed,not-TME-dominated-weak,0.0896336520756101,0.0042634834601949,False,40.0247,Testis,14.6774,13.919,0.0374415982582004,0.0555634954118872,0.1908606182445179,0.7667844522968198,0.7703180212014135,0.823321554770318,0.6855123674911661,0.7868080094228503,False,False
MAK16,pan-glioma-dep,1.0,72,0,tumor-cell-expressed,not-TME-dominated-weak,0.0555549757768602,0.0113503882202169,False,23.9486,Cells_Cultured_fibroblasts,9.7999,9.92756,0.0287652208259044,0.060150423913537,0.0931483290412209,0.8374558303886925,0.8091872791519434,0.8657243816254416,0.8551236749116607,0.8374558303886926,False,False
CHMP7,pan-glioma-dep,0.7638888888888888,55,1,tumor-cell-expressed,not-TME-dominated-weak,0.0800706815254437,-0.0075762608039629,False,49.391000000000005,Spleen,27.2616,34.0546,0.0722943293007125,0.0722943293007125,0.2082177525894208,0.5477031802120141,0.46996466431095407,0.6784452296819787,0.6148409893992932,0.5653710247349824,False,False
RAB1A,subset-dep,0.25,18,0,tumor-cell-expressed,not-TME-dominated-weak,0.4849652846518707,-0.1718342638678126,False,276.258,Cells_Cultured_fibroblasts,201.895,156.92600000000002,0.2682374978323078,0.6398176021451896,0.7813193635507063,0.10600706713780916,0.1024734982332155,0.14840989399293292,0.14487632508833925,0.11896348645465253,False,False
CDK2,pan-glioma-dep,0.8055555555555556,58,1,tumor-cell-expressed,not-TME-dominated-weak,0.0567148694155115,-0.0938563004915027,False,64.4682,Cells_EBV-transformed_lymphocytes,33.5253,3.33791,0.0012341191090476,0.0172586241260367,0.0503545708617239,0.46996466431095407,0.9222614840989399,0.9787985865724381,0.5300353356890459,0.790341578327444,False,False
SPCS2,pan-glioma-dep,0.9305555555555556,67,0,TME-dominated,TME-dominated,0.8047259182913203,-0.2612852116848322,True,51.3048,Cells_EBV-transformed_lymphocytes,35.1254,36.8482,0.1029555561251156,0.2701573624247042,0.8362339179529783,0.4558303886925795,0.45229681978798586,0.558303886925795,0.6007067137809188,0.48881036513545345,False,False
ELAC2,pan-glioma-dep,1.0,72,0,tumor-cell-expressed,not-TME-dominated-weak,0.0959254187972442,0.0118959702541482,False,68.6057,Cells_EBV-transformed_lymphocytes,40.7979,41.9903,0.0677724077393937,0.1462379652502309,0.2887913964011452,0.39575971731448767,0.40636042402826855,0.7102473498233215,0.5053003533568905,0.5041224970553593,False,False
GPR61,pan-glioma-dep,0.5138888888888888,37,0,tumor-cell-expressed,not-TME-dominated-weak,0.0003536451382738,-0.0005310998112283,False,8.052660000000001,Pituitary,0.391917,6.24385,0.0308725728394696,0.0462175491340444,0.0662669160149314,0.9752650176678446,0.8939929328621908,0.8515901060070672,0.9611307420494699,0.906949352179034,False,False
GRB2,pan-glioma-dep,0.9305555555555556,67,1,TME-dominated,TME-dominated,0.2465764851635604,-0.4621887182365808,True,186.054,Cells_EBV-transformed_lymphocytes,88.3493,98.5342,0.2828186107935702,0.3310146413730214,0.6759396290237253,0.21908127208480566,0.18374558303886923,0.13427561837455826,0.22261484098939932,0.17903415783274437,False,False
ODR4,subset-dep,0.2777777777777778,20,0,tumor-cell-expressed,not-TME-dominated-weak,0.1201599037012223,-0.0087966883215819,False,28.2389,Thyroid,19.3105,19.1314,,,0.1415912539972735,0.6643109540636043,0.6890459363957597,0.49823321554770317,0.8197879858657244,0.6171967020023558,False,False
ZNHIT3,pan-glioma-dep,0.6666666666666666,48,0,tumor-cell-expressed,not-TME-dominated-weak,0.2599810376361254,-0.0616174700109523,False,40.3824,Testis,18.1963,37.9384,0.0740165737978659,0.0968259499967969,0.3215985076470777,0.6855123674911661,0.441696113074205,0.6713780918727915,0.6819787985865724,0.5995288574793874,False,False
ELAVL1,subset-dep,0.3472222222222222,25,0,tumor-cell-expressed,not-TME-dominated-weak,0.268789181493645,-0.0019761594734929,False,55.4733,Cells_EBV-transformed_lymphocytes,27.4395,34.0109,0.1702624539280241,0.2170422191164946,0.2261964949694546,0.5441696113074205,0.47349823321554774,0.29328621908127206,0.5795053003533569,0.4369846878680801,False,False
UBA5,pan-glioma-dep,0.7222222222222222,52,0,tumor-cell-expressed,not-TME-dominated-weak,0.1203285766999078,-0.0170843117590812,False,53.2748,Pituitary,31.7476,31.4208,0.119930689689104,0.1461841130528168,0.1855757317759774,0.49116607773851595,0.4946996466431095,0.43462897526501765,0.5865724381625441,0.4734982332155477,False,False
EGLN1,subset-dep,0.2777777777777778,20,0,tumor-cell-expressed,not-TME-dominated-weak,0.130432626934862,-0.0668437106051282,False,155.851,Muscle_Skeletal,19.7247,29.5459,0.1688736901618454,0.2728361990677841,0.1902448598655962,0.6607773851590106,0.519434628975265,0.3003533568904594,0.25795053003533563,0.4935217903415783,False,False
SRF,pan-glioma-dep,0.7083333333333334,51,1,tumor-cell-expressed,not-TME-dominated-weak,0.0630386502527328,-0.0492920478546455,False,164.804,Colon_Sigmoid,60.654,38.3721,0.110693941271182,0.1264369548634258,0.0859361271704396,0.2791519434628975,0.431095406360424,0.49823321554770317,0.24734982332155475,0.4028268551236749,False,False
RPS17,pan-glioma-dep,0.8333333333333334,60,0,TME-dominated,TME-dominated,1.268700095480394,-1.7411002224062828,True,1429.71,Cells_EBV-transformed_lymphocytes,514.125,263.901,0.2266298224798433,0.5053725269170228,3.009800317886677,0.02473498233215543,0.04946996466431097,0.17314487632508835,0.028268551236749095,0.08244994110718491,True,True
CCT3,pan-glioma-dep,1.0,72,1,tumor-cell-expressed,not-TME-dominated-weak,0.5524374279428198,-0.1464086690190955,False,238.717,Cells_EBV-transformed_lymphocytes,88.7915,122.782,0.1701459052975917,0.1701459052975917,0.7767624638297341,0.215547703180212,0.15194346289752647,0.2968197879858657,0.16961130742049468,0.22143698468786807,False,False
RAC1,pan-glioma-dep,0.8888888888888888,64,1,tumor-cell-expressed,not-TME-dominated-weak,1.3301904165143037,-0.1592586355376537,False,372.568,Esophagus_Mucosa,263.05400000000003,351.236,0.3662883362604373,0.4997044975399231,1.2107676100476832,0.07773851590106007,0.028268551236749095,0.05300353356890464,0.10600706713780916,0.0530035335689046,True,True
EXT1,subset-dep,0.3333333333333333,24,1,tumor-cell-expressed,not-TME-dominated-weak,0.031945595606022,-0.0604560367550144,False,72.1908,Artery_Aorta,23.8198,4.964980000000001,0.7178960946826141,0.7178960946826141,0.1931674697182395,0.5971731448763251,0.9045936395759717,0.007067137809187329,0.47349823321554774,0.502944640753828,True,False
LSM6,pan-glioma-dep,1.0,72,1,TME-dominated,TME-dominated,0.2110759299690305,-0.260926524135663,True,29.2822,Cells_EBV-transformed_lymphocytes,10.0925,9.18566,0.0472821459514664,0.0472821459514664,0.4720024541046936,0.8303886925795053,0.8197879858657244,0.7773851590106007,0.8056537102473498,0.8091872791519436,False,False
E2F3,subset-dep,0.25,18,1,tumor-cell-expressed,not-TME-dominated-weak,0.0699426442166906,-0.0200605687838758,False,16.6518,Cells_EBV-transformed_lymphocytes,9.44986,7.71548,0.1651278286600367,0.1651278286600367,0.0667689452970648,0.8445229681978799,0.8515901060070672,0.31448763250883394,0.9222614840989399,0.6702002355712603,False,False
MZT2A,pan-glioma-dep,0.4444444444444444,32,0,tumor-cell-expressed,not-TME-dominated-weak,0.4037251679732275,-0.034479117061038,False,101.193,Cells_EBV-transformed_lymphocytes,58.153,68.5714,0.1294093260645183,0.1324511068765187,0.2807834310965104,0.3003533568904594,0.29328621908127206,0.38869257950530034,0.3639575971731449,0.32744405182567726,False,False
NELFA,pan-glioma-dep,1.0,72,0,tumor-cell-expressed,not-TME-dominated-weak,0.0920859762838735,0.0186322301847736,False,37.1728,Testis,17.0115,32.1468,0.3048307992841146,0.3048307992841146,0.1265151003195393,0.7173144876325088,0.4876325088339223,0.08833922261484095,0.7031802120141343,0.43109540636042404,True,False
PPP1CB,pan-glioma-dep,1.0,72,1,tumor-cell-expressed,confirmed-malignant-enriched,0.7025663609021248,0.1694090512481921,False,334.555,Artery_Tibial,122.165,69.9257,0.1105516614483285,0.3560168656070269,0.5794610398353179,0.15547703180212014,0.28621908127208484,0.5335689045936396,0.12367491166077738,0.3250883392226149,False,False
KDM8,pan-glioma-dep,0.6805555555555556,49,0,tumor-cell-expressed,not-TME-dominated-weak,0.0054884545958493,-0.0023218307581446,False,36.3901,Liver,36.3901,7.44928,0.0210076971764052,0.0511200331922586,0.125103852965615,0.44522968197879864,0.8621908127208481,0.8975265017667844,0.7208480565371025,0.7349823321554769,False,False
TAF1D,pan-glioma-dep,0.9027777777777778,65,0,tumor-cell-expressed,not-TME-dominated-weak,0.3102979346345695,-0.1112381097533364,False,79.0661,Cells_EBV-transformed_lymphocytes,49.014,26.3908,0.4208488326311825,0.4208488326311825,0.2728669732133315,0.33922261484098937,0.5724381625441697,0.03180212014134276,0.4487632508833922,0.31448763250883394,True,False
TIMM10,pan-glioma-dep,0.9861111111111112,71,0,tumor-cell-expressed,not-TME-dominated-weak,0.2503622541633572,-0.0377273688626535,False,98.3954,Cells_EBV-transformed_lymphocytes,46.3609,48.9501,0.0481874212585705,0.0666246754657546,0.2880896230260107,0.3533568904593639,0.3462897526501767,0.773851590106007,0.3710247349823321,0.49116607773851584,False,False
USP36,pan-glioma-dep,1.0,72,0,tumor-cell-expressed,not-TME-dominated-weak,0.0651157418668539,-0.1084417804374338,False,46.591,Ovary,29.5161,38.0496,0.1869299797794508,0.2848116791533778,0.1793087504126808,0.519434628975265,0.4381625441696113,0.2614840989399293,0.6395759717314488,0.40636042402826855,False,False
PFDN1,pan-glioma-dep,0.7777777777777778,56,0,tumor-cell-expressed,not-TME-dominated-weak,0.2990601281130112,-0.1929602168080423,False,94.1864,Cells_Cultured_fibroblasts,71.943,93.2875,0.1242787628920096,0.1630861748663449,0.4989360977302898,0.24734982332155475,0.20141342756183744,0.41696113074204944,0.38869257950530034,0.28857479387514723,False,False
SKA1,pan-glioma-dep,0.7361111111111112,53,0,tumor-cell-expressed,not-TME-dominated-weak,0.0196297398959368,-0.0129539155438555,False,25.1338,Cells_EBV-transformed_lymphocytes,0.446378,1.46468,0.0016697730520024,0.0140188497716337,0.0325836554397923,0.9717314487632509,0.950530035335689,0.9717314487632509,0.8374558303886925,0.9646643109540637,False,False
HAUS4,pan-glioma-dep,1.0,72,1,tumor-cell-expressed,not-TME-dominated-weak,0.0217797707481553,-0.0332564145089129,False,92.9507,Ovary,58.3155,25.1228,0.0003867561548124,0.0003867561548124,0.0727565667532772,0.2968197879858657,0.5936395759717314,0.9929328621908127,0.39575971731448767,0.6277974087161367,False,False
MED11,pan-glioma-dep,1.0,72,0,tumor-cell-expressed,not-TME-dominated-weak,0.115614705623052,-0.0085723206856313,False,35.7219,Spleen,28.9017,23.5019,0.022899777438376,0.0376012969498425,0.1241870263086833,0.5300353356890459,0.6183745583038869,0.8904593639575972,0.7314487632508834,0.67962308598351,False,False
CCDC59,pan-glioma-dep,0.875,63,0,tumor-cell-expressed,not-TME-dominated-weak,0.2350728582286446,-0.115962008481654,False,47.5652,Cells_EBV-transformed_lymphocytes,23.0528,20.1413,0.1197857324391044,0.1647472119167307,0.3510348667102986,0.607773851590106,0.6643109540636043,0.4381625441696113,0.6360424028268552,0.5700824499411072,False,False
CSH2,pan-glioma-dep,0.3888888888888889,28,0,tumor-cell-expressed,not-measured,,,,1.6646299999999998,Testis,0.0,0.166116,0.0013824130976105,0.0013824130976105,,0.9929328621908127,0.9823321554770318,0.9752650176678446,0.9858657243816255,0.9835100117785629,False,False
TSEN34,pan-glioma-dep,0.6805555555555556,49,0,tumor-cell-expressed,not-TME-dominated-weak,0.2913646932647428,0.0396017103602521,False,71.4037,Whole_Blood,31.9105,14.2833,0.0325024897762756,0.1370120243263087,0.3122075125575065,0.4876325088339223,0.7667844522968198,0.8480565371024735,0.48056537102473496,0.7008244994110718,False,False
DSCC1,subset-dep,0.3055555555555556,22,0,tumor-cell-expressed,not-TME-dominated-weak,0.0388499285990034,0.0125204349418496,False,18.6422,Cells_EBV-transformed_lymphocytes,2.17418,7.522139999999999,0.0213436269553005,0.0685309953162593,0.0658605098724365,0.9328621908127208,0.8551236749116607,0.8939929328621908,0.9045936395759717,0.8939929328621908,False,False
INTS9,pan-glioma-dep,1.0,72,0,tumor-cell-expressed,not-TME-dominated-weak,0.024637144064464,-0.0001216108340249,False,25.1112,Cells_EBV-transformed_lymphocytes,12.4847,7.48867,0.1026230555457357,0.1028520455349649,0.1630249931053682,0.7950530035335689,0.8586572438162544,0.5618374558303887,0.8409893992932862,0.7385159010600706,False,False
PFDN4,subset-dep,0.25,18,1,TME-dominated,TME-dominated,0.3206733397074306,-0.2534179213296695,True,34.1758,Cells_Cultured_fibroblasts,10.8179,23.4654,0.1211605884676615,0.1307285791910969,0.5740912610371002,0.8127208480565371,0.6254416961130742,0.42402826855123676,0.7491166077738516,0.6207302709069493,False,False
EPRS1,pan-glioma-dep,1.0,72,1,tumor-cell-expressed,not-TME-dominated-weak,0.2349880592991352,0.0101011451908346,False,176.63299999999998,Cells_Cultured_fibroblasts,38.0786,52.593,,,0.3459094139662655,0.43462897526501765,0.33215547703180215,0.49823321554770317,0.24028268551236753,0.4216725559481744,False,False
PTPMT1,pan-glioma-dep,0.7222222222222222,52,1,tumor-cell-expressed,not-TME-dominated-weak,0.1936904069294285,0.0331887968581043,False,64.018,Testis,20.213,17.8884,,,0.3180471141903386,0.6537102473498233,0.7067137809187279,0.49823321554770317,0.5335689045936396,0.6195524146054181,False,False
TSEN54,pan-glioma-dep,0.9583333333333334,69,0,tumor-cell-expressed,not-TME-dominated-weak,0.0623474324875347,-0.1812739623349373,False,61.572,Brain_Cerebellum,29.4214,61.572,0.0937539982116844,0.1129901145751286,0.1193844242529435,0.5229681978798586,0.3074204946996466,0.5865724381625441,0.5477031802120141,0.47232037691401646,False,False
POLR1G,pan-glioma-dep,0.5138888888888888,37,0,tumor-cell-expressed,not-TME-dominated-weak,0.0555887601972201,0.0170475628944338,False,7.148630000000001,Cells_Cultured_fibroblasts,2.3728700000000003,6.74679,,,0.0375192531586585,0.9293286219081272,0.8763250883392226,0.49823321554770317,0.9787985865724381,0.767962308598351,False,False
PPRC1,pan-glioma-dep,0.6388888888888888,46,0,tumor-cell-expressed,not-TME-dominated-weak,0.028053122631122,-0.0116648274375968,False,35.7105,Cells_EBV-transformed_lymphocytes,30.4464,14.335,0.0398378754859977,0.0398378754859977,0.2427851688717642,0.5017667844522968,0.7597173144876326,0.8091872791519434,0.734982332155477,0.690223792697291,False,False
NBAS,pan-glioma-dep,0.7083333333333334,51,0,tumor-cell-expressed,not-TME-dominated-weak,0.0686166271237937,0.0094621506006066,False,28.8018,Testis,13.8652,16.1666,0.4447161324998005,0.4654085085655686,0.2144738327373158,0.7703180212014135,0.7420494699646643,0.02473498233215543,0.8127208480565371,0.5123674911660777,True,False
PFDN5,pan-glioma-dep,0.9444444444444444,68,0,TME-dominated,TME-dominated,1.168231819932039,-0.627705244811003,True,938.711,Ovary,535.3380000000001,482.144,0.4006544745572112,0.4006544745572112,1.6987247683630746,0.017667844522968212,0.017667844522968212,0.03886925795053009,0.04946996466431097,0.024734982332155504,True,True
RINT1,pan-glioma-dep,1.0,72,0,tumor-cell-expressed,not-TME-dominated-weak,0.0670599228162341,0.0250702679379607,False,23.4477,Cells_Cultured_fibroblasts,15.7175,21.1418,0.0877934091367711,0.1107791529057029,0.0781498699178618,0.7385159010600706,0.6607773851590106,0.6007067137809188,0.8586572438162544,0.6666666666666666,False,False
WWTR1,subset-dep,0.4027777777777778,29,2,TME-dominated,TME-dominated,0.1672793507385285,-0.3742922178539908,True,94.0472,Esophagus_Muscularis,47.6024,23.1063,0.0383480930479767,0.5248235176462946,0.1658332086022878,0.34275618374558303,0.6289752650176679,0.8162544169611308,0.392226148409894,0.5959952885747939,False,False
SOCS3,subset-dep,0.2361111111111111,17,0,TME-dominated,TME-dominated,0.3062157866897237,-0.3577563149813858,True,513.484,Fallopian_Tube,366.86300000000006,18.3985,0.0010351331342428,0.123581892676099,0.4285213124646025,0.05653710247349819,0.7031802120141343,0.9823321554770318,0.0742049469964664,0.5806831566548881,False,True
WBP11,pan-glioma-dep,1.0,72,0,tumor-cell-expressed,not-TME-dominated-weak,0.1975167237947907,-0.0354554173345509,False,78.8237,Cells_EBV-transformed_lymphocytes,45.5743,39.8832,0.110488784391129,0.110488784391129,0.2307010621509768,0.36042402826855124,0.4204946996466431,0.5371024734982333,0.45229681978798586,0.43934040047114253,False,False
ARMC5,subset-dep,0.4027777777777778,29,0,tumor-cell-expressed,not-TME-dominated-weak,0.0426843384884388,0.0015778963136841,False,21.1335,Thyroid,12.1316,19.0529,0.0485909973485472,0.1276123233260561,0.1815637463322756,0.8021201413427562,0.6925795053003534,0.7703180212014135,0.88339222614841,0.7550058892815077,False,False
DDX10,pan-glioma-dep,1.0,72,1,tumor-cell-expressed,not-TME-dominated-weak,0.0723603491407493,-0.0435867042636859,False,13.2914,Testis,5.4404900000000005,8.2104,0.3020479769070301,0.3337129085300209,0.1461527157913554,0.9045936395759717,0.8374558303886925,0.09540636042402828,0.9363957597173145,0.6124852767962309,False,False
UFC1,subset-dep,0.3611111111111111,26,0,tumor-cell-expressed,not-TME-dominated-weak,0.4387781981894785,-0.046537816945502,False,116.102,Ovary,84.5742,78.393,0.0635550277147996,0.0665474046728402,0.4925128763372248,0.22614840989399299,0.2508833922261484,0.7279151943462898,0.33215547703180215,0.4016489988221437,False,False
CCT8,pan-glioma-dep,1.0,72,0,TME-dominated,TME-dominated,0.4275818011746895,-0.28669219227276,True,370.219,Cells_EBV-transformed_lymphocytes,100.661,116.71,0.1221211483256714,0.1339219058566973,0.7142739934474496,0.1872791519434629,0.1590106007067138,0.4204946996466431,0.10954063604240283,0.25559481743227325,False,False
RSL1D1,pan-glioma-dep,1.0,72,0,tumor-cell-expressed,not-TME-dominated-weak,0.3721905195088863,-0.1881736768103064,False,122.828,Ovary,38.5445,42.8205,0.1708427755819055,0.2068001662511479,0.5603641963191928,0.4134275618374559,0.4028268551236749,0.28621908127208484,0.3180212014134276,0.3674911660777385,False,False
ELMO2,subset-dep,0.2083333333333333,15,1,tumor-cell-expressed,not-TME-dominated-weak,0.0642415125032919,-0.020640668048598,False,83.1176,Brain_Cerebellum,31.4662,83.1176,0.1738438629410732,0.1805416342172988,0.2916633159438999,0.4946996466431095,0.21201413427561833,0.2791519434628975,0.42756183745583043,0.32862190812720843,False,False
HAUS1,pan-glioma-dep,1.0,72,0,TME-dominated,TME-dominated,0.1392068933998816,-0.3078509467931625,True,48.3763,Cells_EBV-transformed_lymphocytes,14.7975,9.61074,0.02717617565983,0.1556761643476353,0.4470578401930442,0.7597173144876326,0.8162544169611308,0.8692579505300353,0.6183745583038869,0.8150765606595995,False,False
MED26,pan-glioma-dep,0.8333333333333334,60,1,tumor-cell-expressed,not-TME-dominated-weak,0.0335653490630606,-0.0027227467937597,False,57.4701,Testis,7.36178,6.6634899999999995,,,0.025898013098883,0.8869257950530035,0.8798586572438163,0.49823321554770317,0.568904593639576,0.7550058892815077,False,False
FOXK1,subset-dep,0.2777777777777778,20,1,tumor-cell-expressed,not-TME-dominated-weak,0.1182217381456917,0.0123990487830435,False,23.9665,Uterus,13.7433,13.7787,0.1452929478991355,0.1919479621863291,0.1058226893626481,0.773851590106007,0.773851590106007,0.33922261484098937,0.8515901060070672,0.6289752650176678,False,False
NOC3L,pan-glioma-dep,0.9166666666666666,66,0,tumor-cell-expressed,not-TME-dominated-weak,0.0672538501132825,-0.0312753171718317,False,36.6723,Cells_EBV-transformed_lymphocytes,9.33194,6.79978,0.0368737903393278,0.1799527630371173,0.0862402367976404,0.8480565371024735,0.872791519434629,0.8268551236749117,0.7137809187279152,0.8492343934040046,False,False
HAUS5,pan-glioma-dep,0.9861111111111112,71,0,tumor-cell-expressed,not-TME-dominated-weak,0.0506350315175432,0.0152301545314958,False,37.0641,Ovary,12.5548,30.9414,0.0444306155731303,0.080149788603971,0.0508965167696076,0.7915194346289752,0.5017667844522968,0.7879858657243817,0.7067137809187279,0.6937573616018845,False,False
HNRNPH1,pan-glioma-dep,0.9444444444444444,68,1,tumor-cell-expressed,not-TME-dominated-weak,0.6725048208071044,-0.1100991224903853,False,273.51,Ovary,216.80900000000003,173.234,0.323538671821075,0.4252742406847392,0.5473913444736312,0.09540636042402828,0.09540636042402828,0.0742049469964664,0.14840989399293292,0.08833922261484099,True,True
NOB1,pan-glioma-dep,1.0,72,0,tumor-cell-expressed,not-TME-dominated-weak,0.1108051440376655,-0.0313335800227192,False,137.747,Cells_EBV-transformed_lymphocytes,38.0196,26.3678,0.02402453410432,0.0660292411718153,0.185473008589311,0.4381625441696113,0.5759717314487632,0.8869257950530035,0.2897526501766784,0.6336866902237928,False,False
HJV,subset-dep,0.4166666666666667,30,1,tumor-cell-expressed,not-TME-dominated-weak,1.8867081390130655e-06,1.8867081390130655e-06,False,215.564,Muscle_Skeletal,66.0674,0.189794,,,0.0,0.26501766784452296,0.9787985865724381,0.49823321554770317,0.19787985865724378,0.5806831566548881,False,False
NUP54,pan-glioma-dep,0.9027777777777778,65,1,tumor-cell-expressed,not-TME-dominated-weak,0.1145351310994976,-0.0014904553120484,False,38.1,Cells_Cultured_fibroblasts,24.0272,33.5986,0.1576782291765457,0.1807890769652561,0.1305911420814452,0.5901060070671378,0.4770318021201413,0.3250883392226148,0.6925795053003534,0.464075382803298,False,False
PAK1IP1,pan-glioma-dep,1.0,72,0,tumor-cell-expressed,not-TME-dominated-weak,0.1535921043437509,-0.0371313511988022,False,48.0303,Prostate,15.9664,19.430999999999997,0.0693873872407929,0.0739472329619206,0.1907234555425531,0.7314487632508834,0.6819787985865724,0.6890459363957597,0.6254416961130742,0.7008244994110718,False,False
RPS21,pan-glioma-dep,1.0,72,0,TME-dominated,TME-dominated,1.573495097492425,-1.134573565489227,True,1190.82,Ovary,432.796,415.00699999999995,0.3030447179240735,0.4461871274280128,2.708068662981652,0.03180212014134276,0.021201413427561877,0.09187279151943462,0.04240282685512364,0.04829210836277975,True,True
ALG2,pan-glioma-dep,1.0,72,0,tumor-cell-expressed,not-TME-dominated-weak,0.0869541770387089,-0.0702194602987,False,46.5278,Cells_Cultured_fibroblasts,29.591,20.0107,0.0426969254048063,0.10556919690981,0.1519681552931063,0.5159010600706714,0.667844522968198,0.7950530035335689,0.6431095406360424,0.6595995288574793,False,False
ARPC2,pan-glioma-dep,0.7083333333333334,51,0,TME-dominated,TME-dominated,0.7269133143408871,-0.8968353227094671,True,374.31,Cells_EBV-transformed_lymphocytes,220.324,72.0917,0.2893529560253595,0.3195115523717596,0.5685143670594761,0.09187279151943462,0.27561837455830385,0.11307420494699649,0.1024734982332155,0.160188457008245,False,True
ACTR3,pan-glioma-dep,0.7361111111111112,53,3,TME-dominated,TME-dominated,0.3948953680755392,-0.3323069479543915,True,167.56900000000002,Cells_EBV-transformed_lymphocytes,59.6546,30.6152,0.1260286992273686,0.2594198855419649,0.3866276559076308,0.2897526501766784,0.5123674911660777,0.3992932862190812,0.2438162544169611,0.40047114252061244,False,False
PTPN11,pan-glioma-dep,0.9166666666666666,66,0,tumor-cell-expressed,not-TME-dominated-weak,0.1797717647476358,-0.0973647000211894,False,111.383,Cells_Cultured_fibroblasts,45.5861,108.683,0.3311064296591783,0.3311064296591783,0.4352996078404513,0.3568904593639576,0.16961130742049468,0.06713780918727918,0.34275618374558303,0.1978798586572438,True,False
SLC35B2,subset-dep,0.3472222222222222,25,1,tumor-cell-expressed,not-TME-dominated-weak,0.1715442953242411,-0.0082831808806762,False,119.209,Cells_Cultured_fibroblasts,41.7028,37.4293,0.0248659231748563,0.0567221558906464,0.3600036708577986,0.38869257950530034,0.44522968197879864,0.8763250883392226,0.3250883392226148,0.5700824499411072,False,False
COPA,pan-glioma-dep,1.0,72,0,tumor-cell-expressed,not-TME-dominated-weak,0.2398510978851981,-0.2071976674129818,False,263.279,Cells_Cultured_fibroblasts,113.557,124.48,0.282476933980003,0.3116979064936074,1.0131369666619734,0.16607773851590102,0.14487632508833925,0.13780918727915192,0.16254416961130747,0.14958775029446406,False,False
CDC42,pan-glioma-dep,0.9861111111111112,71,0,TME-dominated,TME-dominated,0.6413012148141665,-0.406873009419444,True,227.04,Cells_EBV-transformed_lymphocytes,134.605,107.04,0.2840972533458818,0.2840972533458818,0.9265151511539113,0.13780918727915192,0.17314487632508835,0.1307420494699647,0.18021201413427557,0.14723203769140167,False,False
NARS1,pan-glioma-dep,1.0,72,0,tumor-cell-expressed,not-TME-dominated-weak,0.3650816924783952,0.0258355937959217,False,187.99400000000003,Cells_Cultured_fibroblasts,84.8611,129.62,,,0.4981712075796994,0.22261484098939932,0.12720848056537104,0.49823321554770317,0.21908127208480566,0.2826855123674912,False,False
PSTK,pan-glioma-dep,0.625,45,1,tumor-cell-expressed,not-TME-dominated-weak,0.045630194316822,-0.0188123019395588,False,7.53297,Testis,2.16111,4.66956,0.1166541515644566,0.1172927149155725,0.0644424962563809,0.9363957597173145,0.911660777385159,0.4487632508833922,0.9717314487632509,0.7656065959952886,False,False
NOP2,pan-glioma-dep,1.0,72,0,tumor-cell-expressed,not-TME-dominated-weak,0.0509368166322919,-0.0093769268778022,False,61.5858,Cells_EBV-transformed_lymphocytes,27.4525,25.7176,0.039448383337098,0.0732014968283703,0.1133300123566931,0.5406360424028269,0.5830388692579505,0.8127208480565371,0.5441696113074205,0.6454652532391049,False,False
FOXO3,subset-dep,0.2361111111111111,17,0,tumor-cell-expressed,not-TME-dominated-weak,0.207696340016507,0.0160044315495851,False,71.8138,Artery_Tibial,51.7583,62.285,0.4006227594280282,0.5694835297707385,0.5139862332831729,0.3250883392226148,0.30388692579505305,0.04240282685512364,0.4770318021201413,0.22379269729093051,True,False
NOL12,pan-glioma-dep,0.9583333333333334,69,0,tumor-cell-expressed,not-TME-dominated-weak,0.0756445374633148,-0.0801391192996199,False,46.2783,Brain_Cerebellar_Hemisphere,17.9169,46.2783,0.0024982465954757,0.0051082132554233,0.4324947386472063,0.6890459363957597,0.3639575971731449,0.9646643109540636,0.646643109540636,0.6725559481743227,False,False
MLST8,pan-glioma-dep,0.5972222222222222,43,1,tumor-cell-expressed,not-TME-dominated-weak,0.1460912736949058,0.0513019620314254,False,78.4106,Brain_Cerebellum,23.7844,78.4106,0.113169635362676,0.1171527772055502,0.4969292933290655,0.6042402826855124,0.24734982332155475,0.4593639575971732,0.4558303886925795,0.4369846878680801,False,False
RRP1,pan-glioma-dep,0.9444444444444444,68,0,tumor-cell-expressed,not-TME-dominated-weak,0.1240044571718414,-0.0262565969389855,False,45.0745,Cells_EBV-transformed_lymphocytes,16.3736,21.6218,0.0793267423087576,0.0793267423087576,0.3248780017549341,0.7208480565371025,0.6501766784452296,0.6395759717314488,0.6537102473498233,0.6702002355712603,False,False
NUP35,pan-glioma-dep,0.5972222222222222,43,0,tumor-cell-expressed,not-TME-dominated-weak,0.0746798130005366,-0.0496519174741059,False,29.3647,Testis,8.14685,10.398,0.0329461229620451,0.065888682419912,0.1243317304746426,0.8763250883392226,0.7950530035335689,0.8445229681978799,0.8021201413427562,0.8386336866902239,False,False
H3C8,pan-glioma-dep,0.7222222222222222,52,0,tumor-cell-expressed,not-TME-dominated-weak,0.0035261248075689,-0.0024876149682269,False,14.9721,Whole_Blood,4.70653,0.573782,,,0.0060137397757959,0.9081272084805654,0.9611307420494699,0.49823321554770317,0.9293286219081272,0.7891637220259128,False,False
NUBP2,pan-glioma-dep,0.9166666666666666,66,0,tumor-cell-expressed,not-TME-dominated-weak,0.2633527078429685,0.0632141680961409,False,41.8551,Brain_Cerebellum,26.9177,41.8551,0.0759499007251779,0.0973853542342041,0.2434860496751723,0.5547703180212014,0.4134275618374559,0.6501766784452296,0.667844522968198,0.5394581861012956,False,False
IMP3,pan-glioma-dep,1.0,72,0,tumor-cell-expressed,not-TME-dominated-weak,0.2509818223227946,-0.0398589543555612,False,70.2688,Cells_EBV-transformed_lymphocytes,43.0438,50.9049,0.060437091163335,0.060437091163335,0.389201319353147,0.37809187279151946,0.34275618374558303,0.734982332155477,0.4876325088339223,0.4852767962308599,False,False
ARFRP1,pan-glioma-dep,0.9305555555555556,67,0,tumor-cell-expressed,not-TME-dominated-weak,0.1342633145214526,0.0010951381241964,False,42.2929,Cervix_Endocervix,32.1765,35.2756,0.1317824391590194,0.1317824391590194,0.1805209029804576,0.4840989399293286,0.4593639575971732,0.3851590106007067,0.6607773851590106,0.4428739693757362,False,False
ARHGAP11A,subset-dep,0.2361111111111111,17,0,tumor-cell-expressed,not-TME-dominated-weak,0.0356777471733162,0.0020427968006197,False,34.8026,Cells_EBV-transformed_lymphocytes,1.6558099999999998,4.02806,0.0057112749102081,0.0132513842916788,0.0150392560740512,0.9469964664310954,0.9151943462897526,0.9399293286219081,0.7455830388692579,0.934040047114252,False,False
CIR1,subset-dep,0.4166666666666667,30,0,tumor-cell-expressed,not-TME-dominated-weak,0.2585183330609807,-0.1210185585851106,False,57.7703,Cervix_Endocervix,43.2031,46.2492,0.2088048668591275,0.3871829569580406,0.3795368916460913,0.3745583038869258,0.36749116607773846,0.20141342756183744,0.5618374558303887,0.3144876325088339,False,False
MIS18BP1,pan-glioma-dep,0.9722222222222222,70,0,TME-dominated,TME-dominated,0.0772809099875663,-0.265742472705895,True,35.9825,Cells_EBV-transformed_lymphocytes,9.77657,2.1876900000000004,0.1932867664961305,0.5297379738736103,0.1046881025487726,0.8409893992932862,0.9434628975265018,0.24028268551236753,0.7243816254416962,0.6749116607773852,False,False
TUBB,pan-glioma-dep,1.0,72,1,tumor-cell-expressed,not-measured,,,,1285.7,Cells_EBV-transformed_lymphocytes,276.601,249.479,0.1905823590101975,0.1905823590101975,,0.07067137809187274,0.060070671378091856,0.24734982332155475,0.03886925795053009,0.1260306242638398,True,True
SCFD1,pan-glioma-dep,1.0,72,0,tumor-cell-expressed,not-TME-dominated-weak,0.1744571409258855,-0.0059545223010343,False,51.9694,Pituitary,29.3584,26.5596,0.3419340776324633,0.3667948606441791,0.3309987675059925,0.5265017667844523,0.568904593639576,0.060070671378091856,0.5936395759717314,0.38515901060070673,True,False
NOC4L,pan-glioma-dep,1.0,72,0,tumor-cell-expressed,not-TME-dominated-weak,0.0784597940991106,0.0051791189711766,False,85.9884,Testis,24.4822,27.9328,0.0303793808011256,0.0544322907214049,0.1269053654237227,0.5795053003533569,0.5406360424028269,0.8551236749116607,0.4204946996466431,0.6584216725559481,False,False
AASDHPPT,subset-dep,0.2777777777777778,20,1,tumor-cell-expressed,not-TME-dominated-weak,0.2225282762830848,-0.0059706036943208,False,82.9852,Brain_Cerebellar_Hemisphere,19.0969,82.9852,0.2394134411466465,0.2394134411466465,0.5081129805608229,0.6713780918727915,0.215547703180212,0.16254416961130747,0.431095406360424,0.3498233215547703,False,False
CCNK,pan-glioma-dep,1.0,72,0,tumor-cell-expressed,not-TME-dominated-weak,0.0830006454108368,-0.0370191485895585,False,31.1334,Cells_EBV-transformed_lymphocytes,13.2941,7.78675,0.0750353158235838,0.1032377574690983,0.1909550753506747,0.7773851590106007,0.8480565371024735,0.657243816254417,0.7773851590106007,0.7608951707891638,False,False
MT1E,pan-glioma-dep,0.5694444444444444,41,0,tumor-cell-expressed,not-TME-dominated-weak,0.5753816487283023,-0.214479421726084,False,694.0980000000001,Cells_Cultured_fibroblasts,418.985,226.765,0.0036151025839745,0.3153510882368598,0.549144075095998,0.03886925795053009,0.06713780918727918,0.9540636042402827,0.05653710247349819,0.35335689045936397,True,True
BRCA1,pan-glioma-dep,0.5,36,0,tumor-cell-expressed,not-TME-dominated-weak,0.0597541512436265,-0.008745477413873,False,19.7684,Cells_EBV-transformed_lymphocytes,1.74144,2.37106,0.036652770597832,0.1318169723644457,0.0684996286574996,0.9399293286219081,0.9363957597173145,0.8303886925795053,0.8869257950530035,0.9022379269729094,False,False
CHMP2A,pan-glioma-dep,1.0,72,0,tumor-cell-expressed,not-TME-dominated-weak,0.6663598727890511,0.0426008334129078,False,155.27700000000002,Whole_Blood,116.975,101.593,0.0847895154442055,0.144258165032393,0.6237590393761432,0.16254416961130747,0.18021201413427557,0.607773851590106,0.2614840989399293,0.3168433451118963,False,False
TOP1,pan-glioma-dep,1.0,72,0,tumor-cell-expressed,not-TME-dominated-weak,0.4280261419680603,0.0191789276633824,False,133.84,Cells_EBV-transformed_lymphocytes,79.8209,60.2793,0.3919941155476702,0.5679161139615625,0.3117334857102363,0.22968197879858654,0.31448763250883394,0.04593639575971731,0.29328621908127206,0.19670200235571259,True,False
RPL36,pan-glioma-dep,1.0,72,0,TME-dominated,TME-dominated,2.1639344764566664,-0.8832532495364571,True,1540.83,Ovary,425.633,256.60400000000004,0.2055063818986436,0.3062381088891642,3.0471877259931235,0.035335689045936425,0.05653710247349819,0.21201413427561833,0.02473498233215543,0.10129564193168432,True,True
EEFSEC,pan-glioma-dep,0.6111111111111112,44,0,tumor-cell-expressed,not-TME-dominated-weak,0.0539560929104249,-0.0015294037006126,False,50.0323,Testis,22.1513,24.0772,0.1015349269217154,0.1550995042320258,0.0956440236599695,0.6148409893992932,0.6113074204946997,0.5653710247349824,0.607773851590106,0.597173144876325,False,False
PNO1,pan-glioma-dep,1.0,72,0,tumor-cell-expressed,not-TME-dominated-weak,0.1246283028644233,0.0187264811837726,False,33.1012,Cells_EBV-transformed_lymphocytes,15.4949,10.5326,0.035000134336672,0.0644194007868017,0.1572883138433098,0.7455830388692579,0.7915194346289752,0.8409893992932862,0.7667844522968198,0.7926972909305064,False,False
JTB,subset-dep,0.2638888888888889,19,0,tumor-cell-expressed,not-TME-dominated-weak,0.5243623941215265,-0.1285733752649642,False,324.246,Pituitary,203.793,194.394,0.2090206684408103,0.3141131648985201,0.6969138739461248,0.1024734982332155,0.0848056537102474,0.19787985865724378,0.12720848056537104,0.12838633686690223,True,False
SNAPC5,pan-glioma-dep,1.0,72,0,tumor-cell-expressed,not-TME-dominated-weak,0.0951432769394522,-0.0471957142736033,False,39.3829,Brain_Cerebellar_Hemisphere,20.8115,39.3829,0.0496732425853934,0.0597339058384984,0.1494493349031968,0.6360424028268552,0.42402826855123676,0.7667844522968198,0.6890459363957597,0.6089517078916372,False,False
EIF3M,pan-glioma-dep,1.0,72,1,tumor-cell-expressed,not-TME-dominated-weak,0.4023621878829361,-0.1715277591208355,False,90.071,Cells_EBV-transformed_lymphocytes,30.5942,28.0406,0.1255090155896057,0.2773087505876742,0.4917021032368368,0.49823321554770317,0.5300353356890459,0.40636042402826855,0.40636042402826855,0.47820965842167257,False,False
C19orf25,subset-dep,0.2638888888888889,19,0,tumor-cell-expressed,not-TME-dominated-weak,0.1935078306375212,0.0235616046830685,False,22.0474,Brain_Cerebellum,16.0265,22.0474,0.0842737268873151,0.1055016726234743,0.1737181158228354,0.7279151943462898,0.6431095406360424,0.6219081272084805,0.872791519434629,0.6643109540636042,False,False
NELFCD,pan-glioma-dep,0.8611111111111112,62,0,tumor-cell-expressed,not-TME-dominated-weak,0.2604945300041784,0.0741824184134278,False,132.31,Pituitary,59.3845,95.6679,0.089682348082333,0.1368220419549755,0.2699936531604298,0.29328621908127206,0.19434628975265023,0.5971731448763251,0.30388692579505305,0.3616018845700825,False,False
SRSF10,pan-glioma-dep,0.875,63,0,tumor-cell-expressed,not-TME-dominated-weak,0.390169990068229,-0.2333136892153152,False,71.2906,Cells_EBV-transformed_lymphocytes,40.041,38.222,0.1848193149751782,0.2933110511018442,0.6234836792835443,0.4028268551236749,0.43462897526501765,0.26855123674911663,0.4840989399293286,0.3686690223792697,False,False
POTEI,pan-glioma-dep,0.4027777777777778,29,0,tumor-cell-expressed,not-measured,,,,1.21878,Testis,0.0607375,0.0103782,0.0003255152248096,0.0071133568627704,,0.9858657243816255,0.9893992932862191,0.9964664310954063,0.9893992932862191,0.9905771495877502,False,False
AMY2A,subset-dep,0.3472222222222222,25,0,tumor-cell-expressed,not-TME-dominated-weak,0.000614531223838,-0.001821519630752,False,3314.99,Pancreas,0.5311170000000001,2.32235,0.0144719045134447,0.0652662427595215,0.000358726659959,0.9681978798586572,0.9399293286219081,0.9222614840989399,0.010600706713780883,0.9434628975265018,False,False
RPL26L1,subset-dep,0.4583333333333333,33,1,tumor-cell-expressed,not-TME-dominated-weak,0.3115987947697784,-0.0818009735749583,False,96.8167,Testis,26.0811,19.8952,0.0254808014199075,0.0726709874531331,0.3933997683447368,0.568904593639576,0.6713780918727915,0.872791519434629,0.3745583038869258,0.7043580683156655,False,False
TM2D2,subset-dep,0.2222222222222222,16,0,tumor-cell-expressed,not-TME-dominated-weak,0.1775094471884297,-0.0043963470969519,False,30.9546,Cells_Cultured_fibroblasts,21.6924,22.888,0.0469974863028335,0.0469974863028335,0.351992902430621,0.6219081272084805,0.6360424028268552,0.7809187279151943,0.784452296819788,0.6796230859835101,False,False
PDCD2,pan-glioma-dep,0.9861111111111112,71,0,tumor-cell-expressed,not-TME-dominated-weak,0.1834331456877942,-0.0705449838977738,False,30.3422,Cells_EBV-transformed_lymphocytes,17.305999999999997,12.9482,0.0696134927330304,0.0696134927330304,0.1359679328818475,0.7031802120141343,0.7773851590106007,0.6855123674911661,0.7985865724381626,0.7220259128386336,False,False
VBP1,pan-glioma-dep,0.7916666666666666,57,1,tumor-cell-expressed,not-TME-dominated-weak,0.440276586860139,0.0383736527456983,False,88.5385,Brain_Spinal_cord_cervical_c-1,38.4584,88.5385,0.0844544148476406,0.0844544148476406,0.4520541544883482,0.42402826855123676,0.2049469964664311,0.6148409893992932,0.4134275618374559,0.41460541813898705,False,False
CDK5RAP3,subset-dep,0.3055555555555556,22,0,tumor-cell-expressed,not-TME-dominated-weak,0.287487044023565,-0.0196795152895659,False,291.385,Pituitary,131.917,208.863,0.2989465501926953,0.2989465501926953,0.4320897514169866,0.1413427561837456,0.0742049469964664,0.1024734982332155,0.1413427561837456,0.10600706713780916,True,False
SOD1,pan-glioma-dep,0.9861111111111112,71,0,TME-dominated,TME-dominated,0.9899747652886391,-0.4721650542853769,True,378.478,Liver,378.478,347.651,0.3239606909033927,0.3239606909033927,1.4846099452538923,0.04946996466431097,0.035335689045936425,0.07067137809187274,0.09893992932862195,0.05182567726737338,True,True
WDR55,pan-glioma-dep,1.0,72,0,tumor-cell-expressed,not-TME-dominated-weak,0.0544681876521312,-0.0035425807880417,False,30.7507,Cells_EBV-transformed_lymphocytes,26.1674,22.1337,0.0376243831189949,0.0900593407566083,0.0676054430834819,0.5653710247349824,0.6395759717314488,0.8197879858657244,0.7915194346289752,0.6749116607773852,False,False
TRAPPC11,pan-glioma-dep,1.0,72,0,tumor-cell-expressed,not-TME-dominated-weak,0.0559061014177643,-0.004896018927838,False,33.6583,Ovary,20.8367,31.4629,0.1703772995154685,0.2166099670111991,0.2275240016593174,0.6325088339222615,0.49116607773851595,0.2897526501766784,0.7561837455830389,0.47114252061248524,False,False
RPS29,pan-glioma-dep,1.0,72,0,TME-dominated,TME-dominated,1.771238027562117,-1.8063714668379072,True,176.72799999999998,Cells_EBV-transformed_lymphocytes,67.0406,35.084,0.3190273039735212,0.3729135677187635,3.4569702844285097,0.2614840989399293,0.46289752650176674,0.08127208480565373,0.23674911660777387,0.2685512367491166,True,False
BARD1,pan-glioma-dep,0.9166666666666666,66,0,tumor-cell-expressed,not-TME-dominated-weak,0.140243035338615,0.058687288899766,False,17.3228,Cells_EBV-transformed_lymphocytes,4.35001,2.48902,0.0503679375512076,0.084180790350063,0.0956763560853658,0.9151943462897526,0.9293286219081272,0.7597173144876326,0.9151943462897526,0.8680800942285041,False,False
DNAJA3,pan-glioma-dep,0.9861111111111112,71,0,tumor-cell-expressed,not-TME-dominated-weak,0.1138369911817537,0.0350360787316582,False,65.0184,Cells_EBV-transformed_lymphocytes,39.7835,45.144,0.0948781779618515,0.0948781779618515,0.3577488633719357,0.40636042402826855,0.3851590106007067,0.5795053003533569,0.5265017667844523,0.4570082449941107,False,False
HYOU1,pan-glioma-dep,1.0,72,0,tumor-cell-expressed,not-TME-dominated-weak,0.0811698331976362,-0.0651032056318632,False,132.364,Testis,55.1421,45.2662,0.0827315691126593,0.1237024392763145,0.2288787094029513,0.31095406360424027,0.37809187279151946,0.6289752650176679,0.3003533568904594,0.43934040047114253,False,False
CHMP3,pan-glioma-dep,0.9583333333333334,69,0,tumor-cell-expressed,not-TME-dominated-weak,0.2416580014143527,-0.1135640522748909,False,72.3265,Esophagus_Muscularis,43.2211,48.9133,0.1031760462972275,0.1176696540433369,0.181759200744852,0.3710247349823321,0.34982332155477036,0.5547703180212014,0.46996466431095407,0.42520612485276793,False,False
RRP15,pan-glioma-dep,1.0,72,0,tumor-cell-expressed,not-TME-dominated-weak,0.1557439013015853,-0.0242266072001286,False,11.2453,Cells_Cultured_fibroblasts,5.94115,5.9256,0.1426572458593537,0.1426572458593537,0.179970508501714,0.901060070671378,0.901060070671378,0.3533568904593639,0.9469964664310954,0.7184923439340399,False,False
DCTN5,pan-glioma-dep,1.0,72,0,tumor-cell-expressed,not-TME-dominated-weak,0.1142091012351782,-0.0196681804581142,False,33.3291,Cells_EBV-transformed_lymphocytes,17.2896,26.7202,0.2010547096761304,0.2063435089256987,0.1364791641345603,0.7067137809187279,0.5653710247349824,0.22261484098939932,0.7632508833922261,0.4982332155477032,False,False
NUP155,pan-glioma-dep,1.0,72,0,tumor-cell-expressed,not-TME-dominated-weak,0.0499520590026452,0.0061524252959657,False,55.9618,Testis,6.50197,8.0805,0.0601331747085725,0.0973952092443581,0.0727859559384259,0.8939929328621908,0.8409893992932862,0.7385159010600706,0.5759717314487632,0.8244994110718492,False,False
SNAPC1,pan-glioma-dep,1.0,72,0,tumor-cell-expressed,not-TME-dominated-weak,0.1131139446694575,-0.0001262273506172,False,42.0549,Cells_Cultured_fibroblasts,10.2168,7.17825,0.044478995905824,0.1148385357290131,0.1193069143791419,0.823321554770318,0.8692579505300353,0.784452296819788,0.6643109540636043,0.8256772673733804,False,False
FARSA,pan-glioma-dep,0.9861111111111112,71,0,tumor-cell-expressed,not-TME-dominated-weak,0.2026605148101019,0.068386438012474,False,109.848,Cells_EBV-transformed_lymphocytes,38.113,72.7239,0.1275562900970965,0.1333703642303793,0.4945826096968217,0.431095406360424,0.26855123674911663,0.392226148409894,0.3462897526501767,0.36395759717314485,False,False
ANAPC4,pan-glioma-dep,1.0,72,0,tumor-cell-expressed,not-TME-dominated-weak,0.059089232982689,-0.0208816006302453,False,55.4366,Fallopian_Tube,33.5671,37.3269,0.1615548191828008,0.169007642202161,0.1702525913715362,0.4664310954063604,0.4487632508833922,0.32155477031802115,0.5830388692579505,0.4122497055359246,False,False
MED28,pan-glioma-dep,1.0,72,0,tumor-cell-expressed,not-TME-dominated-weak,0.2093675027743667,-0.2265773609537478,False,41.7127,Cells_EBV-transformed_lymphocytes,24.2463,23.4733,0.1051495823199903,0.1051495823199903,0.4359448637281145,0.5865724381625441,0.6219081272084805,0.5441696113074205,0.6713780918727915,0.5842167255594818,False,False
PSMB7,pan-glioma-dep,1.0,72,1,TME-dominated,TME-dominated,0.597147712479255,-0.3546015493012725,True,185.123,Testis,97.0013,104.999,0.1441862886548939,0.145575792518927,0.9517492617805275,0.19787985865724378,0.176678445229682,0.3462897526501767,0.22614840989399299,0.2402826855123675,False,False
USP10,pan-glioma-dep,0.8472222222222222,61,0,tumor-cell-expressed,not-TME-dominated-weak,0.1704769189334705,0.0116701137540821,False,80.9942,Cells_EBV-transformed_lymphocytes,30.3976,41.8829,0.1433237686342285,0.1459366601687395,0.3798629695718938,0.5053003533568905,0.4098939929328622,0.34982332155477036,0.43462897526501765,0.4216725559481744,False,False
WDR77,pan-glioma-dep,1.0,72,3,tumor-cell-expressed,not-TME-dominated-weak,0.1022788264890516,0.0150260654290606,False,52.154,Cells_EBV-transformed_lymphocytes,26.8263,16.3433,0.0020194177573544,0.003539343593344,0.1692241958596489,0.558303886925795,0.7385159010600706,0.9681978798586572,0.5901060070671378,0.7550058892815077,False,False
CDS2,pan-glioma-dep,0.4722222222222222,34,0,tumor-cell-expressed,not-TME-dominated-weak,0.1570718075114209,-0.0397789813865565,False,56.8675,Brain_Cerebellar_Hemisphere,20.6015,56.8675,0.3066640510539103,0.3066640510539103,1.5845792185176502,0.6395759717314488,0.32155477031802115,0.0848056537102474,0.5724381625441697,0.3486454652532391,True,False
TARS1,pan-glioma-dep,1.0,72,0,tumor-cell-expressed,not-TME-dominated-weak,0.173373007461001,-0.0021158244215833,False,95.6907,Cells_Cultured_fibroblasts,24.0156,21.5655,,,0.2060255177559391,0.5936395759717314,0.6537102473498233,0.49823321554770317,0.3816254416961131,0.5818610129564193,False,False
SEPSECS,pan-glioma-dep,0.625,45,0,tumor-cell-expressed,not-TME-dominated-weak,0.020940202767637,-0.0139112275794335,False,12.6503,Liver,12.6503,6.321619999999999,0.0208117560962395,0.0499797537680618,0.0724851927689967,0.7879858657243817,0.8904593639575972,0.901060070671378,0.9399293286219081,0.8598351001177855,False,False
UFM1,pan-glioma-dep,0.625,45,0,tumor-cell-expressed,not-TME-dominated-weak,0.2337905371866208,-0.1161792525564663,False,90.0619,Cells_Cultured_fibroblasts,55.928999999999995,57.7967,0.1357170652299417,0.1411871140938342,0.4166423813863234,0.3074204946996466,0.3180212014134276,0.3710247349823321,0.4098939929328622,0.3321554770318021,False,False
ZFP36L1,subset-dep,0.2916666666666667,21,0,TME-dominated,TME-dominated,0.6145831791925931,-0.9945533364137078,True,626.086,Cervix_Ectocervix,297.427,64.3663,0.0126383133534137,0.6888766241111031,1.0582908977662897,0.06713780918727918,0.2968197879858657,0.9293286219081272,0.06360424028268552,0.431095406360424,False,True
NVL,pan-glioma-dep,1.0,72,0,tumor-cell-expressed,not-TME-dominated-weak,0.0655087831971142,-0.0206663807578811,False,22.9033,Brain_Cerebellar_Hemisphere,12.7635,22.9033,0.1654054953799585,0.2183571763656487,0.1491222578016194,0.784452296819788,0.6325088339222615,0.31095406360424027,0.8692579505300353,0.5759717314487632,False,False
MMS19,pan-glioma-dep,0.9027777777777778,65,0,tumor-cell-expressed,not-TME-dominated-weak,0.0347346334675173,-0.0371123377184021,False,80.7062,Brain_Cerebellum,54.8648,80.7062,0.2014483765941277,0.2014483765941277,0.3344874598763205,0.31448763250883394,0.22968197879858654,0.21908127208480566,0.4381625441696113,0.254416961130742,False,False
PSMA1,pan-glioma-dep,1.0,72,0,tumor-cell-expressed,not-TME-dominated-weak,0.5084850654418377,-0.0664370250997695,False,164.7,Cells_EBV-transformed_lymphocytes,96.443,63.1176,0.287525964197834,0.3959497473957427,0.5944697287949648,0.2049469964664311,0.3003533568904594,0.12014134275618371,0.2508833922261484,0.20848056537102475,False,False
PWP1,pan-glioma-dep,0.9166666666666666,66,0,tumor-cell-expressed,not-TME-dominated-weak,0.2382002470993838,0.0133418369998861,False,77.7777,Cells_Cultured_fibroblasts,32.896,43.5347,0.1527954543282865,0.1890390355446002,0.2337857181626248,0.47349823321554774,0.392226148409894,0.3286219081272085,0.4593639575971732,0.39811542991755006,False,False
TBCB,pan-glioma-dep,0.9583333333333334,69,0,TME-dominated,TME-dominated,0.7656604904169951,-0.6431645539070302,True,202.616,Brain_Spinal_cord_cervical_c-1,59.8437,202.616,0.213466042607221,0.3023043091552789,1.408825044324025,0.28621908127208484,0.08127208480565373,0.19434628975265023,0.20848056537102477,0.18727915194346292,True,False
OSBP,pan-glioma-dep,0.5138888888888888,37,0,tumor-cell-expressed,not-TME-dominated-weak,0.066685771215035,-0.0082722384749692,False,69.5727,Adrenal_Gland,38.5052,34.4149,0.1194513514037521,0.2041801266462023,0.1282080082643416,0.41696113074204944,0.4664310954063604,0.441696113074205,0.4946996466431095,0.441696113074205,False,False
TRAPPC1,pan-glioma-dep,1.0,72,0,TME-dominated,TME-dominated,0.3586619478336196,-0.4374813980394363,True,268.185,Cells_EBV-transformed_lymphocytes,160.26,135.838,0.0036862365744301,0.0036862365744301,0.5514561450530253,0.12367491166077738,0.10954063604240283,0.950530035335689,0.15547703180212014,0.3945818610129564,False,False
XAB2,pan-glioma-dep,1.0,72,0,tumor-cell-expressed,not-TME-dominated-weak,0.0929826882486038,-0.0062338537271542,False,113.736,Ovary,65.5323,78.9963,0.0411356723522091,0.0739154388530564,0.0992165419757581,0.26855123674911663,0.2438162544169611,0.8021201413427562,0.33922261484098937,0.4381625441696113,False,False
NOP10,pan-glioma-dep,1.0,72,0,TME-dominated,TME-dominated,0.5247538102063788,-0.3135162210783041,True,349.749,Cells_Cultured_fibroblasts,208.055,75.3806,0.059344753176982,0.1474206182744345,0.8382700312846829,0.09893992932862195,0.2614840989399293,0.7491166077738516,0.11660777385159016,0.3698468786808009,False,True
RPS25,pan-glioma-dep,1.0,72,1,TME-dominated,TME-dominated,1.8213461188567932,-1.3537442763076963,True,4381.88,Ovary,1383.17,919.195,0.2891786076836475,0.521073369963207,2.8927863081728047,0.007067137809187329,0.0035335689045936647,0.11660777385159016,0.007067137809187329,0.04240282685512372,True,True
NOPCHAP1,pan-glioma-dep,0.9722222222222222,70,0,tumor-cell-expressed,not-measured,,,,2.93902,Cells_EBV-transformed_lymphocytes,0.8705780000000001,2.05668,,,,0.9646643109540636,0.9469964664310954,0.49823321554770317,0.9823321554770318,0.8032979976442873,False,False
POLE2,pan-glioma-dep,1.0,72,0,tumor-cell-expressed,not-TME-dominated-weak,0.0220113052641036,-0.0155982438909006,False,13.3122,Cells_EBV-transformed_lymphocytes,1.53841,1.10077,0.013500762907939,0.0255289867074273,0.0376095491550042,0.9540636042402827,0.9540636042402827,0.9257950530035336,0.9328621908127208,0.944640753828033,False,False
RPS3,pan-glioma-dep,1.0,72,0,TME-dominated,TME-dominated,1.7391286376612225,-1.514415644679781,True,1321.13,Ovary,377.208,167.359,0.1952222927546464,0.4253166849428041,3.095076041583451,0.05300353356890464,0.09893992932862195,0.23674911660777387,0.035335689045936425,0.12956419316843348,True,True
TEAD1,subset-dep,0.2361111111111111,17,0,tumor-cell-expressed,not-TME-dominated-weak,0.1494164174717046,-0.0441721296531445,False,92.4019,Cells_Cultured_fibroblasts,27.7008,8.025789999999999,0.2294919509709541,0.4681528570213113,0.3284778743120976,0.5371024734982333,0.8445229681978799,0.16961130742049468,0.3992932862190812,0.5170789163722026,False,False
LONP1,pan-glioma-dep,0.9861111111111112,71,0,tumor-cell-expressed,not-TME-dominated-weak,0.1639880932962586,0.0520195010344949,False,207.942,Adrenal_Gland,43.5734,61.5564,0.1201724785787619,0.1352743968453001,0.2685009837150574,0.36749116607773846,0.31095406360424027,0.431095406360424,0.20141342756183744,0.3698468786808009,False,False
ALDOA,pan-glioma-dep,0.9722222222222222,70,0,tumor-cell-expressed,not-TME-dominated-weak,1.0717263524547893,-0.2198391072833474,False,3137.24,Muscle_Skeletal,848.797,683.003,0.5545230974012378,0.5545230974012378,2.21633995663036,0.010600706713780883,0.010600706713780883,0.021201413427561877,0.014134275618374548,0.014134275618374548,True,True
SF3A2,pan-glioma-dep,1.0,72,0,tumor-cell-expressed,not-TME-dominated-weak,0.1414713445984013,-0.095692407926106,False,226.552,Testis,106.918,131.22799999999998,0.0290474690334508,0.1251170430273934,0.1172981249885904,0.17314487632508835,0.11660777385159016,0.8621908127208481,0.18374558303886923,0.38398115429917556,False,False
UTP6,pan-glioma-dep,1.0,72,0,tumor-cell-expressed,not-TME-dominated-weak,0.1173331432271258,-0.0297125670998607,False,36.4759,Cells_EBV-transformed_lymphocytes,20.3021,27.9831,0.1657185734889967,0.260788316644981,0.2582914531230926,0.6501766784452296,0.5371024734982333,0.3074204946996466,0.7173144876325088,0.49823321554770317,False,False
EIF3E,pan-glioma-dep,1.0,72,1,TME-dominated,TME-dominated,0.6548659675488,-0.4789812255969519,True,368.64,Ovary,138.205,129.804,0.1366865457709319,0.3171165345166505,0.7794198032626487,0.13427561837455826,0.12367491166077738,0.36749116607773846,0.11307420494699649,0.2084805653710247,False,False
NOP56,pan-glioma-dep,1.0,72,0,tumor-cell-expressed,not-TME-dominated-weak,0.4187354267154404,-0.1114774012112065,False,117.45,Cells_EBV-transformed_lymphocytes,43.7241,82.35600000000001,0.3005144458474131,0.3005144458474131,0.7980496124787764,0.3639575971731449,0.21908127208480566,0.09893992932862195,0.3286219081272085,0.22732626619552418,False,False
TRAPPC4,pan-glioma-dep,0.9583333333333334,69,0,tumor-cell-expressed,not-TME-dominated-weak,0.2667096378470064,-0.0705272467534973,False,70.108,Testis,40.8286,45.3678,0.069875984264097,0.0939159264241995,0.4105838970704512,0.392226148409894,0.3710247349823321,0.6819787985865724,0.49116607773851595,0.48174322732626623,False,False
NSL1,pan-glioma-dep,1.0,72,0,tumor-cell-expressed,not-TME-dominated-weak,0.2262677857025903,-0.1189373963068918,False,19.4196,Brain_Spinal_cord_cervical_c-1,8.6804,19.4196,0.1424220073233256,0.1904090881327836,0.3452051820094822,0.8621908127208481,0.6855123674911661,0.3568904593639576,0.8904593639575972,0.6348645465253239,False,False
FXN,pan-glioma-dep,0.8333333333333334,60,0,tumor-cell-expressed,not-TME-dominated-weak,0.0573706554751964,-0.0076790783232552,False,12.4908,Ovary,8.229389999999999,4.91148,0.0900119155169882,0.1120249359426541,0.065592612834335,0.872791519434629,0.9081272084805654,0.5936395759717314,0.9434628975265018,0.7915194346289752,False,False
HINFP,pan-glioma-dep,1.0,72,0,tumor-cell-expressed,not-TME-dominated-weak,0.0532063840651237,0.0103132910559372,False,25.2539,Brain_Cerebellar_Hemisphere,8.461139999999999,25.2539,0.0598706011958704,0.0748798791614635,0.2062708752399141,0.8692579505300353,0.5901060070671378,0.7420494699646643,0.833922261484099,0.7338044758539457,False,False
GPN1,pan-glioma-dep,1.0,72,0,tumor-cell-expressed,not-TME-dominated-weak,0.1180566009512218,-0.0197520279413539,False,57.7581,Cells_EBV-transformed_lymphocytes,32.4083,33.4676,0.0413261033834367,0.0441544774399483,0.1378086288925758,0.4770318021201413,0.4840989399293286,0.7985865724381626,0.5653710247349824,0.5865724381625442,False,False
NHP2,pan-glioma-dep,0.9305555555555556,67,0,tumor-cell-expressed,not-TME-dominated-weak,0.5788098723340163,-0.0702065993471811,False,177.197,Cells_Cultured_fibroblasts,74.3198,79.4524,0.114457802763887,0.1800086794915008,0.6490164716811974,0.24028268551236753,0.23674911660777387,0.4558303886925795,0.2332155477031802,0.3109540636042403,False,False
NELFB,pan-glioma-dep,0.9722222222222222,70,0,tumor-cell-expressed,not-TME-dominated-weak,0.0998151042494843,0.0125296136839516,False,85.3512,Cervix_Endocervix,70.5855,70.7486,0.0843272296470399,0.1340450140690139,0.1440564353357661,0.2508833922261484,0.2826855123674912,0.6183745583038869,0.42402826855123676,0.3839811542991755,False,False
VCP,pan-glioma-dep,1.0,72,0,tumor-cell-expressed,not-TME-dominated-weak,0.3700282820866584,-0.0476053943359935,False,229.147,Cells_Cultured_fibroblasts,165.635,108.986,0.1452800456512014,0.2045337853765914,0.7098930857398293,0.11660777385159016,0.16607773851590102,0.34275618374558303,0.176678445229682,0.20848056537102475,False,False
SAP18,pan-glioma-dep,1.0,72,0,TME-dominated,TME-dominated,0.7103280592596287,-0.3710572001444331,True,191.159,Brain_Spinal_cord_cervical_c-1,73.5394,191.159,0.1273028653381774,0.1522812817369687,1.0813852594040618,0.2438162544169611,0.08833922261484095,0.39575971731448767,0.215547703180212,0.2426383981154299,True,False
CSE1L,pan-glioma-dep,1.0,72,0,tumor-cell-expressed,not-TME-dominated-weak,0.163897486855322,-0.0235440306966694,False,128.275,Testis,36.099,53.9961,0.1188349931383565,0.1662978756873645,0.3100468760186975,0.4487632508833922,0.3286219081272085,0.44522968197879864,0.31095406360424027,0.4075382803297998,False,False
MSTO1,pan-glioma-dep,0.9305555555555556,67,1,tumor-cell-expressed,not-TME-dominated-weak,0.0495587401319038,0.0119056044076867,False,35.2223,Testis,9.07858,10.3654,0.0246297348144525,0.0264749386932678,0.1930586587299,0.8551236749116607,0.7985865724381626,0.88339222614841,0.7420494699646643,0.8457008244994112,False,False
TIMM22,pan-glioma-dep,0.7222222222222222,52,0,tumor-cell-expressed,not-TME-dominated-weak,0.1447248231803668,0.0235905239545384,False,28.6197,Cells_Cultured_fibroblasts,14.8788,17.5073,0.0436645454878199,0.0436645454878199,0.3616164096377112,0.7561837455830389,0.7173144876325088,0.7915194346289752,0.8162544169611308,0.7550058892815077,False,False
SGO1,pan-glioma-dep,0.9722222222222222,70,2,tumor-cell-expressed,not-TME-dominated-weak,0.0607185850410389,-0.1382050635955939,False,10.9984,Cells_EBV-transformed_lymphocytes,0.275406,0.0718233,,,0.1989236486366328,0.9823321554770318,0.9858657243816255,0.49823321554770317,0.950530035335689,0.8221436984687868,False,False
RPS16,pan-glioma-dep,1.0,72,0,TME-dominated,TME-dominated,2.060794988606132,-0.9651448524735796,True,4722.16,Ovary,1676.55,694.4169999999999,0.2842234379653622,0.4175239428283054,2.547835565904387,0.0035335689045936647,0.007067137809187329,0.12720848056537104,0.0035335689045936647,0.04593639575971734,True,True
PSMB4,pan-glioma-dep,1.0,72,0,tumor-cell-expressed,not-TME-dominated-weak,0.4126120907346035,-0.0334128921665455,False,509.32199999999995,Cells_EBV-transformed_lymphocytes,324.60400000000004,319.935,0.1819538192836557,0.2270779755332706,0.7147219506177035,0.06360424028268552,0.03886925795053009,0.27561837455830385,0.07773851590106007,0.12603062426383982,True,True
GGPS1,pan-glioma-dep,1.0,72,0,tumor-cell-expressed,not-TME-dominated-weak,0.1783920455201056,0.0372380029528202,False,33.3609,Testis,16.2817,17.6648,0.1144957245518677,0.1672183864207884,0.2073450818916276,0.7243816254416962,0.7137809187279152,0.45229681978798586,0.7597173144876326,0.6301531213191991,False,False
HSPA9,pan-glioma-dep,1.0,72,1,tumor-cell-expressed,not-TME-dominated-weak,0.4879276005194833,0.0919221088634503,False,301.843,Cells_EBV-transformed_lymphocytes,126.269,130.74,0.3361202298801972,0.3890122741000378,1.0557674061168325,0.14840989399293292,0.12014134275618371,0.06360424028268552,0.13780918727915192,0.11071849234393405,True,False
ARF4,pan-glioma-dep,0.8333333333333334,60,0,tumor-cell-expressed,not-TME-dominated-weak,0.6006605463895991,-0.2319115400159196,False,433.202,Cells_Cultured_fibroblasts,186.221,77.1945,0.0998938636507716,0.1772534700991645,0.6803840764107243,0.11307420494699649,0.2544169611307421,0.568904593639576,0.0848056537102474,0.31213191990577155,False,False
INTS8,pan-glioma-dep,1.0,72,1,tumor-cell-expressed,not-TME-dominated-weak,0.0530057710667782,-0.0306963740907008,False,37.5241,Testis,17.8692,21.7448,0.1328214424272983,0.2147720456781175,0.0610647105401562,0.6925795053003534,0.646643109540636,0.37809187279151946,0.6961130742049471,0.5724381625441696,False,False
MED31,pan-glioma-dep,1.0,72,0,tumor-cell-expressed,not-TME-dominated-weak,0.1582729381090697,0.0264361295741974,False,30.9855,Pituitary,15.2446,18.9079,0.0839188622624266,0.0839188622624266,0.1833096580071882,0.7526501766784452,0.6996466431095406,0.6254416961130742,0.7809187279151943,0.6925795053003534,False,False
ORC4,pan-glioma-dep,0.6666666666666666,48,0,tumor-cell-expressed,not-TME-dominated-weak,0.1661452266662924,0.0167844350318917,False,21.4482,Brain_Cerebellar_Hemisphere,8.47377,21.4482,0.2600336256127175,0.3666927872263698,0.2168536587588248,0.8657243816254416,0.657243816254417,0.15194346289752647,0.8763250883392226,0.558303886925795,False,False
POLR1E,pan-glioma-dep,0.8611111111111112,62,0,tumor-cell-expressed,not-TME-dominated-weak,0.0749781243137637,-0.0090639459302662,False,49.7175,Cells_EBV-transformed_lymphocytes,18.6492,14.4614,0.01780502090637,0.01780502090637,0.0512316741890484,0.6784452296819787,0.7561837455830389,0.911660777385159,0.6113074204946997,0.7820965842167255,False,False
MED17,pan-glioma-dep,1.0,72,0,tumor-cell-expressed,not-TME-dominated-weak,0.1006795948965793,0.0201345535231988,False,16.3335,Ovary,7.79347,11.776,0.0809841316438101,0.1025291854522798,0.2321497987617146,0.8798586572438163,0.7809187279151943,0.6325088339222615,0.9257950530035336,0.7644287396937575,False,False
AK6,pan-glioma-dep,1.0,72,1,tumor-cell-expressed,not-TME-dominated-weak,0.1936582769414531,0.0136808095390673,False,43.8401,Cells_EBV-transformed_lymphocytes,28.2868,27.0199,0.0501069579826402,0.0660301332816294,0.1838481495146117,0.5335689045936396,0.558303886925795,0.7632508833922261,0.657243816254417,0.6183745583038869,False,False
NCKAP1,pan-glioma-dep,0.5555555555555556,40,0,tumor-cell-expressed,not-TME-dominated-weak,0.2260855828286107,-0.0923559374683674,False,46.0555,Artery_Tibial,21.3214,30.7027,0.6132361128267699,0.6132361128267699,0.5486562089486555,0.6289752650176679,0.5088339222614842,0.010600706713780883,0.6501766784452296,0.38280329799764434,True,False
MTOR,pan-glioma-dep,1.0,72,0,tumor-cell-expressed,not-TME-dominated-weak,0.0527344616709802,-0.0178863262609608,False,35.5128,Testis,15.2756,27.0759,0.1883991627417965,0.304607558816008,0.1752892437000428,0.7491166077738516,0.5547703180212014,0.2544169611307421,0.7385159010600706,0.519434628975265,False,False
RANBP3,subset-dep,0.3472222222222222,25,0,tumor-cell-expressed,not-TME-dominated-weak,0.1106161994152048,0.0182277950071488,False,65.5193,Testis,38.4806,47.9819,0.0635768336304918,0.0667123612242068,0.187774277546189,0.4204946996466431,0.3568904593639576,0.7243816254416962,0.519434628975265,0.5005889281507656,False,False
TUBGCP6,pan-glioma-dep,1.0,72,0,tumor-cell-expressed,not-TME-dominated-weak,0.0388674534213824,0.0022336764610561,False,124.742,Brain_Cerebellum,50.1992,124.742,0.2794305772115221,0.2794305772115221,0.1650223112241788,0.3286219081272085,0.1413427561837456,0.14487632508833925,0.31448763250883394,0.2049469964664311,False,False
TLN1,subset-dep,0.4722222222222222,34,3,TME-dominated,TME-dominated,0.1738324323796372,-0.3801433451186161,True,772.2180000000001,Artery_Tibial,229.551,42.849,0.0864057994486117,0.3799726451963154,0.2141828632404402,0.08833922261484095,0.3992932862190812,0.6042402826855124,0.05300353356890464,0.36395759717314485,False,True
RNF4,pan-glioma-dep,0.6666666666666666,48,1,tumor-cell-expressed,not-TME-dominated-weak,0.1024492858915855,-0.026641684954548,False,60.49100000000001,Cells_EBV-transformed_lymphocytes,27.1468,30.7566,0.1998066685176175,0.2252349220658199,0.2912711943950384,0.5512367491166077,0.5053003533568905,0.22614840989399299,0.5547703180212014,0.4275618374558304,False,False
CLNS1A,pan-glioma-dep,1.0,72,0,tumor-cell-expressed,not-TME-dominated-weak,0.3963107021316321,-0.0637760578643913,False,65.4102,Cells_EBV-transformed_lymphocytes,24.3317,38.4877,0.2154824029136832,0.2286347774792221,0.4600867599960235,0.5830388692579505,0.42756183745583043,0.19081272084805656,0.5229681978798586,0.4004711425206125,False,False
ZNF593,pan-glioma-dep,0.5555555555555556,40,0,tumor-cell-expressed,not-TME-dominated-weak,0.2027739523979403,0.0372983216169067,False,0.0,Adipose_Subcutaneous,0.0,0.0,0.0405052215802652,0.0666738386557816,0.1360546079939656,0.9929328621908127,0.9946996466431095,0.8056537102473498,0.9964664310954063,0.931095406360424,False,False
RAE1,pan-glioma-dep,1.0,72,0,tumor-cell-expressed,not-TME-dominated-weak,0.1641413208913347,-0.1484780744158823,False,102.134,Testis,15.9061,35.8519,0.061845115598657,0.0727042157150205,0.3126193953072171,0.734982332155477,0.4558303886925795,0.7314487632508834,0.36042402826855124,0.64075382803298,False,False
WDHD1,pan-glioma-dep,1.0,72,1,tumor-cell-expressed,not-TME-dominated-weak,0.0268195996782108,-0.0186066911478018,False,22.9163,Cells_EBV-transformed_lymphocytes,1.67769,2.3856599999999997,0.0560585249605416,0.0822859425437323,0.0454262908260126,0.9434628975265018,0.9328621908127208,0.7526501766784452,0.8657243816254416,0.8763250883392226,False,False
NOM1,pan-glioma-dep,0.9444444444444444,68,0,tumor-cell-expressed,not-TME-dominated-weak,0.0988188831185891,0.0368070845454436,False,17.2406,Cells_Cultured_fibroblasts,9.86874,8.53218,0.0931685325155502,0.102964699307966,0.0524845805484801,0.833922261484099,0.8268551236749117,0.5901060070671378,0.9187279151943463,0.7502944640753828,False,False
UBL5,pan-glioma-dep,1.0,72,0,tumor-cell-expressed,not-TME-dominated-weak,1.2471611725826055,-0.193679995794944,False,471.12,Pituitary,386.675,347.789,0.1874002074373449,0.2527048831605781,1.4408411683775495,0.04240282685512364,0.03180212014134276,0.25795053003533563,0.08127208480565373,0.11071849234393401,True,True
PELP1,pan-glioma-dep,0.9722222222222222,70,0,tumor-cell-expressed,not-TME-dominated-weak,0.0887620322369892,0.0060821792683443,False,63.5099,Testis,25.7764,54.2249,0.1505429818855744,0.175817667146483,0.110504325479269,0.5724381625441697,0.3250883392226148,0.33215547703180215,0.5371024734982333,0.4098939929328622,False,False
VHL,pan-glioma-dep,0.8472222222222222,61,0,tumor-cell-expressed,not-TME-dominated-weak,0.0956803460829412,0.0085564913498147,False,47.64,Cells_EBV-transformed_lymphocytes,20.3767,29.8002,0.0692731180058637,0.0975368187123661,0.0758908372564906,0.646643109540636,0.5159010600706714,0.6925795053003534,0.6325088339222615,0.6183745583038869,False,False
RPS9,pan-glioma-dep,1.0,72,0,TME-dominated,TME-dominated,1.8442007008012145,-0.9962040459070458,True,954.338,Ovary,384.859,215.634,0.1922075044746668,0.3960777297387238,2.84040474670826,0.04593639575971731,0.07067137809187274,0.2438162544169611,0.04593639575971731,0.12014134275618371,True,True
CDK7,pan-glioma-dep,1.0,72,1,tumor-cell-expressed,not-TME-dominated-weak,0.0542701188173384,-0.0040089638556341,False,50.2068,Testis,20.4827,16.4843,0.0743761376631142,0.1010543566639365,0.2160667221654545,0.6431095406360424,0.734982332155477,0.667844522968198,0.6042402826855124,0.6819787985865725,False,False
PSMA2,pan-glioma-dep,1.0,72,0,TME-dominated,TME-dominated,0.5479604799551285,-0.4911991362474865,True,121.792,Cells_EBV-transformed_lymphocytes,42.5178,28.0195,,,1.039159616202615,0.3851590106007067,0.5335689045936396,0.49823321554770317,0.32155477031802115,0.47232037691401646,False,False
RPS15,pan-glioma-dep,1.0,72,0,TME-dominated,TME-dominated,2.499972479053676,-0.6410461063421371,True,1394.13,Ovary,524.554,497.73800000000006,0.4007586563087091,0.4864115476760287,1.8455726816126783,0.021201413427561877,0.014134275618374548,0.035335689045936425,0.03180212014134276,0.023557126030624282,True,True
RPS11,pan-glioma-dep,1.0,72,0,TME-dominated,TME-dominated,1.758581995306871,-1.0804656210795425,True,6159.7,Ovary,2229.85,1205.82,0.2865434226325516,0.4093290119095401,2.3232478246087487,0.0,0.0,0.12367491166077738,0.0,0.041224970553592456,True,True
DHX33,pan-glioma-dep,1.0,72,0,tumor-cell-expressed,not-TME-dominated-weak,0.0901877170560399,0.0269899323430683,False,29.0038,Cells_EBV-transformed_lymphocytes,10.7487,17.7512,0.0203075244874824,0.0638560959253914,0.1205469458787278,0.8162544169611308,0.7102473498233215,0.9045936395759717,0.8091872791519434,0.8103651354534747,False,False
CLCC1,subset-dep,0.4166666666666667,30,0,tumor-cell-expressed,not-TME-dominated-weak,0.0869201286039076,-0.036486992303612,False,35.8898,Uterus,23.7936,19.857,,,0.2210857977549876,0.6007067137809188,0.6784452296819787,0.49823321554770317,0.7279151943462898,0.5924617196702002,False,False
RRP12,pan-glioma-dep,1.0,72,0,tumor-cell-expressed,not-TME-dominated-weak,0.0272881685598403,-0.0264589599831479,False,26.9717,Testis,12.1522,11.0194,0.1334835472209831,0.1334835472209831,0.0582902363755486,0.7985865724381626,0.784452296819788,0.3745583038869258,0.8268551236749117,0.6525323910482922,False,False
