,tcga_gbm_median_log2tpm,gtex_brain_median_log2tpm,tcga_vs_normal_log2fc,tcga_pct_over_normal,tcga_vs_normal_p,tcga_vs_normal_fdr
SEPSECS,1.8282,0.5907,1.2375,0.8627450980392157,9.793676288325923e-43,1.583777365483564e-42
SPCS2,7.9739,6.3206,1.6533000000000007,0.9934640522875817,1.8229655872652375e-86,2.7152592694529585e-85
PES1,5.6358,4.265,1.3708,0.954248366013072,2.329696743977747e-76,8.34562251323674e-76
MZT2A,6.1849,6.3051,-0.12020000000000053,0.1437908496732026,0.06643489705555301,0.06836754860626001
ALDOA,10.6913,9.974,0.7172999999999998,0.6928104575163399,2.749065901123248e-32,3.9491657361313666e-32
HAUS5,3.5199,2.40765,1.11225,0.6862745098039216,3.40624256230123e-21,4.2094613324508644e-21
CDS2,4.8213,3.97505,0.84625,0.7189542483660131,6.093920769674193e-32,8.666229034260284e-32
KLF16,3.5547,3.6248,-0.07010000000000005,0.05228758169934641,0.026158274123378636,0.027216145503368216
PPP1R12A,3.9242,3.28995,0.6342499999999998,0.5359477124183006,1.172072431885872e-16,1.3995632836443115e-16
LONP1,5.825,5.11585,0.7091500000000002,0.7254901960784313,9.214221411450623e-31,1.2973257012141922e-30
C19orf53,7.7741,6.45345,1.3206499999999997,0.9869281045751634,1.1569959400019953e-82,7.118040239577493e-82
SKA1,1.8404,-3.816,5.6564,0.9934640522875817,4.890850338725347e-86,6.591003075520348e-85
SRF,3.8915,3.50285,0.38865000000000016,0.43137254901960786,5.34449822856438e-10,6.025868520652269e-10
PSMB4,8.563,7.2301,1.3329000000000004,0.9869281045751634,5.548621436263837e-83,3.738713967768252e-82
NHLRC2,1.3679,1.0880999999999998,0.27980000000000005,0.24183006535947713,0.0015562008529615722,0.0016556572984515975
CDC42,7.7271,6.0443999999999996,1.6827000000000005,0.9869281045751634,2.7364977717059554e-81,1.4341275359125656e-80
TAF1C,4.5098,4.5826,-0.07279999999999998,0.1830065359477124,0.08373345646730969,0.08585713108785739
MMS19,4.6041,4.96585,-0.3617499999999998,0.0196078431372549,3.474065263222956e-12,3.996587274358116e-12
AMY2A,-4.2934,0.8961,-5.1895,0.0,1.2302920093030765e-76,4.463751777343213e-76
DCTN5,5.2103,3.4752,1.7351,0.9738562091503268,7.733202407751415e-81,3.908029073917233e-80
RPL26L1,6.2242,4.30095,1.9232499999999995,0.9934640522875817,1.1836248269409926e-87,3.8949636411663364e-86
NOC4L,4.1628,3.4297500000000003,0.7330499999999995,0.6928104575163399,4.638655058023045e-29,6.372521269031659e-29
GOLT1B,4.7148,3.70775,1.0070500000000004,0.8235294117647058,7.894228497458742e-43,1.283946359069439e-42
NOP10,7.6901,5.779249999999999,1.9108500000000008,0.9934640522875817,2.1491480700702482e-86,3.041044519149401e-85
POTEI,-9.9658,-9.9658,0.0,0.032679738562091505,0.00011589638086521616,0.0001261487530186776
PSMA2,7.5084,5.2614,2.247,0.9934640522875817,3.2778593587435964e-87,6.625958560888842e-86
TRAPPC13,4.1844,3.3605,0.8239000000000001,0.7124183006535948,6.443205668567642e-38,9.803372065616359e-38
ACTL6A,5.4585,2.9148,2.5437,0.9934640522875817,2.5524063344340994e-88,1.0319014180640717e-86
ELAC2,5.2518,4.2639,0.9879000000000007,0.8169934640522876,2.5472497427739047e-48,4.591539345254873e-48
PTPN11,5.4516,5.2079,0.24369999999999958,0.43137254901960786,0.007730920543509618,0.00816362132019859
CCT8,6.7324,5.5931,1.1393000000000004,0.8758169934640523,1.5097182346666241e-52,2.774352340328926e-52
RPS21,10.7808,9.625599999999999,1.1552000000000007,0.8888888888888888,8.959109828470223e-65,2.0953951086422094e-64
PAK1IP1,4.1571,2.6579,1.4991999999999996,0.9673202614379085,1.1697384600686108e-79,5.1724372531158885e-79
NOP56,7.1557,6.1355,1.0202,0.7712418300653595,1.4533125268200395e-33,2.131023031554773e-33
FARSA,5.8324,4.941599999999999,0.8908000000000005,0.7581699346405228,1.6061821073846598e-42,2.5826678203969246e-42
CHMP4B,7.0453,6.4619,0.5834000000000001,0.7973856209150327,4.152597080428728e-39,6.386874857398533e-39
PDCD2,5.5342,4.197,1.3372000000000002,0.9869281045751634,4.773882423140442e-83,3.3775218143718624e-82
C3orf38,4.2965,1.9226,2.3739,0.9934640522875817,3.179326722102717e-87,6.625958560888842e-86
SPOUT1,5.438,4.197,1.2409999999999997,0.9084967320261438,1.1940921365699118e-52,2.2232110174295066e-52
POLE2,2.5163,-0.8599,3.3762000000000003,0.9934640522875817,5.267602464882241e-84,4.259232850176212e-83
DPH3,4.3082,2.8799,1.4283000000000001,0.9738562091503268,4.4708032598561334e-80,2.1087288708988095e-79
CIR1,4.6514,4.3267,0.3247,0.48366013071895425,1.213949684709106e-12,1.4079826261175288e-12
AASDHPPT,4.9672,4.51105,0.45615000000000006,0.38562091503267976,8.150524791245985e-10,9.153168713978626e-10
UBC,10.4577,9.33705,1.1206500000000013,0.9150326797385621,1.9393112586096326e-56,3.8649653956797607e-56
KDM8,1.8323,1.642,0.19030000000000014,0.16993464052287582,0.016155846831035926,0.016933720937715432
AK6,5.8197,5.09235,0.7273500000000004,0.7908496732026143,4.954086629287662e-44,8.247097153461225e-44
HAUS2,3.8788,2.4332,1.4456000000000002,0.954248366013072,3.448088867721599e-73,1.0606621190926224e-72
PELP1,4.845,4.6747499999999995,0.17025000000000023,0.24836601307189543,0.11881191555984061,0.12138545885716569
PPRC1,3.5911,2.93655,0.65455,0.5228758169934641,3.241878356814594e-14,3.791122210655084e-14
HAUS3,2.6185,1.6327,0.9858,0.7254901960784313,4.135003276572424e-29,5.708321596439004e-29
TRAPPC1,7.467,6.43235,1.03465,0.9673202614379085,5.014839482721928e-75,1.6895233019170306e-74
GPN1,5.7167,3.70775,2.0089500000000005,0.9869281045751634,3.164508856936582e-85,2.888890343590493e-84
UBL5,9.4614,8.3156,1.1457999999999995,0.9738562091503268,5.714492415114408e-80,2.6511497597989794e-79
RPS15,10.6069,9.437899999999999,1.1690000000000005,0.934640522875817,3.526566081385767e-71,1.0080991929617899e-70
NOPCHAP1,4.1228,2.98295,1.1398499999999996,0.9084967320261438,2.588692054888339e-63,5.814284535979365e-63
NDC1,3.222,0.8408,2.3811999999999998,0.9934640522875817,1.6867029556827115e-87,4.7733693645820736e-86
WDR77,4.9695,3.21195,1.7575500000000002,0.9869281045751634,1.8060555611824036e-86,2.7152592694529585e-85
ELMO2,5.5012,5.1553,0.34589999999999943,0.40522875816993464,4.404488410707213e-06,4.850078677938293e-06
NVL,3.9765,3.1749,0.8016000000000001,0.6862745098039216,2.393423704815772e-21,2.9707846862406294e-21
CLNS1A,7.2738,5.7203,1.5534999999999997,0.9869281045751634,1.6822649027502e-85,1.9043238699132264e-84
HSCB,4.3702,3.2481,1.1220999999999997,0.9215686274509803,1.8214165622121953e-70,4.909151305771916e-70
RRP12,3.3076,3.4609,-0.1533000000000002,0.0915032679738562,0.020428690304528145,0.021333281757127176
CSH2,-9.9658,-9.9658,0.0,0.0392156862745098,5.261337036946901e-09,5.8852109938971265e-09
FAM50A,6.1347,5.6456,0.48909999999999965,0.46405228758169936,8.487376497130125e-15,1.0049906061455336e-14
ZNF593,3.5098,2.3019,1.2079,0.954248366013072,7.18522235110051e-74,2.284739241979151e-73
NUP35,3.9431,2.04125,1.90185,0.9869281045751634,1.0485761806471328e-80,5.2060887565462915e-80
NOLC1,4.8375,4.4376999999999995,0.3998000000000008,0.39869281045751637,1.7672520496356736e-07,1.9690249214444708e-07
TLN1,6.8518,4.9502500000000005,1.9015499999999994,0.9084967320261438,4.551903921286985e-71,1.275434465073482e-70
DDX55,3.6589,3.1294,0.5295000000000001,0.477124183006536,8.062142553569404e-12,9.237191670688832e-12
EIF3B,6.577,4.92605,1.65095,0.9477124183006536,4.0915322692017754e-66,9.981927863656056e-66
PPP1CB,7.3511,5.308,2.0431,0.9803921568627451,3.534598948469657e-83,2.5648500061972125e-82
EAF1,3.9682,3.1385,0.8296999999999999,0.7450980392156863,4.09517307617565e-37,6.164542449775048e-37
RINT1,3.9346,2.5572999999999997,1.3773000000000004,0.9411764705882353,7.244219913654519e-45,1.2203060925977553e-44
TM2D2,5.5401,3.7992,1.7409,0.9934640522875817,1.9029066234986326e-85,1.9945280535189373e-84
WDR55,3.5887,2.8502,0.7384999999999997,0.738562091503268,1.409020017543847e-22,1.7722340665107054e-22
CCDC59,5.2079,3.95105,1.2568500000000005,0.9673202614379085,1.8402775723801094e-71,5.369057247253309e-71
PDCL3,4.6502,3.3471,1.3030999999999997,0.9607843137254902,1.2527873375136016e-74,4.122544378097085e-74
HNRNPH1,7.7608,6.62315,1.1376499999999998,0.7777777777777778,7.292773641073637e-30,1.0166773105536154e-29
NOL12,4.6938,3.9765,0.7173000000000003,0.673202614379085,3.5986563141175e-25,4.650318433311656e-25
CCT6A,7.5933,5.74525,1.8480499999999997,0.9869281045751634,1.1243011486207677e-82,7.084873851641703e-82
HSPA9,7.1185,6.247450000000001,0.8710499999999994,0.8235294117647058,2.015336276420253e-46,3.456607068042009e-46
SOD1,8.4154,8.38775,0.02764999999999951,0.1895424836601307,0.21679104216770917,0.21989915746760463
KRTAP21-1,-9.9658,-9.9658,0.0,0.026143790849673203,0.028734108408952373,0.029677929488078545
ZNHIT3,5.8118,5.31235,0.4994499999999995,0.6470588235294118,1.071325094186005e-31,1.5159250082731971e-31
DNAJA3,5.1903,4.2404,0.9498999999999995,0.8366013071895425,1.0513251310418226e-47,1.836574148671826e-47
INTS8,4.1236,3.6578,0.46579999999999977,0.3660130718954248,8.118939876082485e-11,9.227550140286518e-11
RNF4,5.2161,4.16075,1.0553499999999998,0.8169934640522876,2.0555728277613922e-40,3.1788366680681638e-40
TSEN34,5.7679,3.7773,1.9906000000000001,0.9934640522875817,4.655204598733386e-87,8.782819342943655e-86
HINFP,4.0824,3.8375000000000004,0.24489999999999945,0.16993464052287582,0.010056763673763947,0.010580164013662442
KIF2C,3.5947,-1.5951,5.1898,1.0,1.7071745363572503e-89,1.6104346459636727e-87
CDK2,4.9468,1.2992,3.6475999999999997,1.0,2.9168979368558827e-87,6.625958560888842e-86
NARS1,6.2634,5.52705,0.7363499999999998,0.6601307189542484,3.3315605366034835e-26,4.36496125860549e-26
RPL36,9.9672,8.46125,1.5059500000000003,0.9803921568627451,1.2127610651519528e-83,9.27598328210818e-83
CSE1L,5.3388,4.1429,1.1959,0.8758169934640523,2.9954539248535598e-58,6.187689494405529e-58
COPA,6.273,5.0680499999999995,1.2049500000000002,0.869281045751634,2.295582237655299e-56,4.543005407387759e-56
EIF3E,7.5101,6.161899999999999,1.3482000000000012,0.9673202614379085,1.9740867550555054e-58,4.1078422917699125e-58
NELFA,4.6944,3.90605,0.7883499999999999,0.7058823529411765,3.1045194931775884e-19,3.7386341130606703e-19
SPCS3,5.067,3.772,1.2950000000000004,0.934640522875817,1.7861211681039119e-65,4.283663479435653e-65
UBTF,5.5702,4.7418,0.8284000000000002,0.6862745098039216,2.352980428192045e-20,2.870230436113572e-20
PSMA1,-1.4305,-3.1714,1.7409000000000001,0.6928104575163399,3.6756467925138003e-25,4.728218374006389e-25
NELFCD,6.1237,4.9711,1.1526000000000005,0.9215686274509803,6.125767932133522e-44,1.0137966811659572e-43
INTS9,3.8054,2.3677,1.4377,0.9738562091503268,3.74355274069269e-77,1.3939808231789884e-76
SEC62,6.0266,5.6496,0.3769999999999998,0.5294117647058824,1.972165945535038e-14,2.315862915296331e-14
PSTK,2.6464,2.676,-0.029600000000000293,0.21568627450980393,0.9907093039034633,0.9907093039034633
CDC25B,5.575,4.51135,1.06365,0.7189542483660131,1.042366593019265e-24,1.3347952299748958e-24
RPS9,10.576,8.9971,1.5789000000000009,0.9934640522875817,1.6949549987074478e-81,9.224466627580919e-81
MED26,2.6067,1.3538999999999999,1.2528000000000001,0.9084967320261438,2.0660639986258126e-52,3.772232978136161e-52
SYS1,4.9924,3.1765,1.8159,0.9934640522875817,9.489591422586134e-87,1.6237230798116982e-85
UBE2C,5.9475,-2.5479,8.4954,1.0,3.5628298112364527e-90,5.041404182899581e-88
POLR1E,4.14,2.8013500000000002,1.3386499999999995,0.934640522875817,2.827212865630396e-71,8.164298377279613e-71
ARMC5,3.4102,2.9957000000000003,0.41449999999999987,0.35947712418300654,1.5534454555583197e-06,1.7240198585215863e-06
ANAPC4,3.7815,3.52745,0.2540499999999999,0.2222222222222222,0.0008217255082108694,0.0008808648440290759
BRCA1,2.8137,0.346,2.4677,0.9803921568627451,1.2173411466243774e-78,5.066287419039688e-78
ITGAV,5.6381,3.6928,1.9452999999999996,0.9607843137254902,3.7708989682135834e-78,1.5245205828634916e-77
SOCS3,5.0423,1.78275,3.25955,0.803921568627451,6.135138362956248e-48,1.0851525979478863e-47
MED31,4.6531,3.5559,1.0972000000000004,0.8888888888888888,3.472225755268807e-61,7.558768374931327e-61
SF3A2,5.7057,4.3751,1.3306000000000004,0.8562091503267973,6.367632676077395e-34,9.434764645706296e-34
CHMP2A,7.8322,6.6741,1.1581000000000001,0.954248366013072,1.7506036248286955e-73,5.504675842516898e-73
PSMB7,7.6737,6.60225,1.0714500000000005,0.9477124183006536,7.284295608560422e-75,2.425241949673646e-74
ARPC2,7.8394,6.4701,1.3693,0.9803921568627451,1.3391198035859375e-80,6.53398111060035e-80
TBCB,8.4144,7.5278,0.8866000000000005,0.8627450980392157,1.531579431536101e-53,2.8895798608314436e-53
SCFD1,5.1607,4.7616,0.3991000000000007,0.5294117647058824,3.6512503506811635e-16,4.341612811944409e-16
TRAPPC11,3.7237,3.2796,0.44410000000000016,0.45098039215686275,1.918555885778344e-11,2.1893198212712554e-11
MED28,5.2017,3.4810499999999998,1.72065,0.9803921568627451,7.865677806393313e-84,6.1832967200258555e-83
DDX10,3.9041,3.453,0.4511000000000003,0.2875816993464052,1.1925881209115414e-10,1.3500097528718648e-10
NUP155,2.9637,1.0779,1.8857999999999997,0.9738562091503268,9.151149759331911e-76,3.1972535578900385e-75
SNAPC5,5.218,4.949999999999999,0.2680000000000007,0.23529411764705882,1.7407948513437747e-06,1.9243943083214383e-06
ALG2,4.497,2.9581,1.5389,0.9607843137254902,3.718912843705965e-67,9.232038024287616e-67
HJV,-6.5064,-3.816,-2.6904000000000003,0.0196078431372549,5.170245918269374e-30,7.243463340941747e-30
RANBP3,5.6868,4.85525,0.83155,0.803921568627451,8.339569748345145e-41,1.3111656882120422e-40
PREB,5.729,4.4993,1.2297000000000002,0.9803921568627451,2.4996201325167853e-64,5.7511585162784576e-64
SLC35B2,5.8652,3.74,2.1251999999999995,0.9934640522875817,6.698848945218215e-86,8.617155688621613e-85
VRK1,3.3869,2.7084,0.6784999999999997,0.6666666666666666,8.570934302304863e-28,1.1441388714869228e-27
GGPS1,5.1173,3.9859999999999998,1.1313000000000004,0.954248366013072,4.542369438925087e-72,1.3531479486482102e-71
MIS18BP1,2.6693,0.8726,1.7966999999999997,0.9411764705882353,3.2363385227759767e-72,9.848212924146253e-72
MED11,4.9213,3.5808999999999997,1.3403999999999998,0.9738562091503268,3.9385687834465397e-79,1.663604426440852e-78
LYRM4,5.0514,3.7635500000000004,1.2878499999999997,0.9673202614379085,8.168718585970226e-80,3.669440253697737e-79
NOC3L,2.5876,1.3051,1.2825000000000002,0.9673202614379085,5.119866037269757e-68,1.3053352149075146e-67
PPAN,4.8832,4.0666,0.8166000000000002,0.6601307189542484,6.842637415267009e-28,9.177565822372339e-28
MLST8,6.0168,5.38685,0.62995,0.5359477124183006,5.332585011720627e-20,6.449237428704861e-20
MET,0.8408,-1.3183,2.1591,0.6274509803921569,1.0389978084413609e-26,1.3676110687856052e-26
PRKAR1A,6.5962,6.3488500000000005,0.24734999999999907,0.24183006535947713,0.001216044823806899,0.0012986440948579336
JUN,6.6645,4.998900000000001,1.6655999999999995,0.8431372549019608,3.2418768520815185e-48,5.80665284265234e-48
RAB1A,7.1836,6.1844,0.9992000000000001,0.9477124183006536,1.0031521136619211e-63,2.28945200134132e-63
MT1E,7.6061,7.172549999999999,0.4335500000000003,0.43137254901960786,1.697592792027294e-05,1.862088217611334e-05
XAB2,4.8963,4.27355,0.6227499999999999,0.6470588235294118,4.035897756421861e-20,4.901970236340715e-20
DDX51,3.6497,3.9046000000000003,-0.2549000000000001,0.026143790849673203,0.00013909254738889753,0.00015081682341401532
BRAT1,5.3078,3.8121,1.4957000000000003,0.9084967320261438,1.846758928603116e-47,3.2063360539551035e-47
RAC1,8.3449,6.9536,1.391300000000001,0.9738562091503268,1.446584226330145e-79,6.298205170022016e-79
RPL10A,9.8881,8.5095,1.3786000000000005,0.9738562091503268,6.321580681312493e-82,3.5780146656228713e-81
NOM1,2.8522,1.7053,1.1468999999999998,0.7320261437908496,2.352877048313116e-33,3.4322897148072776e-33
VCP,7.1056,5.8363,1.2693000000000003,0.8627450980392157,3.1001203071449767e-61,6.854172241578347e-61
ARHGAP11A,2.4857,-0.7346,3.2203,0.9803921568627451,7.295913681411138e-77,2.681485158232925e-76
OSBP,4.3184,3.222,1.0963999999999996,0.7777777777777778,7.83867098795644e-42,1.2533016325376681e-41
NUBP2,6.219,5.01615,1.2028500000000006,0.9477124183006536,2.881153628271505e-57,5.824046262863113e-57
WWTR1,5.3505,2.578,2.7725000000000004,0.9673202614379085,1.9969853831753747e-74,6.422123448166262e-74
DHX33,2.9875,1.8742,1.1132999999999997,0.7320261437908496,2.718474873537697e-32,3.925144842914123e-32
PTPMT1,6.3539,5.107900000000001,1.2459999999999996,0.9411764705882353,2.630693796737299e-78,1.0789657166328342e-77
VHL,4.5928,3.2796,1.3132000000000006,0.8300653594771242,6.487329080450307e-44,1.0673919359113004e-43
SBDS,7.2443,6.227399999999999,1.0169000000000006,0.9150326797385621,1.971098702261268e-55,3.820691320136567e-55
PWP1,5.3789,3.7318499999999997,1.6470500000000001,0.9869281045751634,2.0367280789204278e-81,1.087535936480153e-80
FGFR1,5.4555,4.46735,0.9881500000000001,0.5882352941176471,4.277613562177626e-13,4.981747481877646e-13
NOP2,4.5862,3.7778,0.8083999999999998,0.6993464052287581,1.063932474788683e-25,1.3811600475467766e-25
RSL1D1,6.213,4.4569,1.7561,0.9869281045751634,4.9890923994090575e-81,2.567114816423206e-80
UFM1,5.1469,4.53955,0.6073499999999994,0.673202614379085,3.750666479361441e-28,5.054469588853751e-28
ORC4,4.546,3.3032,1.2428000000000003,0.8104575163398693,1.3995121472380407e-44,2.3435617613512753e-44
UBA5,4.6713,3.9084000000000003,0.7628999999999992,0.6928104575163399,8.909438037136895e-34,1.3132140440154901e-33
GPR61,-0.9132,1.7891,-2.7023,0.0,7.795737034325724e-58,1.5986910005175216e-57
NUP54,4.7453,3.3759,1.3694000000000002,0.9477124183006536,2.0058595030443403e-40,3.1362333666383887e-40
PTK2,5.6218,5.49205,0.12975000000000048,0.3202614379084967,0.0051388831848684065,0.005446831240890483
NSL1,5.3865,3.4939,1.8925999999999998,0.9934640522875817,1.6153846177648437e-85,1.9043238699132264e-84
POLR1H,5.142,3.091,2.051,0.9934640522875817,1.8108006092233574e-85,1.9709868169623467e-84
ODR4,3.4384,2.7073,0.7311000000000001,0.6143790849673203,7.535341114970447e-27,9.96496044643288e-27
SAP18,7.2241,6.4242,0.7999,0.8562091503267973,7.974380903709793e-48,1.4017079476707276e-47
PNO1,4.2465,2.31205,1.93445,0.9869281045751634,5.5451515928892286e-83,3.738713967768252e-82
CYFIP1,6.013,3.6714,2.3415999999999997,0.9869281045751634,2.592489742279658e-85,2.445581990217144e-84
FXN,3.7971,2.4792,1.3178999999999998,0.9673202614379085,3.586927456303525e-77,1.3534672935118633e-76
GRB2,6.1729,5.50415,0.6687500000000002,0.7516339869281046,3.0893431636747217e-41,4.884268800670091e-41
SRSF10,5.6719,4.5311,1.1407999999999996,0.8235294117647058,6.917352095026906e-38,1.046850611172521e-37
HAUS1,5.1974,2.4544,2.743,1.0,2.431593373484114e-89,1.657468094941711e-87
RABGGTB,5.4263,4.9644,0.4619,0.5686274509803921,3.731758429400143e-22,4.672954139470091e-22
UFC1,7.2653,6.3284,0.9368999999999996,0.9738562091503268,3.213249920596791e-77,1.2288509831471509e-76
TIMM9,5.7255,4.496700000000001,1.2287999999999997,0.954248366013072,1.903247725534667e-75,6.489386823208564e-75
SNAPC1,2.7401,1.0813000000000001,1.6587999999999998,0.9673202614379085,1.765548526534443e-77,6.844523739852704e-77
CDK7,4.3356,3.3869,0.9487000000000005,0.8888888888888888,2.5199183205222745e-60,5.402552156877301e-60
GPX4,8.95914177958,8.17,0.7891417795799995,0.8627450980392157,6.846538214469636e-56,1.3455349407603522e-55
RPP25L,4.7955,4.05795,0.7375499999999997,0.7712418300653595,1.088436690432427e-45,1.8555878517613065e-45
PDGFRA,4.4088,2.6704,1.7384000000000004,0.6601307189542484,2.856018114992601e-29,3.9620251301122847e-29
HAUS4,4.8763,3.419,1.4572999999999996,0.9411764705882353,2.2920547970110427e-70,6.119353844850237e-70
RPS11,11.3941,9.857050000000001,1.537049999999999,0.9803921568627451,8.274441714750064e-83,5.445737221568066e-82
EGLN1,4.5856,3.46415,1.1214500000000003,0.8431372549019608,3.314657737497393e-53,6.212239335839485e-53
ARF4,7.6477,5.5928,2.0549,0.9934640522875817,2.291232007779408e-87,5.89471507455975e-86
SETD5,5.2277,4.428699999999999,0.7990000000000004,0.5490196078431373,3.1545426648174765e-12,3.64381866997284e-12
NCKAP1,6.219,5.4152000000000005,0.8037999999999998,0.6339869281045751,3.770660427431509e-27,5.0098446054606436e-27
FOXK1,3.1062,2.38295,0.7232499999999997,0.673202614379085,3.8500565504715364e-23,4.8859462053069274e-23
C19orf25,5.3363,4.7565,0.5797999999999996,0.6928104575163399,3.7329247337754766e-33,5.417526664915179e-33
EXT1,4.0207,1.79745,2.2232499999999997,0.9673202614379085,5.9246370233426416e-80,2.7043101251709154e-79
H3C8,0.4125,-3.3076,3.7201,0.9869281045751634,6.363905720327132e-71,1.7656718812280182e-70
VBP1,6.2793,5.1404,1.1389000000000005,0.9738562091503268,1.1390583220577567e-70,3.129645680993643e-70
NOB1,4.9824,3.8115500000000004,1.1708499999999997,0.9477124183006536,9.678766387638713e-69,2.5361952663905148e-68
TAF1D,5.6642,6.2186,-0.5544000000000002,0.0392156862745098,1.4582454091830123e-20,1.7942758730382283e-20
CDK5RAP3,6.7195,6.681100000000001,0.038399999999999324,0.2222222222222222,0.8911265655938523,0.8942865888761
JTB,7.1668,6.2508,0.9160000000000004,0.9803921568627451,1.958416424560764e-65,4.657410488661313e-65
EPRS1,5.7493,4.73285,1.0164499999999999,0.8431372549019608,4.4616417497273894e-48,7.941161101716045e-48
NHP2,7.4942,6.36,1.1341999999999999,0.9673202614379085,4.047644950404459e-80,1.9414974931601046e-79
DSCC1,2.3816,-0.0425,2.4241,0.9869281045751634,2.6606351890069007e-73,8.274283060318164e-73
KIF18B,2.5213,-3.1714,5.6927,0.9934640522875817,9.06456162511081e-89,4.275451566510598e-87
MED17,4.5614,3.14175,1.4196499999999999,0.8758169934640523,1.4655682337301364e-41,2.3300888210428575e-41
ITGB5,5.613,3.7432,1.8698000000000006,0.934640522875817,1.7104309237080704e-68,4.4408435909117785e-68
BCCIP,4.9379,4.4552499999999995,0.48265000000000047,0.6666666666666666,2.9330246992046875e-28,3.9715119132771602e-28
USP10,5.4614,4.1404499999999995,1.3209500000000007,0.8954248366013072,3.881017940891639e-59,8.135763535350621e-59
TRAPPC4,6.4688,5.2939,1.1749,0.954248366013072,7.2121270205791296e-68,1.8223499525213336e-67
EIF3M,7.5724,5.763450000000001,1.8089499999999994,0.9869281045751634,2.1432414545267974e-85,2.1662047558252987e-84
EEFSEC,4.0884,2.6185,1.4699,0.9411764705882353,4.2891272850411984e-67,1.0554982797101384e-66
PSMG4,3.9645,3.93605,0.02845000000000031,0.16993464052287582,0.13903053616474856,0.14153108537634476
RRP15,3.0825,0.86865,2.21385,0.9607843137254902,2.5918974068579335e-79,1.111374191122417e-78
VCL,4.3009,2.715,1.5859000000000005,0.8758169934640523,1.585237803098638e-55,3.0939468846683764e-55
MSTO1,4.9256,4.1547,0.7709000000000001,0.6601307189542484,4.331129317860615e-23,5.471917843547117e-23
RSAD1,4.7767,4.67615,0.10055000000000014,0.1111111111111111,0.5138298242720012,0.5174869760461792
ALG1,4.4868,2.7878499999999997,1.69895,0.954248366013072,2.772375469402259e-82,1.601188281307835e-81
KIF18A,1.3283,-4.035,5.363300000000001,0.9934640522875817,2.9283888603210445e-89,1.657468094941711e-87
PPP2R1A,7.9809,7.4862,0.4946999999999999,0.5620915032679739,2.1191581052216406e-20,2.5961980250117935e-20
ACTR3,6.7702,4.62825,2.1419499999999996,0.9869281045751634,2.659762544700668e-82,1.5681516669797688e-81
PRKRA,5.44,4.4842,0.9558,0.9084967320261438,7.5633201047096e-57,1.518028077753771e-56
CTDNEP1,7.2834,5.8879,1.3955000000000002,0.9738562091503268,8.959647173963333e-82,4.971725784767888e-81
HYOU1,5.986,5.1863,0.7996999999999996,0.7777777777777778,2.0399907456197187e-40,3.172073522035057e-40
TSEN54,4.3896,4.19345,0.19614999999999938,0.22875816993464052,0.027086520619754636,0.028078700862236492
TUBB,9.0475,6.86635,2.1811499999999997,0.9803921568627451,1.5006582095529646e-82,9.035878155393384e-82
SURF4,6.7659,4.6236,2.1423000000000005,0.9934640522875817,9.753813553639176e-87,1.6237230798116982e-85
TAF1A,2.2206,0.4761,1.7445000000000002,0.8954248366013072,5.4065068710494535e-65,1.2750345370891627e-64
SNUPN,4.62064444384,3.5349500000000003,1.0856944438399996,0.9150326797385621,1.222976054471156e-70,3.327905994378242e-70
RPS3,10.4487,8.809349999999998,1.639350000000002,0.9869281045751634,1.8039048921700194e-84,1.5469851044973197e-83
BARD1,2.5087,-0.6643,3.173,1.0,2.060080638706747e-84,1.714714178688263e-83
RPS25,9.4878,8.7126,0.7751999999999999,0.9150326797385621,1.308929000291123e-57,2.664941777571135e-57
RPS17,9.9705,8.74555,1.2249499999999998,0.9803921568627451,3.067996388926829e-76,1.0853037225828658e-75
POLR1G,1.9712,1.1117,0.8595000000000002,0.6078431372549019,2.012333061147141e-21,2.508767648919123e-21
NBAS,4.6335,4.1772,0.4562999999999997,0.5882352941176471,2.077164298613212e-24,2.64791665093486e-24
FERMT2,5.8846,4.1891,1.6955,0.934640522875817,3.5073419999188374e-69,9.276427906327391e-69
USP36,4.0713,3.944,0.12729999999999997,0.19607843137254902,0.4152715310648024,0.41972086889763954
PFDN5,9.8273,8.9375,0.8897999999999993,0.934640522875817,4.601356758675296e-62,1.0253417029174085e-61
ERCC6L,-0.2498,-4.6082,4.3584000000000005,0.9869281045751634,1.3676207863413944e-83,1.0185175856174068e-82
TCP1,6.9589,6.1914,0.7675000000000001,0.6601307189542484,2.902703495256883e-32,4.1488135816045353e-32
IMP3,6.0061,5.11275,0.8933499999999999,0.9150326797385621,1.8236697102276633e-67,4.567243610570166e-67
MTOR,4.382,4.05365,0.3283499999999995,0.35947712418300654,0.0002350378472477186,0.0002529114477988759
CLCC1,4.3463,3.33285,1.0134500000000002,0.8888888888888888,1.211733310677989e-59,2.578349826480232e-59
TEAD1,3.7475,1.9968,1.7507000000000001,0.8823529411764706,3.3099095562349954e-61,7.26127445282561e-61
FOXO3,3.7248,3.26245,0.46235000000000026,0.37254901960784315,0.00011112676875135231,0.00012142422994838882
LMNA,6.5137,4.3751,2.1386000000000003,0.9477124183006536,6.534951144623337e-72,1.926449139508754e-71
TIMM10,6.1877,4.9697499999999994,1.217950000000001,0.9738562091503268,7.385432656847201e-78,2.9028853359552195e-77
ARFRP1,4.9331,4.75015,0.18294999999999995,0.29411764705882354,0.000208383858194203,0.00022508638117923455
CHMP7,4.8223,3.8146500000000003,1.00765,0.7908496732026143,2.0767873477314782e-36,3.109686875174647e-36
SGO1,2.0147,-4.6082,6.6229,1.0,1.6966925984972127e-90,4.801640053747112e-88
UTP6,5.3772,4.88045,0.49675000000000047,0.5359477124183006,8.267245680463508e-17,9.913688676149037e-17
RPTOR,3.5887,3.0181,0.5705999999999998,0.5098039215686274,1.6536815868556506e-14,1.9499662045006212e-14
RAE1,5.1301,3.4823500000000003,1.6477499999999994,0.9803921568627451,2.9658609936469234e-68,7.630351465473448e-68
MAK16,3.1327,1.7075,1.4251999999999998,0.9477124183006536,3.5025330188392334e-72,1.054486004607982e-71
CCNK,4.4122,3.1556,1.2566000000000002,0.8562091503267973,7.69720779261187e-51,1.396352439300743e-50
CCT3,7.5109,6.03705,1.4738500000000005,0.9869281045751634,6.441017010269225e-78,2.5673349491636486e-77
TOP1,5.1926,3.7545,1.4380999999999995,0.8758169934640523,1.1979573935764607e-53,2.275315049544553e-53
PFDN1,6.4608,5.7494499999999995,0.7113500000000004,0.9281045751633987,1.327019896818079e-63,3.004373046396131e-63
TUBGCP6,3.6555,4.66085,-1.00535,0.0457516339869281,1.5273475304091948e-28,2.0780738033932796e-28
PFDN4,5.2304,4.6136,0.6168000000000005,0.6601307189542484,4.686904544257373e-29,6.407700415578921e-29
TMED2,6.9088,4.6259,2.2829000000000006,0.9934640522875817,1.2386810166253366e-87,3.8949636411663364e-86
TIMM22,3.5887,2.5375500000000004,1.0511499999999994,0.8496732026143791,2.6601196677425515e-59,5.618013925157777e-59
E2F3,2.9052,1.3397,1.5655,0.8104575163398693,2.1050658816745594e-55,4.052609826625172e-55
ZFP36L1,6.5192,4.7976,1.7215999999999996,0.869281045751634,5.075348842758304e-54,9.704890016895945e-54
WBP11,4.9275,3.8152,1.1123000000000003,0.8169934640522876,1.2518358594371293e-52,2.3154872432725987e-52
SNRPB2,6.0555,4.3064,1.7491000000000003,0.9869281045751634,1.1206323470242817e-85,1.3788650182950945e-84
FRS2,3.5559,2.5911999999999997,0.9647000000000001,0.7124183006535948,4.174798183605105e-34,6.218252031369709e-34
RRP1,4.3002,3.30755,0.9926500000000003,0.803921568627451,6.950122911369024e-47,1.1993199901935572e-46
RPS29,11.2259,9.8054,1.4204999999999988,0.9477124183006536,1.806958457300418e-74,5.877807395586416e-74
WDHD1,1.9377,-0.1504,2.0881,0.9019607843137255,1.1742504311481044e-65,2.8402809573924237e-65
RPS16,10.6853,8.969000000000001,1.7162999999999986,0.9934640522875817,1.2101367592305575e-84,1.0702146964445243e-83
INTS12,4.7945,3.0199,1.7746000000000004,0.9869281045751634,2.3537971343103565e-85,2.2969813414132098e-84
TARS1,5.6017,4.2362,1.3655,0.934640522875817,9.893285880625655e-65,2.294917954276279e-64
PDCD5,6.9491,6.3831500000000005,0.5659499999999991,0.7450980392156863,9.726388205896026e-39,1.4878745201451758e-38
SRSF2,7.2969,6.3154,0.9814999999999996,0.8823529411764706,1.1808459118196625e-45,2.001074209850087e-45
CHMP3,5.9846,5.33685,0.6477500000000003,0.6666666666666666,8.294907385993175e-26,1.0817782443484186e-25
LSM6,5.2227,3.8396,1.3830999999999998,0.9803921568627451,3.92116928722867e-71,1.1096909082857136e-70
CCT4,6.7953,5.4689499999999995,1.3263500000000006,0.9869281045751634,1.1218718055427346e-75,3.871825865470657e-75
NELFB,5.6491,4.88635,0.7627499999999996,0.7908496732026143,1.268175846605116e-43,2.0745304311517215e-43
POP7,6.0005,4.8868,1.1136999999999997,0.8888888888888888,4.155686244896744e-61,8.977551200807469e-61
ELAVL1,5.5333,3.44835,2.0849499999999996,0.9738562091503268,1.126570047080836e-82,7.084873851641703e-82
