gene,glioma_mean,rest_mean,diff,cohens_d,t,p,fdr,is_common_essential,pan_ess_fraction,glioma_dep_fraction,neglog_fdr,dependency_score,archetype
PRKAR1A,-0.5383205234241641,-0.15439503631075557,-0.38392548711340857,-1.5555487864913542,-9.841848662208955,3.242582953685803e-15,1.6598318913781384e-12,False,0.11969439728353141,0.5555555555555556,11.779935895299635,0.8373838369558492,pan-glioma-dep
LMNA,-0.653580163849344,-0.36539508750952626,-0.28818507633981777,-1.323874797709614,-6.902596144862197,1.4729587046702372e-09,2.74890918259083e-07,False,0.21477079796264856,0.5972222222222222,6.56083960797435,0.8652583072030666,pan-glioma-dep
RPP25L,-0.8883326965487299,-0.37245563849666025,-0.5158770580520697,-1.3083565507702313,-9.109468869192918,7.020248966296601e-14,3.067677572687071e-11,False,0.2937181663837012,0.7916666666666666,10.513190288713078,1.162255902792915,pan-glioma-dep
JUN,-0.6043523012498403,-0.28034713499338226,-0.32400516625645803,-1.2125751591718206,-7.744946568849582,3.317133814091233e-11,9.433296732263258e-09,False,0.17487266553480477,0.5555555555555556,8.025336504249111,0.7328225878838811,pan-glioma-dep
VRK1,-0.7914978060856416,-0.4525043614411634,-0.33899344464447817,-1.2118455907857624,-6.9608281782561665,1.0936082844748948e-09,2.106783443510991e-07,False,0.42614601018675724,0.8055555555555556,6.67638010327263,0.9591731264214891,pan-glioma-dep
CTDNEP1,-0.6984696180452405,-0.4288988767050855,-0.2695707413401551,-1.136694801093814,-7.596656897006418,6.115207465531006e-11,1.5878269123543985e-08,False,0.3870967741935484,0.75,7.79919684139657,0.7939467835540069,pan-glioma-dep
FERMT2,-1.0813017039280832,-0.5839646342187769,-0.49733706970930636,-0.9849211235687436,-8.510011805308977,6.966790505651265e-13,2.600354556234335e-10,False,0.46774193548387094,0.875,9.584967432291501,1.0649968891496446,pan-glioma-dep
MET,-0.2959464253827698,-0.12767138520253732,-0.16827504018023245,-0.9820219051170668,-3.980783881836658,0.00016102586368620412,0.0038838823557679762,False,0.030560271646859084,0.2222222222222222,2.410733933505173,0.2906258724669734,subset-dep
ITGAV,-1.0241786152471235,-0.6121264664356896,-0.4120521488114339,-0.9313554733107189,-8.987568095502501,5.775042854425161e-14,2.722780731049505e-11,False,0.5263157894736842,0.9166666666666666,10.564987331531698,0.9538743589582014,pan-glioma-dep
CHMP4B,-1.5527638521903049,-1.0118393862046622,-0.5409244659856427,-0.9279605134090227,-8.676784306135241,2.6786322124069613e-13,1.0906903344882526e-10,True,0.7860780984719864,0.9861111111111112,9.962298535491048,1.4409035414814872,pan-glioma-dep
C3orf38,-0.57108249124729,-0.3225347508183205,-0.24854774042896954,-0.9228878742890233,-6.704618127442826,2.8403637225099017e-09,5.192648617600754e-07,False,0.2037351443123939,0.5555555555555556,6.284611064772591,0.5270451063908913,pan-glioma-dep
SPCS3,-1.3076720750962554,-1.0603236102268165,-0.24734846486943884,-0.8954576819382083,-7.943528793435771,8.79733060082935e-12,2.9187587971196045e-09,True,0.9813242784380306,1.0,8.53480179312716,1.1709650051010194,pan-glioma-dep
VCL,-0.573567767698867,-0.38719495882027993,-0.18637280887858704,-0.8925667177137667,-6.116103010019226,3.6761873783975286e-08,5.14551352120079e-06,False,0.27419354838709675,0.5555555555555556,5.288571276237831,0.5119474998013899,pan-glioma-dep
ITGB5,-0.582001271003651,-0.2981820116212864,-0.2838192593823646,-0.8604489360947074,-5.874176739427013,1.016401406183114e-07,1.16729792263953e-05,False,0.2232597623089983,0.4583333333333333,4.932818287360165,0.5007823744408589,pan-glioma-dep
SURF4,-0.3415652442056192,-0.16498121000223304,-0.17658403420338614,-0.8433936874795432,-4.613543014469434,1.6089192553517044e-05,0.0007047774420264335,False,0.06876061120543293,0.2916666666666667,3.1519480049368505,0.28807397082542785,subset-dep
PDGFRA,-0.409077186802224,-0.24902678505431386,-0.16005040174791013,-0.843232797061861,-3.9815859354439116,0.00015920889571126678,0.0038568140432276078,False,0.07215619694397284,0.2638888888888889,2.413771300192039,0.3449473004414368,subset-dep
NOLC1,-0.6429296467087683,-0.47793085697840487,-0.16499878973036342,-0.8365604743937822,-6.5915513522166425,4.343216196692585e-09,7.628731507837682e-07,True,0.43378607809847197,0.75,6.117547669770568,0.537849530252514,pan-glioma-dep
GPX4,-1.2317813041318542,-0.8065661431027746,-0.4252151610290795,-0.829685861021957,-4.948863254311631,4.418010349073623e-06,0.0002743910979591418,True,0.7054329371816639,0.8888888888888888,3.5616299825058673,1.0219915319093864,pan-glioma-dep
KIF18B,-0.7284770388636128,-0.4598508353049325,-0.26862620355868033,-0.8183497716713803,-4.669644453748745,1.295069427180782e-05,0.0006026613988927504,False,0.32597623089983024,0.5694444444444444,3.2199266246673903,0.5961490184218808,pan-glioma-dep
TRAPPC13,-0.5111462189464862,-0.3448488425073381,-0.16629737643914805,-0.7982073376013507,-5.9060332210891655,8.53845444911801e-08,1.0064141441473572e-05,False,0.20118845500848898,0.4583333333333333,4.997223268279983,0.4080006625502718,pan-glioma-dep
PTK2,-0.8399534667162262,-0.5471071088519015,-0.29284635786432467,-0.7824314549369636,-6.016359227120177,5.241564124903225e-08,6.566983416906726e-06,False,0.49490662139219016,0.75,5.182634080401152,0.6572060130421233,pan-glioma-dep
UBC,-0.6494979880688525,-0.383919169963664,-0.2655788181051885,-0.7654005134207772,-4.041620382062649,0.000245843716562434,0.00512751574613803,False,0.11375212224108659,0.2916666666666667,2.2900929972783954,0.49712609353366155,pan-glioma-dep
RPL10A,-2.3463478265622766,-2.095175038863167,-0.25117278769910945,-0.7544416089185297,-6.812838833694472,1.4188173111494999e-09,2.6757400996373094e-07,True,1.0,1.0,6.572556072808174,1.7701824293541393,pan-glioma-dep
FGFR1,-0.34185838213631253,-0.10892529969684214,-0.2329330824394704,-0.7518928867898877,-4.681178368649516,1.2211708263645838e-05,0.0005831807036720077,False,0.0933786078098472,0.2777777777777778,3.234196854421581,0.2570408858177926,subset-dep
SPOUT1,-1.5797120505021616,-1.343251274937788,-0.2364607755643735,-0.7390745469817674,-6.046041358203336,4.430067543741218e-08,6.012809857096036e-06,True,0.99830220713073,1.0,5.2209225296186,1.167524968086524,pan-glioma-dep
BCCIP,-0.6944073935319967,-0.5658280581682518,-0.12857933536374488,-0.7152781700031215,-4.804691669058526,7.502618982804312e-06,0.0004085620720240792,True,0.6994906621392191,0.875,3.388741952620839,0.49669444968220405,pan-glioma-dep
POLR1H,-1.0246882479156876,-0.8586720909103511,-0.16601615700533645,-0.7103535009424833,-5.897325222449871,8.244943286974332e-08,9.78254330658491e-06,True,0.9354838709677419,0.9861111111111112,5.009548220833955,0.7278908842815279,pan-glioma-dep
EAF1,-0.6405691253786434,-0.41836616335385657,-0.22220296202478684,-0.6993585244349864,-4.784382798692184,8.07496140342638e-06,0.0004331467320472666,False,0.3599320882852292,0.625,3.3633649578647526,0.44798747832341784,pan-glioma-dep
NHLRC2,-0.944787981021584,-0.6195784177085608,-0.3252095633130232,-0.6991125894540118,-5.075165747071924,2.557662308401534e-06,0.0001789963981145386,False,0.5840407470288624,0.7777777777777778,3.747155708096749,0.6605131718970273,pan-glioma-dep
FRS2,-0.3765045054597337,-0.2614768716538435,-0.1150276338058902,-0.6942624394469267,-4.93352694642832,4.489536505809103e-06,0.0002764073403370306,False,0.09507640067911714,0.2361111111111111,3.5584504279203486,0.2613929364232334,subset-dep
CCT6A,-1.8334211908788391,-1.645826907736052,-0.18759428314278725,-0.6822496045393389,-6.363286745460834,9.981405017365145e-09,1.5825385158505659e-06,True,0.99830220713073,1.0,5.80064571131515,1.2508508824311317,pan-glioma-dep
ALG1,-0.9999628164831864,-0.7851068584816333,-0.2148559580015531,-0.6772558112775787,-6.450294819148043,6.642803730039545e-09,1.1122660899755933e-06,True,0.8455008488964346,0.9583333333333334,5.953791303056141,0.677230628524733,pan-glioma-dep
CDC25B,-0.47017317692488675,-0.3188694360055266,-0.15130374091936016,-0.6751937536941661,-4.514703571446148,2.2504912612030756e-05,0.0009101535312802325,False,0.19524617996604415,0.3888888888888889,3.0408853415650134,0.31745799221422555,subset-dep
TIMM9,-0.6556744309003568,-0.5169011420860785,-0.1387732888142783,-0.6722212290622106,-4.484308293972396,2.5210094749663794e-05,0.0009904913542433695,True,0.565365025466893,0.8055555555555556,3.004149310959138,0.44075827180450333,pan-glioma-dep
KLF16,-0.46805049410116895,-0.33761960179376094,-0.130430892307408,-0.6721502828712506,-5.997086036523724,5.101993462564372e-08,6.547472685788573e-06,False,0.21901528013582344,0.4583333333333333,5.183926304653176,0.3146002720081293,subset-dep
KIF2C,-0.44499738156992763,-0.2997660943763327,-0.1452312871935949,-0.663959221805598,-5.292027885353682,1.0357617276009778e-06,8.396700050542588e-05,False,0.1774193548387097,0.3333333333333333,4.075891360535848,0.2954601151726979,subset-dep
GOLT1B,-0.4632648287298778,-0.317625808067063,-0.1456390206628148,-0.6618797149662767,-6.465292909608532,6.025995574270904e-09,1.0282070162727383e-06,False,0.18760611205432937,0.3888888888888889,5.987919436922849,0.3066255927936325,subset-dep
TCP1,-2.0684737677024594,-1.8511335344793058,-0.21734023322315354,-0.6511043905091738,-5.608733716717671,2.7038624094768084e-07,2.6763756313915193e-05,True,1.0,1.0,4.572452933059672,1.346792351804124,pan-glioma-dep
PSMG4,-1.571708010303134,-1.2840173276295777,-0.28769068267355635,-0.6319311617614669,-5.426263735464786,5.766145790878623e-07,5.21748828229199e-05,True,0.9422750424448217,0.9861111111111112,4.28253851762267,0.993211268900663,pan-glioma-dep
PDCL3,-0.4798587878892697,-0.37405697982640085,-0.10580180806286887,-0.6303712354745759,-5.04318699794143,2.8019149973267755e-06,0.00019307349650810195,False,0.22835314091680814,0.4722222222222222,3.7142773383918426,0.30248917697509137,subset-dep
BRAT1,-0.6061829202726846,-0.39219834989931723,-0.21398457037336738,-0.6287922511287688,-5.0110022387769915,3.1873170010604618e-06,0.00021459809407719643,False,0.3684210526315789,0.6388888888888888,3.668374139478326,0.38116312303407235,pan-glioma-dep
FAM50A,-0.8286187150151437,-0.5147317894608022,-0.3138869255543415,-0.6249108970387537,-5.358742644889384,7.611359840542749e-07,6.684564848194309e-05,False,0.41086587436332767,0.6805555555555556,4.174926859184212,0.5178128645032128,pan-glioma-dep
HAUS3,-1.3271755234919438,-1.163478633407096,-0.1636968900848479,-0.6224872137734083,-4.657866047499253,1.2793989223180025e-05,0.000600594961880269,True,0.9881154499151104,1.0,3.221418315221912,0.8261497938067647,pan-glioma-dep
KIF18A,-1.6780320022600173,-1.2791440853120124,-0.39888791694800485,-0.6203374674713164,-5.5629315257195575,3.187420526552983e-07,3.136467534086684e-05,True,0.8853989813242784,0.9722222222222222,4.503559203532347,1.0409461226178014,pan-glioma-dep
SYS1,-1.4065174589378338,-1.1090636357210637,-0.29745382321677005,-0.6136104075734583,-5.744383790829901,1.4399159465280844e-07,1.573020371829095e-05,True,0.8947368421052632,1.0,4.803265652891225,0.8630537512380291,pan-glioma-dep
POP7,-0.9646008092210584,-0.7673787977405349,-0.19722201148052354,-0.6131054481187495,-5.677402540661305,1.9276648139174402e-07,1.9963030523783152e-05,True,0.8242784380305602,0.9583333333333334,4.699773529188339,0.5914020113931854,pan-glioma-dep
SNRPB2,-1.0105966525891872,-0.72426708843851,-0.28632956415067723,-0.6122982160762201,-4.517318984845857,2.1819714296609138e-05,0.0008945583554646438,False,0.6604414261460102,0.8333333333333334,3.0483913234815825,0.6187865275529589,pan-glioma-dep
SEC62,-0.4975633719378044,-0.37065416479388086,-0.12690920714392356,-0.6121021982941505,-4.78676708007409,7.705730760043079e-06,0.00041708722748317765,False,0.2495755517826825,0.3888888888888889,3.3797731094073664,0.3045596337537801,subset-dep
LYRM4,-1.427190300443157,-1.2102474095754887,-0.21694289086766827,-0.6114622996476407,-5.979213963333592,5.0656051007222974e-08,6.547472685788573e-06,True,0.9753820033955858,1.0,5.183926304653176,0.8726730631437799,pan-glioma-dep
C19orf53,-0.7840804425191616,-0.5997186701817749,-0.1843617723373867,-0.6089897855810361,-4.706015677186498,1.0550488968946285e-05,0.0005265252377928736,False,0.6434634974533107,0.8055555555555556,3.2785808070587614,0.47749698056802814,pan-glioma-dep
TAF1C,-1.2616961029126992,-1.0687907535550603,-0.19290534935763892,-0.608097497604393,-6.133209324609182,2.5073014651657707e-08,3.6226462137024153e-06,True,0.965195246179966,1.0,5.440974076934038,0.7672342429184271,pan-glioma-dep
SBDS,-2.067272358907323,-1.744906965830422,-0.32236539307690104,-0.606074595603637,-5.0092767339305855,3.1629098746921177e-06,0.00021383657854710935,True,0.9898132427843803,1.0,3.6699180030450003,1.2529212589273324,pan-glioma-dep
KRTAP21-1,-0.46311271601042137,-0.3156036763492358,-0.14750903966118556,-0.6038714496908402,-3.384301729335615,0.0016249455393697856,0.019683924464739065,False,0.07640067911714771,0.20833333333333334,1.705888310200137,0.2796605471874755,subset-dep
INTS12,-0.6355423272050373,-0.4700949541764961,-0.16544737302854123,-0.5989213179668159,-5.182065806554574,1.5527612687351665e-06,0.00011991065039077259,False,0.48811544991511036,0.6805555555555556,3.921142241417217,0.38063984823333835,pan-glioma-dep
DDX51,-1.0554935135070123,-0.8926236011324792,-0.16286991237453308,-0.5988291793419375,-4.499395533213862,2.3230906010703923e-05,0.000933194870151954,True,0.9363327674023769,0.9861111111111112,3.0300276572237874,0.6320603144941424,pan-glioma-dep
DDX55,-1.1707941121116738,-0.9952147181872926,-0.17557939392438127,-0.5946785025536105,-5.5999779148392275,2.636143302257684e-07,2.638499631466406e-05,True,0.9558573853989814,0.9861111111111112,4.578642962147126,0.6962460893891542,pan-glioma-dep
PRKRA,-0.9662097490623371,-0.6762699157809112,-0.2899398332814259,-0.5910458212163545,-3.926239086285547,0.00018690625578389775,0.004260321219623807,True,0.566213921901528,0.7638888888888888,2.3705576547351193,0.5710742346017968,pan-glioma-dep
PREB,-1.3245060720293798,-1.1855387230275598,-0.13896734900181995,-0.5884749603404855,-3.7970365825558465,0.00029180265087014264,0.005808818103321639,True,0.9957555178268251,1.0,2.2359122227595303,0.7794386582082216,pan-glioma-dep
TAF1A,-0.8514352868218209,-0.7352575142962677,-0.11617777252555317,-0.5878582515876799,-4.620358397628608,1.455355094509124e-05,0.0006584379260915522,True,0.9134125636672326,0.9583333333333334,3.181485161668958,0.5005232590511304,pan-glioma-dep
CCT4,-2.3431451359003566,-2.148488385645079,-0.19465675025527762,-0.5863866249769962,-4.994047083215779,3.317316331658186e-06,0.00021823505309811843,True,1.0,1.0,3.6610754913992536,1.3739889680718753,pan-glioma-dep
HSCB,-0.7795978828207253,-0.6169640232098997,-0.16263385961082555,-0.5827719393294765,-4.472868567997224,2.5516947015561843e-05,0.0009959261088350441,True,0.6714770797962648,0.8194444444444444,3.0017728821743184,0.45432777006858804,pan-glioma-dep
EIF3B,-1.9525312034467044,-1.7586242449212484,-0.19390695852545603,-0.5812269629147955,-4.614571025892703,1.4833423743355122e-05,0.0006694096216270791,True,1.0,1.0,3.174308049687359,1.1348637813756985,pan-glioma-dep
HAUS2,-0.8619193091620576,-0.7597823842487536,-0.10213692491330406,-0.5808780278219411,-4.6812976347850075,1.1449729119307573e-05,0.0005574275731019415,True,0.9439728353140917,0.9861111111111112,3.253811552756102,0.5006699884477059,pan-glioma-dep
SETD5,-0.41965248595547805,-0.30148985552307345,-0.1181626304324046,-0.5772164850179105,-5.039734283319412,2.7357675483820074e-06,0.00018924328724637853,False,0.16213921901528014,0.2916666666666667,3.72297951665516,0.24223033287224907,subset-dep
UBTF,-1.8326673294301459,-1.655208287897841,-0.17745904153230496,-0.5740993889031781,-4.3011433393816,4.8358121296464816e-05,0.0016550197775287488,True,0.9991511035653651,1.0,2.781196812027066,1.0521331938886662,pan-glioma-dep
ERCC6L,-0.36989160690495865,-0.26510846775579255,-0.1047831391491661,-0.56632214696083,-4.104922037484052,9.866650974541262e-05,0.0028148235487242238,False,0.10186757215619695,0.2361111111111111,2.5505488243356305,0.20947780896520757,subset-dep
NDC1,-0.6778604951759178,-0.5230167371023102,-0.15484375807360762,-0.5633794862735895,-3.592980618852693,0.000576816367984418,0.009586495407058287,False,0.4966044142614601,0.7083333333333334,2.0183401314685443,0.38189269753736954,pan-glioma-dep
PES1,-1.195237715292269,-1.064839520024667,-0.1303981952676021,-0.5631982342271135,-3.6397489446168962,0.0004939336959907755,0.00860828414141122,True,0.9855687606112055,0.9861111111111112,2.0650834062907966,0.6731557707342553,pan-glioma-dep
CYFIP1,-0.4150556877751969,-0.3141145756581718,-0.10094111211702511,-0.561393908364208,-4.240972883948074,6.00880245666144e-05,0.001953787746162366,False,0.15619694397283532,0.375,2.7091226185483546,0.23300973474891223,subset-dep
PDCD5,-0.5801281897942498,-0.4511190090774187,-0.12900918071683115,-0.5609150063673698,-4.561691912271002,1.7995999219463695e-05,0.0007676579095616941,False,0.3930390492359932,0.5694444444444444,3.1148322709682748,0.3254026072723324,pan-glioma-dep
RABGGTB,-1.650650036356352,-1.4658021394747554,-0.18484789688159675,-0.5519941302670252,-4.842342166222062,5.953533891424189e-06,0.0003386143276150977,True,0.9940577249575552,1.0,3.470294669757706,0.9111491311937581,pan-glioma-dep
SRSF2,-2.432834048134065,-2.216618344503619,-0.21621570363044595,-0.550228199560888,-4.692944470600782,1.074368722387076e-05,0.0005331963997309378,True,1.0,1.0,3.2731127917080394,1.3386138981352331,pan-glioma-dep
DPH3,-1.0269572999585623,-0.8932965483728665,-0.1336607515856958,-0.5497669372795417,-4.4506670488689135,2.734127813258257e-05,0.0010489214968380071,True,0.9490662139219015,0.9722222222222222,2.9792570139664445,0.5645871695150865,pan-glioma-dep
PPAN,-1.2292116749421227,-1.0906293009765373,-0.13858237396558537,-0.5479895971116631,-4.222603735768596,6.396265518015897e-05,0.002031834982637816,True,0.9906621392190152,1.0,2.692111566584945,0.6735952105164863,pan-glioma-dep
UBE2C,-0.8605711210256115,-0.6981912787618271,-0.16237984226378444,-0.546736370886501,-3.719881091041218,0.00037638157330617875,0.007120646533636218,True,0.766553480475382,0.875,2.1474805719189134,0.4705055315992706,pan-glioma-dep
ACTL6A,-1.7446082629060622,-1.5751519683630715,-0.16945629454299072,-0.5461463262229632,-4.5287835526271065,2.0259049342548805e-05,0.0008460632354804298,True,0.9966044142614601,1.0,3.0725971762116995,0.9528113934843714,pan-glioma-dep
RSAD1,-0.46541862779858856,-0.3715073599094596,-0.09391126788912896,-0.5448478603715176,-4.096155398959842,0.0001011516370472634,0.0028668051957861417,False,0.21307300509337862,0.3888888888888889,2.5426018170882214,0.25358234353310866,subset-dep
PPP2R1A,-1.1083824372408606,-0.8488364933768456,-0.25954594386401497,-0.5441622775333287,-6.360157674868196,7.4126726110220714e-09,1.2073222045370131e-06,False,0.7792869269949066,0.9722222222222222,5.918176811941877,0.6031399114269285,pan-glioma-dep
RPTOR,-1.053273932286247,-0.9052674443109293,-0.14800648797531768,-0.5438969141507325,-4.503493559328499,2.229220322336543e-05,0.0009064048657550711,True,0.9422750424448217,0.9861111111111112,3.042677771762371,0.5728724415258973,pan-glioma-dep
TMED2,-0.7275154351839777,-0.5668319163341953,-0.16068351884978238,-0.5435616045764478,-3.99266538738032,0.00014629764123851396,0.003670964342337838,False,0.5950764006791172,0.7361111111111112,2.4352198339654016,0.39544945730273556,pan-glioma-dep
PPP1R12A,-1.5006336075607003,-1.227166394555995,-0.27346721300470533,-0.5416157505039944,-4.714897945551956,9.799138215461036e-06,0.0005030411469002863,True,0.9185059422750425,0.9722222222222222,3.298396489813104,0.8127667975905052,pan-glioma-dep
SNUPN,-1.1407632762558548,-0.9791972648865669,-0.16156601136928794,-0.5393538441417474,-4.579377020987867,1.660703918372475e-05,0.0007256871073551527,True,0.9558573853989814,0.9861111111111112,3.139250592578169,0.6152750583043294,pan-glioma-dep
MAK16,-1.9729603810205079,-1.793966048940631,-0.1789943320798768,-0.5352935061145768,-3.981018101456539,0.00015208666803850581,0.0037428361876069645,True,1.0,1.0,2.426799180199281,1.056112879781619,pan-glioma-dep
CHMP7,-0.7243887474762436,-0.5447358647003762,-0.17965288277586744,-0.5351362175267755,-5.165062817690615,1.5653628853954996e-06,0.00012036498478431661,False,0.5475382003395586,0.7638888888888888,3.91949983472812,0.38764665434339557,pan-glioma-dep
RAB1A,-0.4210589940276863,-0.3277370255072675,-0.0933219685204188,-0.5348031238607354,-3.408311635174175,0.0010470104074248472,0.014666331868196688,False,0.12818336162988114,0.25,1.8336784920599047,0.22518366533566536,subset-dep
CDK2,-0.8448083742538047,-0.6667397820913118,-0.17806859216249293,-0.5308904455899274,-3.82483272653172,0.0002621093382391058,0.005391447650851687,True,0.6884550084889643,0.8055555555555556,2.268294607287766,0.44850069424570455,pan-glioma-dep
SPCS2,-0.8229457740929401,-0.7059438916610011,-0.11700188243193899,-0.5283901338438861,-3.959470576180135,0.00016377739752686363,0.003928467796280719,True,0.8607809847198642,0.9305555555555556,2.4057768026450645,0.4348364277192291,pan-glioma-dep
ELAC2,-1.0493517691063217,-0.9082879522507536,-0.141063816855568,-0.5274707816789357,-4.853338794514471,5.584941506933788e-06,0.0003269928497981233,True,0.9456706281833617,1.0,3.4854617437530786,0.5535023979066855,pan-glioma-dep
GPR61,-0.5242748170260495,-0.4278196795664525,-0.096455137459597,-0.525557654966108,-3.864555083034812,0.00022813476605633846,0.004854230960410166,False,0.3089983022071307,0.5138888888888888,2.313879564129872,0.2755366433939959,pan-glioma-dep
GRB2,-1.1902336095048938,-0.8799294248854346,-0.3103041846194592,-0.5251453443140328,-4.67244275329394,1.144636945425906e-05,0.0005574275731019415,False,0.7147707979626485,0.9305555555555556,3.253811552756102,0.6250456386775816,pan-glioma-dep
ODR4,-0.40816930530767953,-0.3107012899843919,-0.09746801532328764,-0.5240624271668755,-4.81423655996332,6.5155441366428766e-06,0.0003659325666209836,False,0.15534804753820033,0.2777777777777778,3.4365989382192974,0.21390619683455994,subset-dep
ZNHIT3,-0.6695738935208303,-0.5222408315861993,-0.14733306193463103,-0.5239412619010225,-4.045480490169277,0.00012048063417752111,0.0032025683114606353,False,0.5314091680814941,0.6666666666666666,2.494501597891161,0.35081739070728474,pan-glioma-dep
ELAVL1,-0.4151583154344818,-0.29606228664039985,-0.11909602879408193,-0.5232637703408788,-4.423495822191552,2.98947946685767e-05,0.0011228409670486796,False,0.1833616298811545,0.3472222222222222,2.9496817504385517,0.2172373054226148,subset-dep
UBA5,-0.6906754266265946,-0.5203031810984291,-0.17037224552816554,-0.5228857569883267,-4.61198194827244,1.4478680553150327e-05,0.0006584379260915522,False,0.5186757215619694,0.7222222222222222,3.181485161668958,0.3611443432848825,pan-glioma-dep
EGLN1,-0.29289754512434907,-0.13621212007869155,-0.15668542504565752,-0.5203413859882605,-4.077066869794103,0.00010743272015662343,0.0029887649290777415,False,0.11799660441426146,0.2777777777777778,2.5245082415411995,0.15240671458256286,subset-dep
SRF,-0.6270098160287308,-0.483973043296107,-0.14303677273262383,-0.5178841731674905,-4.146626135698131,8.344423318353716e-05,0.0024833669131499197,False,0.4617996604414261,0.7083333333333334,2.6049591094490414,0.3247184601419396,pan-glioma-dep
RPS17,-1.6896297347752383,-1.5451590090417937,-0.14447072573344455,-0.5171409267754683,-3.504214778890089,0.0008365328018137266,0.012531205415798266,True,0.898981324278438,0.8333333333333334,1.9020071508534184,0.8737766869490554,pan-glioma-dep
CCT3,-2.307448773728765,-2.1324969459822594,-0.17495182774650564,-0.5170423321506495,-5.00030366008339,3.0399071949648446e-06,0.00020787395917935174,True,1.0,1.0,3.68219991227054,1.193048695286877,pan-glioma-dep
RAC1,-0.913143622077619,-0.7476243786611431,-0.16551924341647595,-0.5158607770775637,-4.047174067354036,0.00011941311576822125,0.003180686929819383,True,0.797962648556876,0.8888888888888888,2.497479075734846,0.47105497846838174,pan-glioma-dep
EXT1,-0.43159804437413896,-0.29977911586371625,-0.1318189285104227,-0.5152178401433309,-4.163298067195416,7.843824122969397e-05,0.0023778333838768142,False,0.17826825127334464,0.3333333333333333,2.6238185799099285,0.2223670122325294,subset-dep
LSM6,-1.0125081405200842,-0.8917767753189257,-0.12073136520115846,-0.5116503113211609,-4.672382789664983,1.1333801603190608e-05,0.0005547988784774943,True,0.9753820033955858,1.0,3.255864425521478,0.5180501053123108,pan-glioma-dep
E2F3,-0.3556139523351549,-0.21250037431611044,-0.14311357801904448,-0.5066988502174111,-3.472470946452714,0.0008480619579755112,0.01261950003246616,False,0.12563667232597622,0.25,1.8989578509113996,0.18018918076949225,subset-dep
MZT2A,-0.5053556200600281,-0.4226459745515899,-0.08270964550843818,-0.5060249136767848,-3.8926248700614345,0.00023148685552721823,0.0049085790730949526,False,0.26485568760611206,0.4444444444444444,2.309044208492928,0.2557225340169538,pan-glioma-dep
NELFA,-1.0695681417426905,-0.9003918330430868,-0.16917630869960376,-0.505998355301756,-4.876649475557182,4.981902311479841e-06,0.00029751920604157605,True,0.9125636672325976,1.0,3.5264849936038516,0.5411997206049568,pan-glioma-dep
PPP1CB,-1.3517562376639978,-1.2004599455396656,-0.15129629212433215,-0.5046903931756338,-4.3557637121506625,3.822111572476108e-05,0.0013861730957992298,True,0.9847198641765704,1.0,2.8581825346184333,0.6822183870642585,pan-glioma-dep
KDM8,-0.6318541270452074,-0.5027390484675157,-0.12911507857769167,-0.5038519159381831,-3.908525044251385,0.00019443882529108562,0.004359907376614631,False,0.47877758913412566,0.6805555555555556,2.360522736936103,0.3183609125051759,pan-glioma-dep
TAF1D,-0.7995307793133102,-0.6779925676895394,-0.12153821162377076,-0.5031722387325196,-4.586585630339901,1.5762525756341074e-05,0.0006990133946797195,True,0.7886247877758913,0.9027777777777778,3.1555145021087494,0.40230169216263434,pan-glioma-dep
TIMM10,-1.3450306045222677,-1.1259520026211887,-0.21907860190107908,-0.5029636747107068,-4.462731533584274,2.5433842712219602e-05,0.000994918615790669,True,0.9244482173174873,0.9861111111111112,3.0022124430317456,0.6765015354488833,pan-glioma-dep
USP36,-0.995183282976843,-0.892324173226051,-0.10285910975079204,-0.499287638218823,-4.280112079666838,5.059781419041126e-05,0.0017039669906680605,True,0.9753820033955858,1.0,2.7685388226617884,0.4968827109523625,pan-glioma-dep
PFDN1,-0.7938064325500765,-0.6081467708827591,-0.1856596616673174,-0.49750415863564623,-4.354718591650299,3.821397482357681e-05,0.0013861730957992298,False,0.5916808149405772,0.7777777777777778,2.8581825346184333,0.3949220013453897,pan-glioma-dep
SKA1,-0.7182148556961647,-0.5808808945248357,-0.137333961171329,-0.4973107325104178,-3.5483732087882576,0.0006606483998593594,0.010545868110922235,True,0.6188455008488964,0.7361111111111112,1.9769176643583253,0.35717595598612367,pan-glioma-dep
HAUS4,-1.3942561388951933,-1.2488836506681575,-0.14537248822703575,-0.4960958715945888,-3.742389041984816,0.0003446797205625777,0.00661873727073863,True,0.9991511035653651,1.0,2.1792248577897295,0.691684714451317,pan-glioma-dep
MED11,-2.0022724525938447,-1.8162142304167959,-0.18605822217704882,-0.49141778216657556,-4.595978557914476,1.5057197692116968e-05,0.000674411884629919,True,1.0,1.0,3.1710747850859904,0.9839522879468969,pan-glioma-dep
CCDC59,-0.687099852974783,-0.6065860327514535,-0.08051382022332954,-0.4903195366283402,-4.382593018353739,3.4240558695730654e-05,0.0012622507193265646,True,0.767402376910017,0.875,2.898854373138344,0.3368984815279963,pan-glioma-dep
CSH2,-0.5210601160432863,-0.4170171353642102,-0.10404298067907608,-0.4900261587989363,-3.7696172508965353,0.0003485951979167586,0.006679605952809248,False,0.27164685908319186,0.3888888888888889,2.175249156920896,0.25533308716801956,pan-glioma-dep
TSEN34,-0.5695971073553023,-0.46441410272309064,-0.1051830046322117,-0.49000540213211913,-4.465132731831798,2.4982620201648846e-05,0.0009858780254025127,False,0.4219015280135823,0.6805555555555556,3.006176813427386,0.2791056596429268,pan-glioma-dep
DSCC1,-0.36144774708498606,-0.20913129329565833,-0.15231645378932773,-0.48968603298631763,-3.2961565771347225,0.0014842927120941054,0.018544343256539742,False,0.1765704584040747,0.3055555555555556,1.7317885424977466,0.17699591340188867,subset-dep
INTS9,-1.850050274179756,-1.6814810675621514,-0.16856920661760455,-0.48843893612126227,-4.14707268045743,8.223672775448447e-05,0.002467844203428923,True,1.0,1.0,2.607682261059717,0.9036365876912096,pan-glioma-dep
PFDN4,-0.3904827382590481,-0.2900853836065878,-0.1003973546524603,-0.48817294936924926,-3.897626382200548,0.0002009638358374496,0.004445022324523144,False,0.14770797962648557,0.25,2.3521260535030217,0.1906231100137001,subset-dep
EPRS1,-1.776369052184956,-1.6573770959866918,-0.11899195619826419,-0.48809425001033957,-3.3275950991824144,0.0013441956104640526,0.017388165023158098,True,1.0,1.0,1.759746246770431,0.8670355202677938,pan-glioma-dep
PTPMT1,-0.7118417975741882,-0.534635561198451,-0.17720623637573718,-0.48780053796729594,-4.139946539878127,8.43807093089999e-05,0.002498784773520731,False,0.5398981324278438,0.7222222222222222,2.6022711491147117,0.347236811804296,pan-glioma-dep
TSEN54,-0.9500598162448163,-0.824247368315477,-0.12581244792933932,-0.48407789115290256,-4.503636291272786,2.1444635072417546e-05,0.0008820715097199487,True,0.8998302207130731,0.9583333333333334,3.0544962050973496,0.4599029523169048,pan-glioma-dep
POLR1G,-0.5226383648524464,-0.4344995749457787,-0.08813878990666774,-0.4840562794410412,-4.08613707582048,0.0001024462220825554,0.002885890746589721,False,0.3633276740237691,0.5138888888888888,2.539720114355256,0.25298638238362464,pan-glioma-dep
PPRC1,-0.578311962101369,-0.47586239406934044,-0.10244956803202859,-0.48316474697628525,-4.218303103092783,6.310918586583143e-05,0.0020262798816706737,False,0.4601018675721562,0.6388888888888888,2.69330056752949,0.27941995284206705,pan-glioma-dep
NBAS,-0.7347061398562746,-0.5867997747468705,-0.14790636510940414,-0.4831343521703584,-3.2373749492889874,0.0017812422429315576,0.020830767639922837,False,0.5925297113752123,0.7083333333333334,1.6812947254608124,0.354961774915046,pan-glioma-dep
PFDN5,-0.898198296706426,-0.7764637050563817,-0.1217345916500443,-0.48288247819054286,-3.704179235593001,0.0003911309889023469,0.007307093636261155,True,0.8709677419354839,0.9444444444444444,2.1362553273816243,0.4337242194201235,pan-glioma-dep
RINT1,-1.1677309338192172,-1.0587287164878378,-0.10900221733137938,-0.4808992596924749,-4.270026854659862,5.200309764514076e-05,0.0017414719577763399,True,0.9915110356536503,1.0,2.759083514419095,0.561560941593664,pan-glioma-dep
WWTR1,-0.4706864912998443,-0.34376007360334426,-0.12692641769650004,-0.4793616216947417,-3.9625176026070172,0.00015930131681114254,0.0038568140432276078,False,0.24872665534804753,0.4027777777777778,2.413771300192039,0.2256290397793013,subset-dep
SOCS3,-0.32281763598804114,-0.19108729176541048,-0.13173034422263066,-0.4782313319752748,-2.86492486411299,0.005398858035141298,0.04443084086246739,False,0.12563667232597622,0.2361111111111111,1.3523154675722275,0.15438150804367032,subset-dep
WBP11,-1.2046999026329546,-1.0693326919169348,-0.13536721071601976,-0.4775456915617176,-3.6986886263129146,0.0003978963380132836,0.007425740408172905,True,0.9881154499151104,1.0,2.129260237074393,0.5752992481271881,pan-glioma-dep
ARMC5,-0.4703134488877243,-0.34279329650360557,-0.12752015238411873,-0.4774735048384765,-3.2837495953084828,0.0015403942832812258,0.018980539187941153,False,0.2266553480475382,0.4027777777777778,1.7216914545524833,0.2245622108130934,subset-dep
DDX10,-1.605728316878426,-1.462899487263297,-0.142828829615129,-0.47636618333385333,-4.788546351586336,6.901419188894203e-06,0.0003792816754240139,True,1.0,1.0,3.4210381392494327,0.764914669782468,pan-glioma-dep
UFC1,-0.4725611904625796,-0.3848527019385414,-0.08770848852403823,-0.4756421248902908,-3.600626711369339,0.0005529980114135029,0.00930353286226212,False,0.22920203735144312,0.3611111111111111,2.031352104001344,0.22477000877230677,subset-dep
CCT8,-1.79961083042636,-1.681478128077576,-0.11813270234878415,-0.4735515183454062,-3.367147779459921,0.0011829660046097556,0.015890927635962518,True,1.0,1.0,1.7988507500285686,0.8522084411792401,pan-glioma-dep
RSL1D1,-1.5189509986306662,-1.3863331188012908,-0.13261787982937534,-0.47304244282604335,-4.228654981245794,6.0388837363911444e-05,0.0019566879436180087,True,0.99830220713073,1.0,2.7084784309444574,0.7185282909253083,pan-glioma-dep
ELMO2,-0.29599276906761207,-0.15021969224629775,-0.14577307682131432,-0.47022840885677064,-4.433989585710543,2.7754105143865527e-05,0.0010579628675691378,False,0.1400679117147708,0.20833333333333334,2.9755295749216484,0.1391842088317728,subset-dep
HAUS1,-1.75945416993616,-1.5936281959542506,-0.16582597398190946,-0.4700463747060288,-3.509241303258511,0.0007469476497151676,0.011428107679160499,True,0.9991511035653651,1.0,1.9420256762132615,0.8270250540398971,pan-glioma-dep
MED26,-0.8199565666176468,-0.6805220041782996,-0.13943456243934726,-0.4663917558539444,-3.7708003220413735,0.0003099550842379831,0.006102368449678797,True,0.7470288624787776,0.8333333333333334,2.214501574007355,0.382420982828776,pan-glioma-dep
FOXK1,-0.3787904744069348,-0.25685205534616823,-0.12193841906076658,-0.46582412960254477,-3.750788874291731,0.0003319485001587632,0.006443325383363382,False,0.16213921901528014,0.2777777777777778,2.1908899365364602,0.17644974304234542,subset-dep
NOC3L,-0.8115661986539906,-0.6866013193480804,-0.12496487930591016,-0.4642062545793005,-4.0221963457272745,0.00012785979702987002,0.0033344048378270035,True,0.7741935483870968,0.9166666666666666,2.4769816726062093,0.37673410542032953,pan-glioma-dep
HAUS5,-1.4353205304754957,-1.253833066562765,-0.18148746391273063,-0.4629683651658408,-4.211796259193443,6.39066455873188e-05,0.002031834982637816,True,0.969439728353141,0.9861111111111112,2.692111566584945,0.6645079994832076,pan-glioma-dep
HNRNPH1,-1.3384191937176129,-1.1165321033734452,-0.22188709034416765,-0.4603304709113135,-4.005213764493875,0.0001356538493744355,0.0034719633791319804,True,0.8913412563667232,0.9444444444444444,2.4594248642342493,0.6161151377207693,pan-glioma-dep
NOB1,-1.1592641495632994,-1.0471128322003116,-0.11215131736298778,-0.45996122199927175,-3.649638686597819,0.0004672957634044759,0.008280980115879912,True,0.9847198641765704,1.0,2.0819182581755884,0.5332165548530817,pan-glioma-dep
HJV,-0.47705429420345513,-0.402243352482424,-0.07481094172103114,-0.459564618271801,-4.288747568801631,4.783199507036407e-05,0.0016479961993858512,False,0.2597623089983022,0.4166666666666667,2.7830437942090827,0.2192372746105343,subset-dep
NUP54,-0.8620204920332089,-0.7284245397613874,-0.13359595227182142,-0.45665599103996013,-4.060276695318122,0.00011101917914424081,0.003036671165722471,True,0.797962648556876,0.9027777777777778,2.51760223430638,0.39364682208617907,pan-glioma-dep
PAK1IP1,-1.4269839822265185,-1.2777741909786822,-0.1492097912478363,-0.4548390096506497,-4.176952339826295,7.235293276754539e-05,0.002223456506798187,True,0.9906621392190152,1.0,2.652971361399346,0.64904798126325,pan-glioma-dep
RPS21,-1.7430649093073332,-1.6208736101465897,-0.12219129916074345,-0.4527453650867338,-3.3163353598569225,0.0013846763629643715,0.01773996832657774,True,0.9991511035653651,1.0,1.7510471599047879,0.7891645587342231,pan-glioma-dep
ALG2,-1.5274427192042879,-1.3513107896633931,-0.17613192954089474,-0.4521754384044879,-4.094800137272935,9.768376855541892e-05,0.0028001638359022164,True,0.9813242784380306,1.0,2.5528165576053987,0.690672081193942,pan-glioma-dep
ARPC2,-0.6072600434835408,-0.5223156566391438,-0.08494438684439698,-0.4519760684673794,-4.447417730084222,2.5968741622796248e-05,0.0010048725160129968,True,0.530560271646859,0.7083333333333334,2.9978890318792524,0.2744670069910206,pan-glioma-dep
ACTR3,-0.6627653947729822,-0.556610294833579,-0.1061550999394032,-0.45160569671048245,-2.965323116789461,0.004029378985700324,0.036240137503919176,True,0.5984719864176571,0.7361111111111112,1.4408101631729275,0.2993086278620506,pan-glioma-dep
PTPN11,-0.931394813028497,-0.7647463260441812,-0.16664848698431578,-0.4512677332002445,-4.195036722413632,6.75142266945067e-05,0.002103625887754404,True,0.7402376910016978,0.9166666666666666,2.677031493287508,0.4203084259898354,pan-glioma-dep
SLC35B2,-0.4586438402409999,-0.33580247100263033,-0.12284136923836958,-0.4504068898073721,-3.4120917467707264,0.0010197446647466169,0.014396962500867128,False,0.22495755517826826,0.3472222222222222,1.841729126534114,0.20657634561225802,subset-dep
COPA,-2.1965398158560134,-2.036906351517372,-0.15963346433864123,-0.44985756818406736,-4.040473325487945,0.000118846164714805,0.0031779819209409644,True,1.0,1.0,2.4978485777573085,0.9881300599804653,pan-glioma-dep
CDC42,-1.2045275141018414,-1.0214954191227408,-0.18303209497910067,-0.4469439888467234,-4.956762039181506,3.3254169176036133e-06,0.00021823505309811843,True,0.8896434634974533,0.9861111111111112,3.6610754913992536,0.5383563318283049,pan-glioma-dep
NARS1,-1.9764720512660527,-1.8466295148374918,-0.12984253642856092,-0.446286385640073,-3.3443026138168155,0.0012656812656055812,0.016735015169438816,True,1.0,1.0,1.7763738896401995,0.8820725680781477,pan-glioma-dep
PSTK,-0.6276209674067827,-0.47923649896020304,-0.1483844684465797,-0.445137882810783,-3.3062142091136075,0.001427592589521357,0.018088224069211196,False,0.4465195246179966,0.625,1.7426040707744141,0.2793778686391107,pan-glioma-dep
NOP2,-1.2735009651023725,-1.1644686715684138,-0.10903229353395871,-0.4410346720180262,-3.2615406522086277,0.0016413358215748627,0.01982884192807501,True,0.9957555178268251,1.0,1.7027026493314201,0.5616580804585647,pan-glioma-dep
FOXO3,-0.42968813281183993,-0.34890824656509506,-0.08077988624674487,-0.4395282508399976,-3.9674012829102887,0.00017315451885129734,0.0040499169187204215,False,0.15534804753820033,0.2361111111111111,2.3925538859486313,0.18886007342149258,subset-dep
NOL12,-0.7807306256514899,-0.7033159382980515,-0.07741468735343837,-0.4392159779275428,-3.341652744322251,0.0012745410581162606,0.016827323210914465,True,0.8972835314091681,0.9583333333333334,1.7739849634767655,0.34290936524350146,pan-glioma-dep
MLST8,-0.6039993427602584,-0.46171942362505275,-0.1422799191352056,-0.43905416960648846,-3.6245490120501076,0.0005052193844146056,0.008745420764417462,False,0.43378607809847197,0.5972222222222222,2.058219290671448,0.26518842987847,pan-glioma-dep
RRP1,-0.9223048341434645,-0.8195643929341153,-0.10274044120934922,-0.43740100620652417,-3.1464443044415162,0.0023406018893815644,0.0253197038254475,True,0.9261460101867572,0.9444444444444444,1.5965413787386529,0.4034170624834928,pan-glioma-dep
NUP35,-0.5534576074637708,-0.45606403867226497,-0.09739356879150585,-0.43707909379602267,-2.838248020789057,0.00580603340273661,0.046750396705741666,False,0.40152801358234297,0.5972222222222222,1.3302146995212267,0.24190474952477978,pan-glioma-dep
H3C8,-0.5852732757657692,-0.501839818291812,-0.08343345747395714,-0.43634160479497835,-3.3006279872074153,0.0014504772874431924,0.0182363165486542,True,0.4855687606112054,0.7222222222222222,1.7390628778574075,0.2553790803912496,pan-glioma-dep
NUBP2,-0.726875900101718,-0.61835576932049,-0.10852013078122802,-0.43574890914915443,-4.551084561493375,1.7053440810812973e-05,0.0007421385357256656,True,0.7079796264855688,0.9166666666666666,3.1295150169779866,0.3167353805561334,pan-glioma-dep
IMP3,-1.4007025556344253,-1.262745289322287,-0.13795726631213823,-0.43547960967703436,-3.8129625392701247,0.0002647427695539679,0.005433140274145348,True,0.9923599320882852,1.0,2.264949082100304,0.609977402201304,pan-glioma-dep
ARFRP1,-0.8709065390400058,-0.7292833494693988,-0.14162318957060704,-0.4341668566515007,-3.448024211397366,0.0009043523469156454,0.013200848765648265,True,0.7920203735144312,0.9305555555555556,1.8793981443708963,0.3781187544922368,pan-glioma-dep
ARHGAP11A,-0.38996872791537507,-0.31318679471477895,-0.07678193320059612,-0.4340687259903307,-3.8959430746587,0.0001977140313997141,0.004394028580972719,False,0.14431239388794567,0.2361111111111111,2.3571371225364985,0.16927322890229676,subset-dep
CIR1,-0.457562266248008,-0.38080824534932034,-0.07675402089868766,-0.43263125697976845,-3.7383124867176063,0.00034238268644686497,0.006588752105673505,False,0.2538200339558574,0.4166666666666667,2.18119683198249,0.19795573839338718,subset-dep
MIS18BP1,-0.99013305962148,-0.8751008702171605,-0.11503218940431947,-0.43248124867317067,-3.6538513373398267,0.00045666698311391774,0.00816531503939017,True,0.9363327674023769,0.9722222222222222,2.0880270543774953,0.4282139819776846,pan-glioma-dep
TUBB,-1.9329251882554515,-1.6564821220830839,-0.2764430661723676,-0.4295858254722156,-4.395695837849618,3.1074479722915866e-05,0.0011550422794932794,True,0.9643463497453311,1.0,2.9374021184432086,0.8303572625727558,pan-glioma-dep
SCFD1,-1.4920862010158678,-1.3782768363450755,-0.11380936467079228,-0.42893078621058967,-2.9226791612182046,0.004551722415642219,0.039471761277176186,True,0.99830220713073,1.0,1.4037134944331444,0.640001707295708,pan-glioma-dep
NOC4L,-1.0559503879919967,-0.9413514114856065,-0.11459897650639017,-0.427394222687278,-3.366217458545529,0.0011754124805962605,0.015827693768455855,True,0.9617996604414262,1.0,1.8005823609809644,0.45130709527216906,pan-glioma-dep
AASDHPPT,-0.37430526879927445,-0.28726291663923725,-0.0870423521600372,-0.4264009298878055,-3.574342866037281,0.0005952773081118524,0.00975688996144974,False,0.1502546689303905,0.2777777777777778,2.0106885929709644,0.1596041146779156,subset-dep
CCNK,-1.677316656547183,-1.5794866360271071,-0.09783002052007594,-0.4255754569819174,-3.3812652869243487,0.0011195870660874595,0.015376216422611276,True,0.99830220713073,1.0,1.8131505168708757,0.7138248026134493,pan-glioma-dep
MT1E,-0.6071461093250561,-0.4699828805222907,-0.13716322880276538,-0.4253647288241847,-3.0958592319747384,0.0027228783411939335,0.028230953912517658,False,0.35059422750424446,0.5694444444444444,1.5492744469702113,0.2582585401497113,pan-glioma-dep
BRCA1,-0.5426376250918751,-0.4358575977647499,-0.10678002732712516,-0.4247979876378911,-3.1214652051087204,0.0025205449240564195,0.026610537925394705,False,0.3616298811544992,0.5,1.5749463462051194,0.23051137115563294,pan-glioma-dep
CHMP2A,-1.976098579076356,-1.8284759545001161,-0.14762262457623998,-0.4246890125616698,-3.521414770929788,0.0007092048825654743,0.01105841138036818,True,1.0,1.0,1.9563072580488758,0.8392273542724564,pan-glioma-dep
TOP1,-1.092278000269496,-0.9961143580559972,-0.09616364221349882,-0.4245038549158969,-3.701910858481046,0.00038664734704998353,0.007245997771702411,True,0.9787775891341256,1.0,2.139901803856201,0.4636762217542282,pan-glioma-dep
RPL36,-2.216215719312708,-2.06843697406665,-0.14777874524605794,-0.42443156857286835,-3.7081873472125215,0.0003784228879430985,0.0071517135658107096,True,1.0,1.0,2.1455898878473345,0.9406319140437405,pan-glioma-dep
EEFSEC,-0.6489914100742351,-0.5065219319784803,-0.14246947809575483,-0.4234712583263619,-3.2895151432478222,0.0014981875215318526,0.0186399497470588,False,0.4524617996604414,0.6111111111111112,1.7295552628299173,0.27482920906713626,pan-glioma-dep
PNO1,-1.157161079891598,-1.0688547508985002,-0.08830632899309787,-0.42227979809981003,-3.2028343006312685,0.001963256108420768,0.022400301883305412,True,0.9957555178268251,1.0,1.6497461287475215,0.4886457471855822,pan-glioma-dep
JTB,-0.3275893339137083,-0.23677551187532359,-0.09081382203838473,-0.42212230655031296,-3.400807659270725,0.0010504572567676925,0.014691641071233394,False,0.12903225806451613,0.2638888888888889,1.8329296903653272,0.13828276523293523,subset-dep
SNAPC5,-1.351751705838711,-1.2141535843204494,-0.13759812151826156,-0.4220262882655216,-3.5098128194365943,0.0007362770961675895,0.011336088950777043,True,0.9796264855687606,1.0,1.9455367549730105,0.5704747550716983,pan-glioma-dep
EIF3M,-1.2411062689084618,-1.130446254316359,-0.11066001459210284,-0.4218780260588885,-3.3328535044441816,0.0013057039016160794,0.017125176501723044,True,0.9932088285229203,1.0,1.7663649437287137,0.5235954628564139,pan-glioma-dep
C19orf25,-0.31890844512697347,-0.21788144773028256,-0.10102699739669091,-0.420864795246528,-3.41235029783559,0.0010117034578744361,0.014324152434473592,False,0.11884550084889643,0.2638888888888889,1.8439310659693722,0.1342173374607523,subset-dep
NELFCD,-0.7191961996297376,-0.6176115445885532,-0.10158465504118441,-0.41951799165581444,-3.6628433725594403,0.0004408437738487852,0.007953833889501345,True,0.734295415959253,0.8611111111111112,2.099423483204986,0.3017157452751617,pan-glioma-dep
SRSF10,-0.8210833553937956,-0.6965898081270384,-0.12449354726675721,-0.4189389617094753,-3.4366870837673265,0.0009344904822444065,0.013556543708413592,True,0.7402376910016978,0.875,1.8678510213610289,0.3439838083856088,pan-glioma-dep
POTEI,-0.5070349312794383,-0.4254523957624787,-0.08158253551695965,-0.4186198350823442,-3.2836624246436092,0.0015234973013627125,0.018850122687302736,False,0.2707979626485569,0.4027777777777778,1.7246858188138816,0.21225487931318618,pan-glioma-dep
AMY2A,-0.4291119563578401,-0.352495308048924,-0.07661664830891612,-0.4176172601805924,-3.874640080067862,0.00021100593567148653,0.004604791044570531,False,0.20203735144312393,0.3472222222222222,2.3367900723615795,0.17920455952489514,subset-dep
RPL26L1,-0.4977492838540688,-0.40993187186025803,-0.08781741199381077,-0.41702361131148,-3.1223309933387142,0.0025106933979868414,0.026537807031464456,False,0.32173174872665533,0.4583333333333333,1.576134968189132,0.20757320388052672,subset-dep
TM2D2,-0.3591310836721688,-0.2737288017238342,-0.0854022819483346,-0.41605858865524936,-3.8708949394198564,0.00021405340047909863,0.004654102819154771,False,0.133276740237691,0.2222222222222222,2.3321640264428645,0.1494195718148728,subset-dep
PDCD2,-1.4036559385272893,-1.1958230727898918,-0.20783286573739757,-0.4145267705266837,-4.168647638211845,7.255428902192012e-05,0.0022258264419806866,True,0.9227504244482173,0.9861111111111112,2.6525087026377356,0.5818529631283185,pan-glioma-dep
VBP1,-0.7139858551654469,-0.5842154241500394,-0.12977043101540753,-0.4131283814553865,-3.934058048721643,0.00017072350364082816,0.004024581962143522,False,0.5967741935483871,0.7916666666666666,2.3952792236098888,0.2949678207265411,pan-glioma-dep
CDK5RAP3,-0.41400189188500364,-0.3449999572699698,-0.06900193461503384,-0.41113285623873386,-3.039418621210147,0.0032202512792725915,0.03142375921538548,False,0.16808149405772496,0.3055555555555556,1.502741861662685,0.17020978029892103,subset-dep
SOD1,-1.5610563594232427,-1.3674214902112032,-0.19363486921203954,-0.41108298394918374,-3.1827982612356527,0.0020840874333943574,0.023318381881207426,True,0.9626485568760611,0.9861111111111112,1.6323015896096158,0.6417237063445561,pan-glioma-dep
WDR55,-1.3310823239474605,-1.2110620597219515,-0.12002026422550904,-0.40793367786178386,-3.5044893619597266,0.0007459590357303651,0.011428107679160499,True,0.9872665534804754,1.0,1.9420256762132615,0.542993307944698,pan-glioma-dep
TRAPPC11,-1.1251962200736612,-1.0305486100713626,-0.0946476100022986,-0.40776737634853116,-3.125032216776046,0.00248608923756375,0.026355488035616652,True,0.9906621392190152,1.0,1.5791289373616446,0.4588183105367213,pan-glioma-dep
RPS29,-2.9620351155468345,-2.812824673391934,-0.1492104421549003,-0.4075854441269602,-3.1908893274318455,0.002031266820297662,0.022902565357113224,True,1.0,1.0,1.6401158688374593,1.2072823980898084,pan-glioma-dep
BARD1,-0.7958257682022682,-0.6935381202870163,-0.10228764791525191,-0.4068747738633788,-3.6469671191587176,0.00046290584093665636,0.00823577065165952,True,0.7971137521222411,0.9166666666666666,2.0842957560444844,0.32380142947194757,pan-glioma-dep
DNAJA3,-1.0019408014377702,-0.9106966365810292,-0.09124416485674103,-0.4067124210009063,-3.4623078636793423,0.000856495442002375,0.012692284812997974,True,0.9855687606112055,0.9861111111111112,1.8964601909582026,0.40750176905234387,pan-glioma-dep
HYOU1,-1.1556365770872743,-1.0376737210201494,-0.11796285606712487,-0.4066565469072572,-3.6289152125970863,0.0004920526149419871,0.008592217007115634,True,0.966893039049236,1.0,2.0658947628592883,0.4699471799180333,pan-glioma-dep
CHMP3,-0.9326654509498548,-0.8091018202143616,-0.12356363073549315,-0.4064767222423429,-3.5192948983380523,0.0007099951374884,0.011061106854993197,True,0.8582342954159593,0.9583333333333334,1.9562014121846854,0.3791067954507736,pan-glioma-dep
RRP15,-0.9471579927960848,-0.8653283413773445,-0.08182965141874032,-0.40639110761881014,-2.9072850380037853,0.004746900103354088,0.04069160873286692,True,0.9762308998302207,1.0,1.390495140080457,0.3849165857824099,pan-glioma-dep
DCTN5,-1.3285687071582817,-1.2154465525454816,-0.11312215461280006,-0.4058725980733806,-3.8245037598588483,0.00025068285468418655,0.0051921780630310825,True,0.9940577249575552,1.0,2.284650422050178,0.5392296328933242,pan-glioma-dep
NUP155,-1.238327266570049,-1.1497349405863815,-0.08859232598366762,-0.40493989343685327,-3.194487685480075,0.0020077006545308218,0.022737722268010876,True,0.9991511035653651,1.0,1.6432530425497323,0.5014481113648255,pan-glioma-dep
SNAPC1,-1.7537494503033528,-1.609137974737168,-0.14461147556618492,-0.4038115612694976,-3.6893824289214225,0.00040006933263068463,0.007439562570082218,True,0.9974533106960951,1.0,2.128452599263854,0.70818430360252,pan-glioma-dep
FARSA,-0.9728109308442345,-0.8837879129344327,-0.08902301790980183,-0.3980302980441042,-3.311227347774555,0.001390315426176196,0.017766684147912073,True,0.9575551782682513,0.9861111111111112,1.7503936183757536,0.3872082247444931,pan-glioma-dep
ANAPC4,-1.3672415914973903,-1.2509927220219896,-0.1162488694754007,-0.3972353364701082,-3.018105931068123,0.003423919601383648,0.03255994882080119,True,0.9940577249575552,1.0,1.4873162864259906,0.5431166736343921,pan-glioma-dep
MED28,-1.336407726235186,-1.238947656050137,-0.09746007018504921,-0.3951549109243149,-3.058912516368082,0.003029595028399284,0.030293123424679838,True,0.9949066213921901,1.0,1.5186559456777329,0.5280880760190312,pan-glioma-dep
PSMB7,-1.4199832801018515,-1.3035530371619042,-0.1164302429399473,-0.39418676097118077,-3.1390904832393978,0.0023754152002493645,0.0255910635764688,True,0.9940577249575552,1.0,1.5919116642576818,0.5597386098165817,pan-glioma-dep
USP10,-0.74178702955095,-0.6538547184566554,-0.08793231109429456,-0.3941604974424509,-3.1816444815728913,0.0020841646336271255,0.023318381881207426,True,0.7724957555178268,0.8472222222222222,1.6323015896096158,0.2923831445641605,pan-glioma-dep
WDR77,-1.5085376413618898,-1.3477991942524208,-0.16073844710946905,-0.3935069661982353,-3.017957139196567,0.0034233195603313705,0.03255994882080119,True,0.9906621392190152,1.0,1.4873162864259906,0.5936200706481588,pan-glioma-dep
CDS2,-0.5087986000447431,-0.4009776354296042,-0.1078209646151389,-0.3934373550000808,-3.1437176128776994,0.0023416452144930573,0.0253197038254475,False,0.3225806451612903,0.4722222222222222,1.5965413787386529,0.20018037542934772,pan-glioma-dep
TARS1,-2.028861811314421,-1.893893520652643,-0.13496829066177796,-0.39185859359470254,-3.738043618481795,0.0003363892398562104,0.006501348027253361,True,1.0,1.0,2.186996584880368,0.7950269359796698,pan-glioma-dep
SEPSECS,-0.6903625423385501,-0.5225476499574435,-0.16781489238110658,-0.3917603501477566,-3.089238276210222,0.0027631414431244002,0.028485094211397964,False,0.4609507640067912,0.625,1.5453823398224458,0.2704566713154458,pan-glioma-dep
UFM1,-0.6331895691050035,-0.48964077861624333,-0.14354879048876013,-0.39138456334881516,-3.6849289817811055,0.00040386037948789675,0.007490230392241364,False,0.45500848896434637,0.625,2.125504823616924,0.2478206230211862,pan-glioma-dep
ZFP36L1,-0.3631235673263509,-0.2385746242541296,-0.12454894307222134,-0.38930240259217075,-3.7135155409362657,0.00036566498306902124,0.006939887538839602,False,0.19185059422750425,0.2916666666666667,2.158647567247901,0.1413648771979883,subset-dep
NVL,-1.4056723173173649,-1.287106276290582,-0.11856604102678281,-0.38902710430013515,-3.365153913839823,0.0011672829911292101,0.015783427976657306,True,0.9915110356536503,1.0,1.8017986671807853,0.5468446312008352,pan-glioma-dep
MMS19,-0.7985686248964,-0.6827983118902681,-0.11577031300613194,-0.38522559575127796,-3.8512183349457474,0.00022538705562127786,0.00482666788880495,True,0.7538200339558574,0.9027777777777778,2.3163525828928204,0.3076290742739945,pan-glioma-dep
PSMA1,-2.387199499934358,-2.24541032912457,-0.14178917080978826,-0.3851932647306995,-3.0286231093915266,0.0033113532143102032,0.03196454967003319,True,1.0,1.0,1.495331409709619,0.9195331689432087,pan-glioma-dep
PWP1,-0.8058263813099917,-0.7204984390607941,-0.0853279422491976,-0.3841403388522201,-2.976366256921757,0.0038662801294449835,0.0353770555664639,True,0.8539898132427843,0.9166666666666666,1.4512783162666245,0.30955041917247855,pan-glioma-dep
TBCB,-1.1570079569805125,-1.0303915363129514,-0.12661642066756107,-0.38138323062193674,-3.3661765123038188,0.0011606267276842693,0.015717149246554322,True,0.9431239388794567,0.9583333333333334,1.8036262228489823,0.4412634324885147,pan-glioma-dep
OSBP,-0.5101511235360086,-0.43732597151669655,-0.072825152019312,-0.3802406198434523,-2.9890391369233194,0.003721654450075273,0.03449413405460351,False,0.367572156196944,0.5138888888888888,1.4622547531678232,0.1939801794271655,pan-glioma-dep
TRAPPC1,-1.2738842626834204,-1.166173762751827,-0.10771049993159343,-0.3799346497577557,-3.0178374002865413,0.00341633226620547,0.03253755129333577,True,0.9881154499151104,1.0,1.487615134245132,0.4839927711745422,pan-glioma-dep
XAB2,-2.2487701140459375,-2.104734146021833,-0.14403596802410457,-0.3778371386558083,-2.826420794754305,0.005965884025902262,0.047469956472516506,True,1.0,1.0,1.3235811665069308,0.8496688653858128,pan-glioma-dep
NOP10,-1.015508079511847,-0.9264706369766224,-0.08903744253522461,-0.3751165749010812,-3.607938819483945,0.0005208633187285034,0.008911765621439317,True,0.9524617996604414,1.0,2.0500362439223765,0.38093391257085885,pan-glioma-dep
RPS25,-1.4109518592334054,-1.299384835410003,-0.11156702382340233,-0.3746770128761099,-2.819279253994294,0.006085766397025131,0.04809554070097143,True,0.9966044142614601,1.0,1.3178951884648196,0.5286512279295658,pan-glioma-dep
NOPCHAP1,-0.8090774862455555,-0.7386121641391958,-0.0704653221063597,-0.3741048502861307,-3.0923979940235076,0.002726855182994717,0.028255834273298638,True,0.9151103565365025,0.9722222222222222,1.5488918653279988,0.30267981186177256,pan-glioma-dep
POLE2,-1.747886065657174,-1.599443755521844,-0.14844231013533005,-0.3728625347164015,-2.8345747020879712,0.00582481261297272,0.04678242235235984,True,0.9957555178268251,1.0,1.329917294561358,0.6517212288364125,pan-glioma-dep
RPS3,-2.579744879061909,-2.461854926298726,-0.11788995276318293,-0.3691434690191756,-3.1157583073662343,0.002536823575527829,0.026703854995407998,True,1.0,1.0,1.5734260389207129,0.9522959738413667,pan-glioma-dep
TEAD1,-0.3282319496018182,-0.23021923486954096,-0.09801271473227721,-0.3655489287576301,-3.1316507810613103,0.002414319336884897,0.025854719210776936,False,0.16723259762308998,0.2361111111111111,1.587460174421493,0.11998483756097307,subset-dep
LONP1,-1.5564235414658587,-1.3678772022003798,-0.18854633926547892,-0.3639180832869137,-3.2422564661307884,0.0017119722485133071,0.020339320162045364,True,0.9584040747028862,0.9861111111111112,1.691663567382132,0.5664106719928855,pan-glioma-dep
ALDOA,-1.3906914751458848,-1.2368778695155664,-0.15381360563031832,-0.3638386397039035,-2.9116439998213672,0.004657704499174994,0.0401655549464633,True,0.9575551782682513,0.9722222222222222,1.3961462282394337,0.5059872945648937,pan-glioma-dep
SF3A2,-1.529068725488262,-1.42381441437011,-0.10525431111815209,-0.3625026307867669,-3.644006316244252,0.00045757996069191036,0.008173482129368161,True,0.99830220713073,1.0,2.0875928825875616,0.5542914356432637,pan-glioma-dep
UTP6,-1.0457419985708905,-0.9767542802873734,-0.06898771828351702,-0.3620203459990408,-3.1073776699406728,0.0025980009472421684,0.02718795851097587,True,0.9864176570458404,1.0,1.5656234014858355,0.3785798801483622,pan-glioma-dep
EIF3E,-1.44006868201508,-1.3283247759162347,-0.11174390609884544,-0.3618916796504466,-3.2725384146076113,0.001555031831198889,0.019121448378695467,True,0.9974533106960951,1.0,1.718479214619988,0.5211488741464422,pan-glioma-dep
NOP56,-1.448456082010016,-1.3452381846178123,-0.10321789739220377,-0.3600307661291083,-2.8009916981342156,0.006396832505883283,0.049980659038554254,True,0.9974533106960951,1.0,1.3011980216205241,0.5214887529104326,pan-glioma-dep
TRAPPC4,-0.9660708689124563,-0.878486908352041,-0.08758396056041529,-0.3599836822203926,-3.050493575138365,0.0030852021258461135,0.030656950242184674,True,0.9575551782682513,0.9583333333333334,1.5134710510102976,0.34776974867696026,pan-glioma-dep
NSL1,-1.247336241563978,-1.1612193528057728,-0.08611688875820511,-0.359701300961381,-2.8807999310574925,0.005090077740882726,0.04265380393155047,True,0.9949066213921901,1.0,1.3700422317223764,0.44866846882684225,pan-glioma-dep
FXN,-0.7415532391586032,-0.6254170872042365,-0.11613615195436666,-0.3575395459351029,-3.2631655731053875,0.0015995138658656712,0.019507753860346744,False,0.6850594227504244,0.8333333333333334,1.7097927327691924,0.26513460841547176,pan-glioma-dep
HINFP,-1.7080952270109044,-1.5977779881122798,-0.11031723889862466,-0.3558808443823354,-3.2246023770761933,0.001804969038978091,0.021039574041855223,True,0.9957555178268251,1.0,1.676963056968128,0.6078783716740775,pan-glioma-dep
GPN1,-1.8210484192890617,-1.6882483415623395,-0.1328000777267222,-0.35530031995311423,-3.339326151788957,0.0012536926436599852,0.016601003254850182,True,0.9991511035653651,1.0,1.7798656652804596,0.6470190860235165,pan-glioma-dep
NHP2,-0.798787439124904,-0.7266318233072581,-0.07215561581764596,-0.3540371038434383,-3.279373094964452,0.001517646128937902,0.018790703556358986,True,0.8955857385398981,0.9305555555555556,1.7260569588604018,0.28280039153429776,pan-glioma-dep
NELFB,-1.0550749086967883,-0.91469615327212,-0.14037875542466838,-0.3539494189940029,-2.9998453451388802,0.0035854729841560185,0.03356616912192932,True,0.8590831918505942,0.9722222222222222,1.4740982215802068,0.3734431509283789,pan-glioma-dep
VCP,-2.640877451804278,-2.5021511396586713,-0.13872631214560682,-0.35369421317584754,-3.581072892216556,0.0005640787265023021,0.009444892022444152,True,1.0,1.0,2.0248030027315314,0.9340630724097514,pan-glioma-dep
SAP18,-1.142374533168513,-1.0624047443952895,-0.07996978877322336,-0.3532842786758544,-2.9794892050870723,0.0038083853758779642,0.035044187156769185,True,0.9923599320882852,1.0,1.4553840089412102,0.40358296292810397,pan-glioma-dep
CSE1L,-2.2301705647773216,-2.130500115000439,-0.09967044977688255,-0.35241807681605775,-3.0786163977278647,0.0028286274824007845,0.028958679985538544,True,1.0,1.0,1.5382212383333904,0.785952421410605,pan-glioma-dep
MSTO1,-1.02965942789288,-0.8750996599150708,-0.15455976797780913,-0.3517459187155116,-2.8256672317632168,0.005955614562732771,0.04742257355818681,True,0.7928692699490663,0.9305555555555556,1.3240148811509285,0.3621785014282691,pan-glioma-dep
TIMM22,-0.6554504200877745,-0.5675851732147403,-0.08786524687303421,-0.35066910591351186,-3.2860278655750874,0.0014840933097058048,0.018544343256539742,True,0.6027164685908319,0.7222222222222222,1.7317885424977466,0.22984621278281564,pan-glioma-dep
SGO1,-1.1977841053930818,-1.083867985825257,-0.11391611956782488,-0.35058879373363483,-3.0519822903385476,0.003064497353682887,0.030501963660323667,True,0.9728353140916808,0.9722222222222222,1.5156722006731733,0.41992968466308145,pan-glioma-dep
RPS16,-2.164884574250008,-2.060217154660133,-0.10466741958987491,-0.3489152927098757,-3.0013284455511005,0.003565608490593957,0.03348083947457093,True,1.0,1.0,1.4752036613537114,0.7553613349075361,pan-glioma-dep
PSMB4,-2.330845500953088,-2.207001124664499,-0.1238443762885888,-0.3483412545735948,-3.3933493915891577,0.001049563247521911,0.014690605580158249,True,1.0,1.0,1.8329603012349123,0.8119296460192178,pan-glioma-dep
GGPS1,-1.4277670698227378,-1.2833673449549587,-0.14439972486777908,-0.34737614354678326,-3.107068680562247,0.0025903922149285575,0.027124177044219776,True,0.966893039049236,1.0,1.5666434295701803,0.49597221859811347,pan-glioma-dep
HSPA9,-2.4106762904289374,-2.301896641195452,-0.10877964923348538,-0.34630349093468044,-3.0605930698256993,0.002982584579752813,0.03005398500047885,True,1.0,1.0,1.5220979346770547,0.8348256148890065,pan-glioma-dep
ARF4,-0.8160174808734966,-0.6797505656903173,-0.13626691518317924,-0.3461204254319285,-2.8298367825883926,0.0058795120326903365,0.04704660007935688,True,0.6392190152801358,0.8333333333333334,1.3274717562989244,0.2824403176398252,pan-glioma-dep
INTS8,-1.2386170881032565,-1.166045242882811,-0.07257184522044557,-0.344946027486251,-3.085654740529689,0.002763289447388349,0.028485094211397964,True,0.99830220713073,1.0,1.5453823398224458,0.4272560441178061,pan-glioma-dep
MED31,-1.539465507456533,-1.4605431541529545,-0.07892235330357855,-0.3438800350049421,-2.8428546940738766,0.005662093504361635,0.04594296522832565,True,0.9949066213921901,1.0,1.3377809782149845,0.5293914525930535,pan-glioma-dep
ORC4,-0.607952475880226,-0.5329086700443284,-0.07504380583589765,-0.3438400574987823,-2.8836848834584985,0.005033153649353049,0.04229224932780897,True,0.534804753820034,0.6666666666666666,1.3737392161376263,0.209038414263184,pan-glioma-dep
POLR1E,-0.792068386789845,-0.6862398573051318,-0.10582852948471322,-0.34334319009536457,-3.0880692869360495,0.0027418350996377184,0.02836184621542111,True,0.7402376910016978,0.8611111111111112,1.5472655021535484,0.2719512866941145,pan-glioma-dep
MED17,-1.1519467397744945,-1.0739124791233126,-0.07803426065118191,-0.34285699787342766,-2.8451517758578326,0.005623839375219874,0.045673937555049525,True,0.99830220713073,1.0,1.3403315462052192,0.3949530009091658,pan-glioma-dep
AK6,-1.2472082666597961,-1.0873731436843046,-0.15983512297549152,-0.3410366384791883,-3.113416911358942,0.0025357877882851193,0.026703854995407998,True,0.900679117147708,1.0,1.5734260389207129,0.42534371474511196,pan-glioma-dep
NCKAP1,-0.5783346170806642,-0.4710106903169808,-0.10732392676368346,-0.3400642311522107,-2.9926508167744226,0.003651285273053461,0.03408881029287431,False,0.42614601018675724,0.5555555555555556,1.4673881554814592,0.19667091690624425,pan-glioma-dep
MTOR,-1.2683637814248585,-1.1658717353241885,-0.10249204610066998,-0.339642144068242,-2.941572337580674,0.004246727003368512,0.03755397877213734,True,0.9864176570458404,1.0,1.4253440435534532,0.430789794181642,pan-glioma-dep
RANBP3,-0.4134373306278131,-0.3449043409421429,-0.06853298968567023,-0.3387876107840883,-3.163328001180892,0.0021727994338271253,0.02404439447587818,False,0.20543293718166383,0.3472222222222222,1.6189861555457188,0.14006744545234798,subset-dep
TUBGCP6,-1.0265300632153405,-0.9482774769792356,-0.07825258623610487,-0.33857517610021504,-2.9551859796229274,0.004078761680494578,0.03648282289952115,True,0.9821731748726655,1.0,1.437911565018693,0.34755759692529875,pan-glioma-dep
TLN1,-0.4453518450821077,-0.3424984819165735,-0.10285336316553417,-0.33781426661131775,-3.5555214111769122,0.000609298540814586,0.009923811506576476,False,0.31154499151103565,0.4722222222222222,2.0033214933348495,0.15044620693040942,subset-dep
RNF4,-0.6385520943403711,-0.5305883686998373,-0.1079637256405338,-0.33602123128147193,-3.3928961616862408,0.001045104788431777,0.014651093419048291,False,0.5135823429541596,0.6666666666666666,1.8341299624676266,0.2145670609776141,pan-glioma-dep
CLNS1A,-1.518604780180431,-1.402441492893844,-0.11616328728658698,-0.32961460576416834,-3.235926564007681,0.0017254563799981612,0.020458819658535445,True,0.9923599320882852,1.0,1.6891194258815243,0.5005543159307543,pan-glioma-dep
ZNF593,-0.5247630328693017,-0.4594748890160884,-0.0652881438532133,-0.32900113776744516,-2.9752573521112615,0.0038343792907391135,0.03514620962293807,False,0.3930390492359932,0.5555555555555556,1.454121505028337,0.17264763487229548,pan-glioma-dep
RAE1,-1.5694790972668682,-1.4776662580031266,-0.09181283926374162,-0.3285603197622988,-3.611470161987774,0.0005004782317891063,0.008698855007316444,True,0.9991511035653651,1.0,2.0605379079249686,0.5156685540582463,pan-glioma-dep
WDHD1,-1.4192954336277406,-1.324403460049171,-0.0948919735785696,-0.3272460941968715,-2.8992263729125574,0.004793864799097674,0.040975469338253925,True,0.9957555178268251,1.0,1.387476063264566,0.4644588871661332,pan-glioma-dep
NOM1,-0.7976861368927433,-0.7252678192805327,-0.07241831761221051,-0.3235880089970053,-2.9267991382561007,0.0044183136153591596,0.038651614615612645,True,0.8616298811544991,0.9444444444444444,1.4128323593393286,0.2581216688416354,pan-glioma-dep
UBL5,-2.776052364406482,-2.6568203440778584,-0.11923202032862346,-0.32164291212832613,-2.937185029138188,0.004283233766657957,0.03782080638908031,True,1.0,1.0,1.4222692156656394,0.892897566708426,pan-glioma-dep
PELP1,-1.1069690911462478,-1.014343965789248,-0.09262512535699985,-0.31910607743243974,-3.01949786682526,0.0033500728515895475,0.0321477799727254,True,0.9439728353140917,0.9722222222222222,1.492849012751726,0.353240564514632,pan-glioma-dep
VHL,-0.8593628725916024,-0.7346155476684566,-0.12474732492314577,-0.31905648674255205,-3.2791533095200194,0.0014970924595489874,0.0186399497470588,True,0.732597623089983,0.8472222222222222,1.7295552628299173,0.27418529896606403,pan-glioma-dep
RPS9,-1.856861679647614,-1.742343592461767,-0.1145180871858471,-0.3183155683076071,-3.5662626204163725,0.0005797939621883718,0.009609240172587298,True,0.99830220713073,1.0,2.0173109517590015,0.5910679808256482,pan-glioma-dep
CDK7,-1.868627008769042,-1.7624553378891732,-0.10617167087986878,-0.3175959042484526,-2.8148869135509007,0.006102400570748205,0.048205735725540044,True,0.9991511035653651,1.0,1.3169012844634058,0.593468284553085,pan-glioma-dep
PSMA2,-2.5189655576693375,-2.413924757506491,-0.10504080016284645,-0.3153977767941105,-3.2140274247426763,0.0018378202084645904,0.021366896077126284,True,1.0,1.0,1.6702585622759538,0.7944761367098458,pan-glioma-dep
RPS15,-2.3121475187706872,-2.202603175549877,-0.10954434322081008,-0.30937964399453005,-2.894770071473385,0.004834974240129808,0.041190393954429694,True,1.0,1.0,1.3852040543311097,0.7153313762201112,pan-glioma-dep
RPS11,-2.621332328734956,-2.507748083839629,-0.11358424489532704,-0.3084626000637887,-2.8661232884370835,0.005254087023503818,0.043542688765338455,True,1.0,1.0,1.3610847567396742,0.8085829857528507,pan-glioma-dep
DHX33,-1.2661623471353083,-1.1602097964564944,-0.10595255067881393,-0.3044890056419541,-2.869045375020813,0.005204265829092368,0.04327471097456703,True,0.9634974533106961,1.0,1.363765824031883,0.3855325140605127,pan-glioma-dep
CLCC1,-0.4725107871890464,-0.41768396401457397,-0.054826823174472405,-0.30215320780847094,-3.0378363551271184,0.003151531386776947,0.031020364813294125,False,0.28522920203735147,0.4166666666666667,1.508353098996014,0.1427706500732761,subset-dep
RRP12,-1.3908083001634128,-1.3070643660244927,-0.08374393413892012,-0.30007762508760655,-3.1205417136754208,0.0024444101378373133,0.026021421289063162,True,0.9991511035653651,1.0,1.584668985978133,0.41735045166516793,pan-glioma-dep
