,malignant cell,macrophage,mural cell,dendritic cell,microglial cell,monocyte,oligodendrocyte,endothelial cell,mature T cell,oligodendrocyte precursor cell,mast cell,B cell,plasma cell,natural killer cell,astrocyte,radial glial cell,neuron
PRKAR1A,0.3825321145028923,0.3200133439388282,0.9510136763703168,0.38894714414697196,0.2912596614775325,0.41646773646593177,0.6041451092141149,0.4859805554372949,0.24030859824499679,0.5969524482084859,0.45629347121747504,0.2027059224128723,0.08967129935647224,0.3178319613969005,0.38024209069378806,0.02659001013733205,0.9591049606149847
LMNA,0.42773149227144547,0.26053196538296874,0.7785104339986998,0.17484630364054715,0.1283908181731444,0.1892877733711621,0.7198863384882406,0.4583937622285704,0.15777067843092915,0.5482399946739597,0.5633097819924034,0.07460748591423035,0.09735812153015937,0.06247249388129609,0.2781451396170379,0.04021373547754298,0.03362877937880429
RPP25L,0.08539346974624121,0.06362388500362506,0.05064285179791901,0.07780107802376847,0.059806113424176015,0.07071774662526359,0.0684628273067103,0.04563353453135951,0.06575781733018983,0.10226224471003778,0.06594007200593922,0.057559642696380614,0.05375816871027846,0.09214319312079167,0.11669827334453604,0.11546752407833652,0.03458900885148482
JUN,1.58097242902,1.590758646864783,1.5308598187477531,0.7149439084352311,1.597595131293553,0.9650945099231184,1.3352413494974154,1.3022653702286697,1.2173435386881153,1.1540965745525975,1.2814963714047347,1.0339370334625244,0.8499764189436719,0.8351058346911959,0.5301661553410436,0.13329377271683562,0.30596316944469104
VRK1,0.071376869263736,0.035377900963985215,0.04869544337935777,0.06475724548861343,0.035037776225796784,0.03636788426257337,0.041368800920798664,0.026206532346546917,0.08642691431499545,0.0370622135458454,0.06728607032637814,0.061472373628616336,0.036682089022197925,0.12738142932165383,0.030750745982793024,0.2826866068617492,0.12347387183796275
CTDNEP1,0.22447358042462356,0.19658322145844728,0.23561235551941714,0.26626088221366284,0.1606825340613693,0.3059090405167973,0.2487984529701852,0.1492045240983212,0.10326853565169872,0.1184619013820925,0.0900076008514169,0.12014697666168213,0.07035012022181825,0.19071468542071413,0.09155632831113186,0.0227519856851467,0.08935917507518422
FERMT2,0.26622500562625595,0.022092171996382425,0.44134199621394926,0.004204628086698022,0.0067570255773509525,0.008117098913954212,0.17383673599195942,0.2568652511174399,0.0035815278500846387,0.2751126976743821,0.16364973447917294,0.003537965679168701,0.003893914443629605,0.0015386332705012284,0.4292478175521586,0.010397202361509135,0.1104332533749667
MET,0.016450479867255095,0.0024266469118643247,0.0027673820346299617,0.00020856002796647286,0.00027635877357057813,0.0013240075807440586,0.02555455409623751,0.003216461830649298,0.0008267413801520908,0.004066772653811401,0.0007752490107559327,0.0,0.004391001654671623,0.0,0.0019446681711198278,0.0,0.07055094838142395
ITGAV,0.23246043192571972,0.2941662359117553,0.5546314545679832,0.06863841842563728,0.3072221476512103,0.2625980926826308,0.2852148875604884,0.18529538945315674,0.03152980567615497,0.39984963786217476,0.057975881380945365,0.022340856552124023,0.026742208358291147,0.028063712157413826,0.6458929212107135,0.005625484278342628,0.024583693593740463
CHMP4B,0.3139561145275214,0.3229348531831534,0.36096160477408235,0.34061067352930546,0.31927421890213614,0.32280793668013663,0.34337678935395805,0.2662026304723958,0.13851665407746028,0.06934549443183406,0.11613407099854212,0.14925932686328888,0.09993783363720754,0.1530745872870752,0.26130923301498327,0.03659366767177983,0.025153376839377663
C3orf38,0.10292376997763997,0.08186628936913966,0.08683153757843884,0.09802808484113809,0.10929138624442869,0.07449460237578863,0.09794482532654347,0.051111343268299525,0.0794424892673689,0.11666599162403614,0.0671933857429443,0.07235597081184388,0.044246198361987,0.1035284129622089,0.12406423877429411,0.09224281440670482,0.06837889281186191
SPCS3,0.2026863583578302,0.31675363670376827,0.294170306246775,0.3927136170566157,0.2736543122646182,0.4546517481151451,0.25363570822802944,0.4009289681291509,0.24192457491577662,0.16372612983949722,0.26233962377977754,0.14155933723449707,0.7888027397277472,0.26648190592416754,0.10974259734842819,0.035402108993783384,0.1367052441293543
VCL,0.07287730892292693,0.041186760638519636,0.4681953677463599,0.08211570504156515,0.04669984696417767,0.07002956163619045,0.022910262670915064,0.24134421738260392,0.025600533178079067,0.1284741397586561,0.01653842703906205,0.024914704513549806,0.006193550186348961,0.018463102568580043,0.14498127764360064,0.019151241489691714,0.13989987249740146
ITGB5,0.03441900052597341,0.08249760042226056,0.15005355547950702,0.016491236552178514,0.08398442491270865,0.07123719175810383,0.03366226596372287,0.04131369542933857,0.0030705372864518452,0.020490158416871584,0.0032622221327978547,0.003306684637069702,0.012284369396788257,0.0054512969841196525,0.20615746589065287,0.00018391322104328674,0.016798195513811977
SURF4,0.23788603016650386,0.1805521823100449,0.3410944202638984,0.14950575833969482,0.13771447507633042,0.1982478681853486,0.3094671721852329,0.2647370215156635,0.2693239238630107,0.39978400113121154,0.13464396872405393,0.058522481441497805,0.1833879480828772,0.25149421439969716,0.31351623300872095,0.014880305980931069,0.23533276265317743
PDGFRA,0.3610676309037116,0.017247180239540496,0.052182389678084126,0.0038628572317362733,0.011339421773060543,0.007056399564528356,0.04502869739635433,0.03804092997073419,0.002452893190084927,1.6162263121335738,0.0,0.0011183560848236085,0.0008838764958448343,0.0056412472764188005,0.028561435682925185,0.0,0.026576944372870705
NOLC1,0.10098611181949592,0.07244904046672193,0.15637328813039028,0.08831011263356911,0.07235632206211096,0.06184457928372067,0.13544411128572656,0.10828327645518628,0.09841762939050401,0.2528424585057843,0.04512911571574275,0.07295670161247253,0.06883908248135259,0.10053300177442735,0.15419240631809125,0.059334187521219335,0.3763240823014216
GPX4,1.0274956953957337,1.0686922766304572,0.6584722936910029,0.969100038200519,1.0692295857869343,1.1163420124704722,1.031909424337322,0.7798364031367989,0.602987044264965,0.5805262824700724,0.9481044528311763,0.6699627109050751,0.5202581789735314,0.7073499039503981,0.8259432674143355,0.09750563633805032,0.9150139635259454
KIF18B,0.024039095995835088,0.005747937507666366,0.01591680457944258,0.0020128283362832824,0.0022385299809211433,0.0019513108383967682,0.005852877372599271,0.003886020201276351,0.00448179935990225,0.013018015051080335,0.007416398212034005,0.0011984901428222657,0.002339844181612655,0.00682705650371737,0.010309908754391478,0.02167165201086993,0.0022897513752633877
TRAPPC13,0.07172509959292957,0.035577305642838654,0.06814796954645592,0.036812953223027356,0.0379859797722162,0.03266814027585658,0.07053956978978776,0.05486686817781355,0.034563733249733,0.10119355734317534,0.02764045536997491,0.015558534479141236,0.02630179469193612,0.04472935290737007,0.0962781127477657,0.019143300237798335,0.1472147787836465
PTK2,0.15072554518213785,0.03881329926006318,0.3268693833072027,0.045595639223283184,0.03250217472599384,0.026246080841348912,0.5645948750746765,0.148050815885524,0.0050150006671698605,0.2876602382429184,0.03976891043997961,0.04387077550888061,0.045865862701947875,0.010022506860184736,0.2668297352818395,0.029812543065027383,0.1480769542130557
UBC,1.9149531758419296,1.9243427565768052,1.5358781007516535,1.8898796345422557,1.969212080450209,1.645066215469516,1.8890321757508608,2.079736860510499,2.103224928292888,1.4243075511147898,1.3463944148761657,1.7996646969795227,1.603687916810696,1.8334719149067298,1.4868859803745513,1.3682343093024738,1.9159228639169172
RPL10A,1.5675340224572143,1.726728433028761,1.6252224519323395,2.3379459429256726,1.7803832796432877,1.7218738397577469,1.1203337360790415,1.501335518144038,2.2766102434142823,0.6274473962764586,1.7936999126669548,2.8381364252090453,1.2962669784372503,2.4667564940385525,0.6899870751221056,2.4721766103405436,0.6773470802740618
FGFR1,0.1930029452224043,0.02703282758766619,0.07793088729147851,0.004557509504764618,0.02843983905940441,0.01451665186102106,0.07507186229770912,0.17108799213817535,0.01323825431269493,0.7524355342311244,0.011861208776366615,0.007517870092391968,0.007899447949928837,0.014205330727616674,0.20413675197976172,0.039387685614716,0.04260087995366617
SPOUT1,0.08247993750559529,0.03956232630426915,0.0513885127976852,0.03934613685058964,0.044237741701287754,0.030758013773081884,0.044546004451913396,0.07208413851030869,0.050090012808823525,0.09018208146575958,0.04227343129728179,0.03710818104743958,0.024327147934403454,0.05665007481473476,0.05518623376857339,0.04892376419335954,0.2071128013459119
BCCIP,0.117501133009189,0.08907335298344585,0.14173573785171187,0.1091461124157731,0.07827752037601841,0.09299146220837519,0.09714484630262572,0.10494661623443217,0.12219289667117669,0.25987074782531105,0.07472597841602867,0.07946242558956146,0.0848618496235434,0.11877152451840498,0.1466902694261143,0.16652721874243345,0.15979217399250378
POLR1H,0.14049306320404287,0.09370790478853029,0.12065168126513827,0.12446645536497367,0.08825585779480269,0.1058866683169649,0.05714848299227448,0.1228265103401082,0.25647305850795293,0.07758618969350092,0.163547112858647,0.1527770550727844,0.062281185513609776,0.22205502874834943,0.04912573340311216,0.19747682360087504,0.10627047717571259
EAF1,0.08904686433379881,0.0848366517830625,0.07299934394857274,0.05556954167702378,0.05066747872096867,0.13018711746221187,0.09085751272777975,0.06245688768588062,0.06769518723746147,0.08569261966453444,0.03758313396980552,0.043423062485456465,0.015514861297357333,0.0661956602284687,0.06411080931803223,0.028589193617953583,0.1972077859734947
NHLRC2,0.039949607325527936,0.03749917499387362,0.0750055340012307,0.05275707478416113,0.040799027249799225,0.041980313455978836,0.05626544643600307,0.07948617878498684,0.03193764320752548,0.08039119935804798,0.026444891502646273,0.021325652074813843,0.013504613946367811,0.053618237956933296,0.08541256085985657,0.007980973091166257,0.09255152447572486
FRS2,0.07497084725110731,0.02778443378902501,0.05240462074116692,0.022036790426437736,0.02402583739156372,0.030463453845327018,0.08393627800111271,0.015124886785184114,0.028531933720864978,0.13047827557931024,0.019762347594662583,0.020632680892944337,0.012489701054625577,0.02052915462376172,0.10624790312237822,0.01953102203399888,0.11566304076801646
CCT6A,0.8335029595622953,0.29799409350543304,0.5781424108614202,0.36310069707270015,0.32236013961750654,0.29715667148312336,0.31256817464749787,0.45828336486136223,0.29564416110828684,0.37286541971468157,0.26593690615237237,0.20560525331497193,0.1056488439753339,0.3135133326029672,0.28573880611644314,0.329991600842165,0.596582751382481
ALG1,0.051783970408816146,0.046452085929790984,0.05680090062877187,0.03123097072057548,0.04593614436421085,0.03168530999628792,0.04600976264378398,0.03759148411375275,0.03531661231503247,0.10629424798272309,0.007335880167043241,0.02514386157989502,0.03496994656491113,0.039379608109084516,0.04333047971473953,0.0025119037869395333,0.10188765281980688
CDC25B,0.13192912341898277,0.0392870419208796,0.08137880698666082,0.017587720294457376,0.025746601592779448,0.030387706333929242,0.12425911990068593,0.05103765731403413,0.102999477804631,0.1266482238086962,0.02667557825671444,0.0353043360710144,0.04385366431483022,0.07218511160141304,0.06385400942984344,0.015068934530306423,0.15898120538754898
TIMM9,0.19441075969047683,0.12272153644179262,0.12670942220432296,0.13079825199423822,0.12205025866420195,0.09323909842041316,0.1450608800154983,0.09466760780490702,0.098911614261331,0.13399419140431187,0.11316173661490228,0.13066588258743286,0.10548194497823715,0.14489089946949898,0.11984489556681903,0.20577780036026785,0.10136165944012729
KLF16,0.03741071417482183,0.030627703601948105,0.029315977742204544,0.043353267162624436,0.0262542420440736,0.04734431546505094,0.018631265652637223,0.03273988500746717,0.012297693158755124,0.02415780403140572,0.021589274380865428,0.018643815088272096,0.005716141443569344,0.01897367399205353,0.02182292938232422,0.0027373167472162577,0.028557523407719353
KIF2C,0.05480268929510987,0.015194273285150224,0.045580403159447384,0.009121281770828004,0.0070835636166695646,0.007954923363583968,0.004530710456138448,0.037820476545975784,0.013836785365735566,0.0031450769353297448,0.014510446435324948,0.0013893189430236816,0.003964728721371898,0.027384723128444845,0.015810621439377007,0.08870149346743354,0.0
GOLT1B,0.14251231164392897,0.10203669471486759,0.1773189071287389,0.09254168207613515,0.09441768707864305,0.10156683018624342,0.1598100852492566,0.09344687346053514,0.09440760402706512,0.14026560225794393,0.06961584474701664,0.06438644878864289,0.08996094148475807,0.086174446375507,0.15433479044478754,0.026447832446358236,0.13224730708382346
TCP1,0.47628130343456165,0.2711831678542195,0.4578177690169707,0.25431870234430937,0.29599376101403385,0.2251063867140269,0.36261679391984747,0.3272855930129982,0.28169178426170144,0.4021629731981985,0.28578693297848945,0.1881802381515503,0.12298471048161701,0.28316114788411756,0.23467362409382198,0.35948611830407967,0.6256864396008578
PSMG4,0.12319900065443365,0.05621619706892205,0.07305136905150286,0.07508035974350881,0.05237057345734585,0.052233150178934123,0.08118805651977633,0.08718595971501422,0.09385402451056843,0.08048614191131727,0.05003801511535696,0.08116950645446777,0.07325651251769566,0.0986437527661153,0.026913546757891,0.014691142884912889,0.1509009382941506
PDCL3,0.14213294977899515,0.1251467047618432,0.1640821777294654,0.21438853974235206,0.09269748087284148,0.14923651402909865,0.13118914321546093,0.10424591811238214,0.23528734583089814,0.07326860293265312,0.16934177431280428,0.09882352828979492,0.0685030515533644,0.1571591239034914,0.09394178500754295,0.2110423349510277,0.03364263474941254
BRAT1,0.13899837858104558,0.05129233646639298,0.05183351603146164,0.05554440520502527,0.055466031833008876,0.050701651789544125,0.04937247271129369,0.06072355307539009,0.0524125560929448,0.13626141822145832,0.04234950264401474,0.030016461515426637,0.025739172799187107,0.10128302976950052,0.044345267246224285,0.00362525068656125,0.3868353993377902
FAM50A,0.23970080123299672,0.22940742924663696,0.2219227784443305,0.20243252766791453,0.21598117136562267,0.2543290996987594,0.36861118150152805,0.17590686027929298,0.19920412525662337,0.20642537888019316,0.20647449867335466,0.10078824272155762,0.09792131151665341,0.2335666740884164,0.14348814804429952,0.005520923736684043,0.24151919917626816
HAUS3,0.04884267683546916,0.02996222786921009,0.03500820816151682,0.03316298358159305,0.032693754567514756,0.02750170635917092,0.04202628596051936,0.027980357364240763,0.10447450768379206,0.05871361806508033,0.02477711479082184,0.021946264362335204,0.02204364960218643,0.05364786327340221,0.02107691764831543,0.009671914936343588,0.05199983851476149
KIF18A,0.022817954466732765,0.0058560543113029846,0.015556907578146845,0.0047016071206924135,0.002833550720551894,0.002665293172677973,0.003772665011883737,0.0028444427172106762,0.010327546253380468,0.008042343681858431,0.0012739688237934266,0.002241520595550537,0.0024548494940871126,0.01862802135269055,0.009122947736971641,0.06946621070266577,0.010025405070998451
SYS1,0.11355000429904814,0.11374133426923842,0.09123647246609622,0.14120779751346918,0.11535464737447641,0.11292982384054082,0.1370857517819175,0.04751576968146291,0.14099874883065683,0.0975657711105962,0.040478917293190635,0.15457608985900878,0.042060005081283464,0.11888018865909093,0.10302520487349846,0.08543110590283455,0.09512017260898244
POP7,0.33620752684683264,0.08824778685381163,0.14830837927348858,0.08144408152940688,0.07739294551669373,0.06948841821547759,0.1897180885346346,0.13186441231269894,0.08832170649670051,0.24024143502596887,0.07318902063625428,0.05569335486292839,0.11415911846227579,0.12081548675757041,0.1704178304341487,0.075822034599223,0.21776305545460095
SNRPB2,0.6523119835086986,0.35648534091012607,0.5195593206771506,0.3991836509569761,0.38053885482520955,0.3485375584492665,0.504152807590719,0.4611899487862438,0.42059494009203735,0.2281955038347552,0.3385308853103392,0.35166895656585695,0.21110685820971337,0.46692790004229057,0.1618653639203551,0.8153009824169448,0.1304288790984587
SEC62,0.8387493743691272,0.5505576113604367,0.6241190038379728,0.4814338218199728,0.553583616696012,0.5193685790580886,1.1402459115365426,0.8189233592856692,0.5007423615177472,0.5308158654839762,0.5515996329586244,0.6181729174613952,0.8899164599972171,0.4160429819274878,0.5934302772400696,0.6907478616717907,0.6244186921553179
LYRM4,0.16350232626469502,0.1106896751016748,0.11397320851788702,0.16111420749173386,0.13330854414011373,0.07066267956489834,0.08227429419753547,0.09437145272831683,0.09583838283878335,0.16784778285411098,0.08229195128816702,0.13801258430480956,0.06836818721327749,0.129592388401361,0.11700717079846155,0.22135598472335138,0.12570790015161037
C19orf53,0.7787197468134418,0.5086375956688685,0.4840614240831986,0.6029421188289004,0.49907568281520587,0.491403901740526,0.6123868267406839,0.47144840128531607,0.5977304115058473,0.32909048276562847,0.4933477662523694,0.5872284058570861,0.4821996765953678,0.6769907311676687,0.36480324254559643,0.7384833176661778,0.38510915637016296
TAF1C,0.05906142475960785,0.03812118947737997,0.06619030254011599,0.01904268546617263,0.029666238541988414,0.028858194672386286,0.04336140753892205,0.14485753428351472,0.020878603946297623,0.13448382259136246,0.022200466800311295,0.01782717876434326,0.021079642216225603,0.024168269839714023,0.0828682466738486,0.004606591246286915,0.20090489157221533
SBDS,0.6545866338812631,0.25027349450955055,0.6700036498824363,0.21390153795322725,0.23086743357019385,0.18139743204482459,0.8456458765271668,0.49557721809681954,0.31295291530744757,0.6312741163757539,0.26906017659496684,0.27417763710021975,0.2744092144645177,0.22691272204542026,0.5783771338490392,0.061159298317603125,0.5968634540384467
INTS12,0.10545815133867854,0.03988827458111871,0.0665467761887818,0.045609502562426824,0.040595300765480374,0.03204604105927598,0.058911153687736216,0.051976113227288755,0.04967099212529281,0.1951304448828582,0.03276622375278626,0.03968140633702278,0.027625510846818243,0.05361599993303436,0.06720314997469069,0.08866562247063964,0.1500384590842507
DDX51,0.053721830913548756,0.01689889518982272,0.02165821443702001,0.02471641406541038,0.021258129440401865,0.022419613887003264,0.04880948684582505,0.017872650060044355,0.01498713644531185,0.07727902827243652,0.009609533978211656,0.019051538199186323,0.033490913132062324,0.02306050311230713,0.009095644928256557,0.01902033819670689,0.14520380442792719
DDX55,0.08546167185517052,0.03685197987523542,0.07224114245520996,0.033911084021260356,0.03562997533434956,0.03147112708506012,0.050444599905129416,0.054168087235177256,0.04523741126528473,0.0635371984493348,0.0177409246204366,0.027789920216798783,0.018614686296119558,0.04646528836425024,0.04208086198464984,0.07603380015026347,0.11469832138920372
PRKRA,0.22619065061763013,0.09478717658815126,0.20131443838138338,0.13810621876513166,0.09612182160792943,0.08206735547897978,0.21468948085341885,0.11158157245188198,0.08474756522392825,0.29162828600214374,0.11450627062659481,0.08591134495735168,0.09478792094892555,0.08374364211311203,0.16106103817162487,0.028833559326400186,0.4096136066046628
PREB,0.1204146912990853,0.07289622032549156,0.10899860770224852,0.07839613284645765,0.06259888859547343,0.06488077470294364,0.1099089665793425,0.07249687986246367,0.0692863315522373,0.20791598481516685,0.05174086704330853,0.043455138063430786,0.11292947417164183,0.07289507821076555,0.12012555006611554,0.0066402932694682795,0.3367357768795707
TAF1A,0.033202082840683496,0.013181198948588015,0.018512722572419472,0.008891910412371144,0.016520281248607462,0.010020116767202344,0.01737982076231213,0.01084145434189693,0.012619143773107798,0.037188669306135944,0.010897324168330542,0.017241501140594483,0.0030137918941624516,0.010291061388435685,0.02824007362299572,0.05132322473631323,0.02035723313350569
CCT4,0.4691889452902107,0.3211890373301115,0.4505536238464549,0.35298388066300235,0.3201561735207119,0.2900782250033019,0.45345193779475224,0.37172542116085805,0.3818329604513921,0.39342227554129017,0.309052857572847,0.2974291082382202,0.19441181744312072,0.3561958815017921,0.31010457270407266,0.17767343442126615,0.6639158400622281
HSCB,0.08862435687264256,0.07390597677247995,0.045531536506328664,0.0914897370657455,0.07825859340370618,0.06090731291841379,0.053424356381257615,0.05065995990610052,0.04015117194554697,0.06072237039165151,0.05272725344343415,0.05594382727742195,0.08596816106692895,0.0810223545425625,0.12293462532793166,0.08392484560953921,0.02271606434475292
EIF3B,0.258611539714991,0.08302988428696217,0.12384602705959877,0.11011310103444613,0.07016182088707279,0.14008599604429847,0.14174613088438617,0.13367397749428409,0.062136876411064655,0.23818031698465347,0.06594350286846826,0.05764582509994507,0.06376639714503622,0.12170950182952667,0.13482439931417475,0.03442822037364904,0.22132072936404834
HAUS2,0.06883086316822294,0.056552623413135356,0.06370916781876083,0.04259180920318473,0.054772808696350456,0.05425717204211675,0.07842996276424974,0.05673003055011358,0.05867402598863021,0.04651357083311004,0.0223341477140984,0.02898558955192566,0.026849307302203213,0.04846586561217371,0.037914320568128816,0.05898256204149075,0.05506614764983004
SETD5,0.3221397209124105,0.1087806465916932,0.23458048873626966,0.09871584536661496,0.10725194272196462,0.09990247809631154,0.15290397899424588,0.2434865673796383,0.14151237110133932,0.5680135555805699,0.07337648890932508,0.0940288236618042,0.05392856093553396,0.12159475249523809,0.16715491817176686,0.10192395198332443,0.2979792183773084
UBTF,0.15642287351708176,0.0635867225225655,0.11230179034856547,0.1082658342447163,0.06242472399118059,0.07823393981388829,0.10486751103781325,0.14209748000836478,0.11803918434371005,0.17396577687994128,0.10002421813420252,0.12346425774097443,0.035195840249111605,0.18406965867636815,0.13870654328365548,0.029259640979605466,0.2536696872927926
ERCC6L,0.00520516338481208,0.001061864344232952,0.0044374044968816225,0.00034344355074693024,0.0007835821112812073,0.0005217895923346816,0.0012245244197992167,0.003582388444915746,0.00253581012686317,0.002877471427763662,0.0,0.0,0.00015957120779927793,0.004216152568474597,0.013729512002426765,0.01208573767446223,0.0
NDC1,0.04161634299386422,0.022102085761788057,0.05162489704251794,0.02228889446371705,0.017887106241876106,0.01899383440010991,0.02784137419807673,0.0383640864274477,0.016664130900241308,0.043687851678940556,0.013525319003547484,0.006091479682922363,0.010831705600648493,0.01832603483901248,0.024838129047713528,0.013377171820663327,0.04206628047607162
PES1,0.10010525482255302,0.058374060437736,0.08481497581317832,0.05842379911533963,0.049211914157846516,0.06832317362526039,0.08693609672444302,0.06433530264765157,0.047635033255134726,0.07014991355038458,0.05182266710750539,0.039159911870956424,0.034705685673060115,0.06708154843371046,0.052898276747995715,0.05778750211350808,0.10306426340883429
CYFIP1,0.1262155990143795,0.41727643929173036,0.2099044903040941,0.12830638181257356,0.5979417852240737,0.3352345587374499,0.052895500266239646,0.19102816542757212,0.02312540631848189,0.16053483106436267,0.060424460003267344,0.03663973121643067,0.041517181647615836,0.02940129383638136,0.12185938509902514,0.01546736346643337,0.13543813878839667
PDCD5,0.6107044792978491,0.22214824576862552,0.43809748847662816,0.18649267250466486,0.22487686726787381,0.17217921365368252,0.35590299957504007,0.3731595864090487,0.2969674388427723,0.26590714940140325,0.18542046361570383,0.1637319779396057,0.26595134506900825,0.30867763411428806,0.2328425135915679,0.2676969312203071,0.3590314713391391
RABGGTB,0.17517464528920765,0.21218008832350896,0.23252046049397823,0.15989233164798128,0.2322530121352954,0.14737904156508094,0.2541379545965348,0.15963793164022255,0.1413466513419447,0.14255746189625032,0.16945609682047336,0.13742803611755372,0.08976088610145595,0.13570842660541466,0.23470459370254781,0.06560359941413915,0.187187445434657
SRSF2,0.6561835586551202,0.5575826855930702,0.669739199794398,0.6269939536248996,0.6003014375703306,0.4933538313109901,0.5913992236988369,0.49644171252824576,0.6564988184927013,0.748286135494709,0.44137901722905465,0.5545531370162964,0.3195889086781682,0.7809148518710598,0.527637988845737,0.06886694282240234,0.7365821599960327
DPH3,0.1253420406536549,0.1179937591815434,0.1523401569496257,0.09954725711883183,0.10296122453822792,0.1465059789938697,0.09976770550038855,0.09254968166351318,0.08655293739634952,0.07976469085101158,0.04676525586412036,0.059452753639221194,0.04471834738562991,0.08618550240251135,0.10066462596716909,0.11876995238834825,0.15786334330385382
PPAN,0.07837226915067459,0.04697211767532299,0.045245130723723236,0.050847482392355155,0.0663556837119762,0.04209273681647334,0.045056617849292054,0.01807176214912671,0.0471611179560129,0.025630412923712886,0.030695314381780955,0.05144135398864746,0.025017292844457226,0.10649073305930801,0.019429164298007943,0.0037186065092178525,0.008675874634222551
UBE2C,0.17815412559547866,0.040361991515044014,0.10411341051204584,0.015076050716829673,0.03625500111119632,0.009292182501377961,0.02725143266807295,0.05591933086049503,0.054212205914067564,0.005592739119404747,0.06806881849631548,0.013658372449874877,0.030289755000934733,0.10463408149356773,0.04695604638212678,0.16548453529916457,0.0055587008510800924
ACTL6A,0.17073281079827754,0.06897393468123063,0.16105683599776038,0.06474343236423868,0.07248235058180617,0.05441948141466343,0.1095336971828527,0.07988203430955158,0.07720812995498359,0.06762896544269976,0.0909533337277957,0.05775591344833374,0.06495645584968421,0.09333788931920568,0.0731660754694415,0.22202509470180468,0.009456287053498354
RSAD1,0.08520079175779842,0.03502321564640713,0.06057451222990397,0.034113349622020034,0.028562048034776716,0.03318742550975036,0.055161854761570046,0.05837722766983917,0.05587038722358961,0.12659993383192247,0.03721045824541803,0.030567470073699952,0.017059004233850466,0.046326747531570456,0.03290745943267911,0.0070293094122753814,0.2765357900749553
PPP2R1A,0.49343241981568914,0.1937289590374131,0.40045142745433643,0.1999061150070514,0.16623746517052154,0.19444863483430297,0.3492614857595172,0.28307056710411854,0.2436699743067157,0.8271485079200037,0.1456565932038642,0.1695144781589508,0.10823183967829585,0.2733881844483786,0.3341015632441967,0.29184439142361035,1.096768552606756
RPTOR,0.03187718393923777,0.016761793754720655,0.011823279502025276,0.018237562793217893,0.009794134855104823,0.019982809186862297,0.029846088481860593,0.01287516167755467,0.027962881010179883,0.04364295550171406,0.009481878606627518,0.008387806749343873,0.014071296626975486,0.011527264726454113,0.05003109350369845,0.004151045665606766,0.03955235899510709
TMED2,0.5442499762144333,0.43305741628759853,0.6786574654922163,0.4407009363355013,0.3866449857088371,0.38653962312766127,0.4953537391800594,0.43544399933156075,0.3054572558243504,0.5163843636551211,0.417723078031003,0.22290277423858643,0.4537509480764816,0.35961101322396305,0.43825133549684736,0.028660805997451005,0.5206576721234755
PPP1R12A,0.3048865055823081,0.205909616061811,0.5687856963390355,0.27556610570896517,0.1917274774116433,0.25961804342991107,0.18429858680146216,0.25283410077994856,0.362068742301085,0.5600448652140556,0.23995965111990716,0.19724328355789184,0.0529975273705029,0.3980923651116303,0.29455727373244445,0.22708591342099757,0.3422393666749651
SNUPN,0.08963365207561018,0.050145909460735855,0.0695492390369831,0.05229356860127361,0.04853693387438769,0.04688963835565632,0.054251023128183404,0.03864833593014268,0.05495120326116227,0.06890477540512238,0.05652826285394203,0.03463938002586365,0.03679175002800001,0.04329342301373695,0.09678625371414802,0.08537016861541526,0.19086061824451794
MAK16,0.05555497577686022,0.02575805751097332,0.0421478283737375,0.029328266784597667,0.02812220880256001,0.025875110572549268,0.04420458755664323,0.026511458594235763,0.026483933614999445,0.04729997931468871,0.006949837262125501,0.02080262794494629,0.015492778141181785,0.03113540364058921,0.030291819848077144,0.021038964183720397,0.09314832904122093
CHMP7,0.08007068152544376,0.039578026362114715,0.058641516817641695,0.037194266746032725,0.04207583129207736,0.044863077145917626,0.053929731623502355,0.05310471384698888,0.08241468123097564,0.17140601623442867,0.04650951478500469,0.08764694232940674,0.02949677019581928,0.07016423034495549,0.07721617387209324,0.012021982928888628,0.20821775258942085
RAB1A,0.4849652846518707,0.48560991237936274,0.6567995485196834,0.2926407808969792,0.4894155064986239,0.423478569919024,0.3285865986464679,0.4602181992948852,0.17342802419974818,0.5276579063746237,0.19305108148035352,0.14310995025634765,0.22952885331807438,0.19188611370437642,0.7295625320059715,0.04790665481623101,0.7813193635507063
CDK2,0.056714869415511564,0.02561245129527828,0.15057116990701436,0.018288682639312936,0.017510929562875494,0.015641092918642886,0.021991788338090488,0.07440793779948492,0.025920932919601587,0.007108093990433601,0.015555188179655306,0.018088234281539918,0.00907188706047885,0.03438414893700158,0.04668844848698964,0.05035457086172399,0.0
SPCS2,0.8047259182913203,0.5424027561958121,0.6473406454067472,0.5782426806659116,0.5386167352696503,0.5414756596109375,0.8362339179529783,0.4871290151644249,0.4916306418380514,0.44309228370266573,0.5819761612460057,0.5003971410751342,1.0660111299761525,0.603861323414485,0.6729484224595086,0.7410386912883029,0.3563330661166798
ELAC2,0.09592541879724424,0.04829883130066964,0.08402944854309596,0.046177095617197045,0.05019792081894858,0.03538215595611669,0.05838252067107457,0.07645391833374794,0.05585243882230708,0.216723948476776,0.046272446978188074,0.03572685127258301,0.023978327094883352,0.06859885818894104,0.20777548117444694,0.00874382798935877,0.28879139640114526
GPR61,0.00035364513827383957,8.160275905504425e-05,0.0008847449495022321,0.0003352145960884123,2.215433694096294e-05,4.500374695888255e-05,0.0002779663779129824,0.0,0.000135341500274501,0.0,0.0,0.0,0.0,0.0,0.0,0.0,0.06626691601493141
GRB2,0.24657648516356043,0.650741921029038,0.3035039355287431,0.5083590997225466,0.607549355358222,0.7087652034001413,0.31835669207941614,0.22720018113350265,0.2887171784620002,0.31451450336364006,0.2460609134336579,0.36360459508895876,0.28084775422523905,0.284321227146469,0.2607770897663398,0.16160839985582298,0.6759396290237253
ODR4,0.12015990370122236,0.06716298075783385,0.09042648309040473,0.056348113031346396,0.06851655362899407,0.05946410855398269,0.12895659202280435,0.10014395586271697,0.034523552088547044,0.12763631806498574,0.038655447096990835,0.025438970279693603,0.053547190385056544,0.03874067040800138,0.14159125399727351,0.06777341851230019,0.09177823771129955
ZNHIT3,0.2599810376361254,0.1391474294230363,0.16203959414417551,0.15401281680882625,0.13077392757978057,0.11672077544591732,0.21229484790735983,0.11158258263104738,0.19162927744415253,0.14938339134377818,0.1353720886777617,0.15547092628479003,0.109380426184906,0.23639837667711197,0.1687330069569494,0.32159850764707776,0.3207470639185472
ELAVL1,0.26878918149364506,0.1475711943033333,0.270765340967138,0.18061896346789724,0.1436811901446798,0.14989693371125018,0.15189254240924355,0.1863271421344638,0.15696257045781073,0.18815134153250726,0.166595833710627,0.12167299032211304,0.09442258303190444,0.17750770816270392,0.12375454359144145,0.03602247043653107,0.22619649496945468
UBA5,0.12032857669990782,0.052842540276406634,0.13741288845898908,0.061562902245428854,0.05227117272506641,0.05266082341135114,0.09063131850687092,0.07991663858095215,0.06853765683074207,0.16524589686624466,0.08928136307816084,0.041997251510620115,0.08728492338132192,0.07026754643554044,0.14308336273783204,0.009082339053736661,0.1855757317759774
EGLN1,0.13043262693486204,0.0929645643885698,0.13098385169240417,0.08638170779097475,0.06722885798974011,0.08902153666909211,0.168056891320006,0.19727633753999027,0.04653378076043788,0.19024485986559622,0.04700512117419102,0.02989544105529785,0.03123422779820182,0.04671008149128259,0.12196590652355568,0.00996918204175139,0.15783898735588248
SRF,0.06303865025273285,0.034519447866785444,0.11233069810737843,0.036065230358131486,0.021598991780099646,0.040871480833758696,0.05844931888633809,0.0762494945065582,0.024526373544742876,0.08593612717043969,0.023061084683395263,0.024271056127548218,0.010252343920560984,0.0339866897440001,0.032011629529082014,0.01314075599850222,0.03202254257418893
RPS17,1.268700095480394,1.6105735994404757,1.3694999423955156,1.9129726277009251,1.7808374740358446,1.3721998085323204,1.003067024376289,1.6367158322950706,1.6205547967011493,0.15492260648358253,1.4279976335351652,2.824922278404236,1.6140833913863122,2.1379755441804353,0.45897349870273835,3.009800317886677,0.11853835799477318
CCT3,0.5524374279428198,0.28887870627085743,0.4110367585220525,0.3256347034953213,0.3434590867294963,0.20588023742235675,0.42030037221174266,0.3063519479261288,0.3222584761601587,0.5883574714103053,0.2970217456766492,0.3025710335731506,0.18387193206723754,0.38684105125954465,0.46707968491350293,0.6988460969619154,0.7767624638297341
RAC1,1.3301904165143037,1.3840756715991747,1.3197551061135253,1.2767258718500714,1.4894490520519574,1.3701249118929717,1.2107676100476832,1.2577217712799118,0.5087298345738929,0.7559835132091276,0.7695210401877641,0.3680406853675842,0.33248020677299767,0.5804838961796284,0.46218988936760524,0.08324008194798034,1.0461474738337777
EXT1,0.031945595606022094,0.010137310249826432,0.04645298331009148,0.012766793757729746,0.005970561797583749,0.022326985187107854,0.017200140070145392,0.09240163236103653,0.0058512314655603396,0.05631142157700754,0.025044925091413647,0.006669893836975097,0.012727697125890038,0.014449650166551,0.02273125283290885,0.023369996030431734,0.19316746971823953
LSM6,0.21107592996903057,0.16617030615692233,0.16223776344688048,0.3279737740326217,0.15071250958329582,0.25937378023277063,0.10754586198316363,0.1516686621250759,0.26835454650810847,0.0685272394649444,0.19009102333646677,0.21145191383361817,0.07282290597270419,0.304560690232193,0.0877181160656703,0.4720024541046936,0.06449910456484015
E2F3,0.06994264421669066,0.05564824644153578,0.09000321300056656,0.04699217918032921,0.057610711604895934,0.07542930380626334,0.010771674306029148,0.07840880924312711,0.06243857726909814,0.05051754631342426,0.028882217311347776,0.018220762968063353,0.009628788366184369,0.05195096011811253,0.06676894529706481,0.017970026983329737,0.0
MZT2A,0.4037251679732275,0.20053660059582049,0.24507842817158557,0.35414896707166416,0.15977629583824152,0.14496988386408444,0.17791675116310765,0.3253452859342895,0.4360643704949042,0.1726391525758851,0.15678115984070398,0.31628798875808717,0.19569250253530648,0.4382042850342655,0.1027799383064226,0.02324370858845101,0.28078343109651044
NELFA,0.09208597628387358,0.035557710391622525,0.04196559441274581,0.03853361286379056,0.0334493795846238,0.032086769778922206,0.07345374609909992,0.050255952804262184,0.05322688397558465,0.12651510031953936,0.04189656646897262,0.029380927991867065,0.021849246500255343,0.052381609208423864,0.043798815997349735,0.03203009529219092,0.07428747178478674
PPP1CB,0.7025663609021248,0.3965681160413182,0.512660498679609,0.4795318603274859,0.31814517042824303,0.5331573096539326,0.5176358511361754,0.4360107847698376,0.2777280341177783,0.29943959607232,0.2825332908783777,0.2339866735458374,0.11483971383813378,0.35831745583736163,0.5794610398353179,0.12792164358563554,0.27238546989180823
KDM8,0.005488454595849338,0.0033695186386048497,0.005566372991932296,0.002745650597697284,0.003291706915840385,0.0035319755541116807,0.007575697379658194,0.0009122327036524599,0.007560369958834852,0.015648008489440524,0.0,0.001469667625427246,0.0078102853539940365,0.0073704040639608346,0.01756295286162051,0.00450689324629362,0.12510385296561502
TAF1D,0.31029793463456956,0.27492140360215805,0.23596031251343752,0.22891249845678593,0.295245981082238,0.18461806196332858,0.27286697321333153,0.27834638727366656,0.421536044387906,0.14339194434785074,0.2220881733114534,0.41177967329025267,0.08891733993704502,0.30908864183376095,0.07640140387364205,0.24430641263330538,0.17853459173982794
TIMM10,0.2503622541633572,0.1858506313923878,0.2575783860700255,0.24065504800006315,0.1866351292454958,0.16155950007537617,0.28808962302601077,0.15245906488325053,0.13382550770880003,0.1153448425954388,0.15063270534970485,0.14754612760543823,0.11938419166978423,0.1626835457528629,0.12555011435051186,0.14902033464399828,0.15111792087554932
USP36,0.06511574186685398,0.11551677157741833,0.04394394750687148,0.09475801975791487,0.09590202846842888,0.11065872366311807,0.0848063825128285,0.03829210633508872,0.17355752230428784,0.08437490967973586,0.037444120118189754,0.05266542911529541,0.019037422183510306,0.060206741801032394,0.042559573416075955,0.019050529844445777,0.17930875041268088
PFDN1,0.29906012811301125,0.22035349283890107,0.26439127885067915,0.1875747051903528,0.23298050528498734,0.16909959905800834,0.33711523032037505,0.2606032348139679,0.18419705421215316,0.29570801844519956,0.14005021882760302,0.16259946913719178,0.1414933666795284,0.22478357315446632,0.2410006536913745,0.4920203449210536,0.4989360977302898
SKA1,0.01962973989593683,0.004980141799403979,0.012182885089991628,0.0016899586355887829,0.002942170348851802,0.0012477494231148416,0.002209189935101501,0.003984354536033846,0.007543411327299979,0.0016001503493997358,0.010214883904035226,0.0005535734176635742,0.0025066453312243614,0.011733505214826799,0.003756938556026172,0.032583655439792344,0.003088904862207445
HAUS4,0.02177977074815539,0.055036185257068326,0.015836067529255985,0.045220953727183814,0.04339560071329577,0.039412718132856316,0.017518288259580343,0.02628597648147311,0.03581751199697296,0.04539835026427623,0.02452925366946264,0.021321445530653,0.019314206224846673,0.02013649254163234,0.0727565667532772,0.009677668844290293,0.03774326768788425
MED11,0.11561470562305202,0.09070607254564203,0.07157738857780424,0.0941404373890762,0.10901215531873858,0.06642107223902544,0.12418702630868335,0.05764125156898555,0.09719930284046178,0.10486775107922093,0.09618999563337331,0.07917443146705627,0.04941787807778879,0.11035631619193267,0.11194752544336925,0.10895005759285742,0.024763570590452713
CCDC59,0.23507285822864465,0.18742166490711118,0.18237780385528532,0.19780857759845044,0.18943750220673775,0.15773480316722976,0.22016873395783942,0.1617674732810498,0.223096613848203,0.13991759879694832,0.1707111681754084,0.2202535563468933,0.12300482816942088,0.22630023716826572,0.07611263831915883,0.35103486671029865,0.1784687258980491
TSEN34,0.29136469326474285,0.13338871014209064,0.2517629829044907,0.19732164126759494,0.10373446002114059,0.1517833724140995,0.12165924945174478,0.15423092737594649,0.08044725675294799,0.31220751255750656,0.08185746986169277,0.07499004373550415,0.052910865238913286,0.0854790006693514,0.23647258460866233,0.011118980847222125,0.2250441343269565
DSCC1,0.038849928599003485,0.006815415675597909,0.02632949365715382,0.00365433603246776,0.007163613264569674,0.002834634689893934,0.014514386267074074,0.017594069109629025,0.008215084926565782,0.03309003771432946,0.022308257485842257,0.0021772394180297854,0.0033040433548963987,0.016284530174904627,0.03055456608017056,0.005023608736011708,0.06586050987243652
INTS9,0.02463714406446408,0.013983803729912396,0.021783853535591632,0.024244080330801263,0.010757280203827397,0.015278950238202686,0.01603925356583358,0.012587764287951442,0.02475875489848906,0.0767724392635207,0.005948948316855341,0.012847722053527832,0.006216802119791924,0.019211661521092434,0.05265872929826637,0.01194831056870045,0.1630249931053682
PFDN4,0.32067333970743067,0.14887548977295925,0.2658201630932656,0.1952853116745962,0.12635074026564322,0.12165002619930862,0.22439687483758272,0.2706285097800959,0.16334339632296235,0.13445380306051624,0.12846916067056938,0.12126207981109619,0.09613633314733738,0.19870372974475065,0.12684696464869327,0.5740912610371002,0.26257618178020825
EPRS1,0.23498805929913524,0.12028910939255956,0.22488691410830058,0.15350678884390176,0.10572388515386669,0.14536821418692433,0.21349044091979832,0.1421253911453406,0.1645576951910529,0.219418827083803,0.09311002029490535,0.11256314668655396,0.1633592405831897,0.1742730542041538,0.242397947462997,0.12994907361080013,0.34590941396626557
PTPMT1,0.19369040692942852,0.13574543596581504,0.11590641560440171,0.12964722785766725,0.14448125614835342,0.10233548473313875,0.1605016100713242,0.09652677085389,0.07629516981735045,0.2524043549933741,0.08294187074691936,0.07145829677581787,0.08836228072226464,0.08361762024495151,0.31804711419033865,0.006114644430097329,0.19985610788518732
TSEN54,0.0623474324875347,0.03188438698194577,0.04027777237683661,0.07770048887312518,0.04168135150605347,0.019312764799095904,0.06820762422010118,0.03118281927718096,0.2210032826319642,0.10049857824079451,0.24858828300445393,0.031027099895477295,0.027346002263622684,0.24362139482247203,0.07264530452000613,0.0025474706238004974,0.11938442425294356
POLR1G,0.055588760197220116,0.031718167261219815,0.03503118525817465,0.038541197302786274,0.03597788920349721,0.02504782107695701,0.02732186457465335,0.03149175284123173,0.009404744106544216,0.02796187918753393,0.0034522339102410118,0.011369183683395385,0.003882673497383411,0.015373962951166269,0.018876088750844747,0.03751925315865852,0.009173023429783907
PPRC1,0.02805312263112209,0.030884325705149592,0.03971795006871896,0.02259056873918633,0.029265727169362692,0.023806060580690687,0.03315352520569425,0.037820793367246995,0.021752807255910212,0.2427851688717642,0.020893421153919945,0.010105709171295166,0.01461516676301306,0.0189519378496203,0.01600766113038697,0.011969186846030154,0.015793437307531185
NBAS,0.06861662712379371,0.03295085187725352,0.04750718729116012,0.03458285333230862,0.029280045524744395,0.04101421609966427,0.050004709126064674,0.03887195077020381,0.05874867570394306,0.17746779346658337,0.09134589003813491,0.021078914642333985,0.037554272352815506,0.031774199394491984,0.10398299294400078,0.05915447652318701,0.2144738327373158
PFDN5,1.168231819932039,1.464765841544316,1.0182663362016127,1.6823163736772428,1.376380203263522,1.777131319800775,0.8808118093377666,1.07173787077327,1.567458838290874,0.529136904064686,1.485692703052756,1.795937064743042,0.9369856825658491,1.491465306847198,0.737865033177282,1.6987247683630746,0.6333757259628989
RINT1,0.06705992281623417,0.02112429104636921,0.028550964127306542,0.019169800632441173,0.02012196486772037,0.01730581360554301,0.03356560460364109,0.04198965487827341,0.03197554778535971,0.07814986991786188,0.01574368978633318,0.02135421748161316,0.03010353750803254,0.025513010242465224,0.050674870524103244,0.01945307267956518,0.02855760705741969
WWTR1,0.16727935073852854,0.019429074952368935,0.2533244377551193,0.00537221645713003,0.00663149728921765,0.007807276711376293,0.053686266134167486,0.5415715685925193,0.005190220695293611,0.017132385453629877,0.022116700541877234,0.006316987085342407,0.005648395971401588,0.003039368062720523,0.16583320860228787,0.003885676056454519,0.0008342945101586255
SOCS3,0.3062157866897237,0.47211051253219166,0.2977910710154535,0.4273837063535841,0.2777134792257752,0.6639721016711095,0.42852131246460257,0.5136035530209364,0.27600885442524986,0.12845106891566707,0.17783000769627957,0.20522582359313965,0.32708894737533756,0.1307950023667982,0.06269372237383286,0.0035944042317927584,0.015366325324231928
WBP11,0.19751672379479077,0.14887019440326496,0.23297214112934173,0.159184388035748,0.1279633218339955,0.15310411049872688,0.22471739137681782,0.1681574212849406,0.1912381635790655,0.1975582801406422,0.10787443357242656,0.16754381818771363,0.08891815223268695,0.17819129711846934,0.1497333290949033,0.21550688268049442,0.23070106215097688
ARMC5,0.04268433848843883,0.018548637210287353,0.04110644217475471,0.02382669890921575,0.017704774847086758,0.018370437630456475,0.027534473229845254,0.0367565745761809,0.015104547742522356,0.05806760772341682,0.03002089325927857,0.01277782633304596,0.007319649902882276,0.031440472831240907,0.033567667696517325,0.0033465277789791665,0.1815637463322756
DDX10,0.07236034914074937,0.04643514604677992,0.0646302322995007,0.0561696190149066,0.07174440523122975,0.03752930971714882,0.04615399414564056,0.04278368528317909,0.050965274281319584,0.06687900424003601,0.0402161697919503,0.055395528602600094,0.03211513047034924,0.0646567142191734,0.03823469829008069,0.11594705340443534,0.14615271579135547
UFC1,0.43877819818947855,0.3781647665498223,0.37006219687683795,0.4796590184479222,0.3751253571619586,0.34193138152077884,0.2738105993451966,0.4193382023170834,0.41124378621763874,0.31732440619699415,0.4092399300582927,0.38922273082733155,0.30052725866541163,0.4805590059442087,0.4534708599134677,0.48531601513498057,0.4925128763372248
CCT8,0.4275818011746895,0.30185848544896376,0.5261796522880307,0.4298096270129043,0.3265381145885101,0.3082418109680455,0.21942614007097397,0.3667116593818608,0.2998619813780385,0.3034222724456941,0.3934516031045377,0.26223505172729494,0.20290572618271088,0.371097622457974,0.2222097781352225,0.7142739934474496,0.6581172861836173
RSL1D1,0.3721905195088863,0.32104688113955726,0.2701282672300325,0.4164452236188057,0.3002056858766228,0.3395357458011977,0.22653498253983934,0.188270646785379,0.34061987902712676,0.2625845478427026,0.19059285289800199,0.4295138223648071,0.1445118238875916,0.3728122578035066,0.334431092863138,0.5603641963191928,0.4448189410296353
ELMO2,0.06424151250329199,0.02827017190361466,0.06852304006497177,0.024908364744566813,0.023806718465751307,0.025004011864314984,0.08488218055189005,0.036612504747257545,0.04275132284599108,0.14748183848156082,0.052281458400209854,0.010472570991516113,0.0130668209566103,0.04369433077524445,0.2916633159438999,0.020817364397149176,0.19723268801515753
HAUS1,0.13920689339988165,0.0894232886130518,0.1181811722907092,0.10500798317796803,0.08355299029920688,0.08443484509280565,0.05609814157070291,0.12066468370616171,0.09985705450371364,0.09825370196373232,0.125935325354098,0.09611601068377496,0.03138321341126115,0.11840333436664782,0.08598823492237598,0.4470578401930442,0.05802883885123513
MED26,0.03356534906306067,0.027349637678055073,0.027392387873531227,0.03628809585682041,0.03121888223201018,0.018776054202860357,0.02589801309888308,0.021291964608528283,0.019597300380066844,0.02218998270109296,0.010061379252426107,0.02206463260650635,0.007836739421932847,0.02739799480665252,0.017793011114087407,0.0018990052566011902,0.0
FOXK1,0.1182217381456917,0.04215373026360223,0.09773067896725933,0.04927777562349681,0.04691499595618388,0.03774669717157386,0.10582268936264812,0.07405439147623297,0.040175472821949755,0.05868173739121806,0.05665676843065359,0.05807166576385498,0.02527093189162808,0.06512501533489334,0.06825965151427626,0.05162018764728238,0.08244392343542793
NOC3L,0.06725385011328257,0.04823702651092441,0.08588962456571367,0.06504831407985673,0.05477159894056032,0.03903946724317043,0.06988545889541532,0.09852916728511431,0.05040518200959735,0.0862402367976404,0.037555402469379336,0.07559872708320618,0.039998766686116065,0.08683496367600894,0.05393266229960271,0.08378575283053255,0.04162804646925493
HAUS5,0.0506350315175432,0.017127574584074372,0.024313380629118475,0.021158430874874363,0.01600550602700669,0.010696409405263176,0.03540487698604736,0.020049209580556067,0.02320194837827623,0.04673290054403966,0.00712652228792615,0.028770397090911864,0.01720704891152315,0.03178929147494275,0.05089651676960763,0.012517946170749807,0.04212916439229792
HNRNPH1,0.6725048208071044,0.4393340414755282,0.7826039432974897,0.49602857487155344,0.39201677080169894,0.47320651699445887,0.4912163976025633,0.6230049665580001,0.38952877632381705,0.4556422743105119,0.3788599101851517,0.4414301194190979,0.2403773236107993,0.5815292102067333,0.26405632495880127,0.5473913444736312,0.2590644251216542
NOB1,0.11080514403766555,0.06653295314576786,0.08308546709577186,0.07596976379046864,0.06965776058339719,0.050435377073002836,0.061661637829393254,0.06729260817679396,0.09933825596176388,0.07719736137697773,0.08680586648690476,0.13350633573532106,0.03750753908098994,0.11826227593967933,0.10182975482389417,0.14213872406038475,0.18547300858931107
HJV,1.8867081390130655e-06,0.0,0.0,0.0,0.0,0.0,0.0,0.0,0.0,0.0,0.0,0.0,0.0,0.0,0.0,0.0,0.0
NUP54,0.1145351310994976,0.0635448200536452,0.11602558641154607,0.06583662302137114,0.06816095431154834,0.06549627104151051,0.103086983390596,0.07600101562878352,0.08082083246790836,0.13059114208144526,0.07715899543212502,0.05343915281295776,0.02171666826401557,0.0961015237388289,0.07205263727662191,0.07603964799338912,0.08331906152042476
PAK1IP1,0.15359210434375095,0.06635041683146915,0.12248971453002208,0.06651636930283679,0.07255792373811147,0.06464005016416804,0.08698932710113018,0.06522643052451146,0.044657260266855285,0.12951630666371314,0.054916531886236276,0.0434787504196167,0.045402485851224486,0.05754618895681281,0.07712037163662773,0.19072345554255318,0.06556727669455788
RPS21,1.573495097492425,1.5705555634943658,1.223977124068902,1.7671123067407528,1.5299979860176751,1.2815522123129486,1.0544787569598466,1.3728380267014297,2.3612916694954826,0.3135654484072039,1.247579322423756,2.5650577402114867,1.04392466970257,1.9275685626850305,0.319527249804811,2.708068662981652,0.30951094085519965
ALG2,0.0869541770387089,0.09262770896579284,0.1344009615134117,0.15717363733740897,0.08120790126880426,0.07666199399349012,0.07282805272797611,0.07144990855659099,0.05267238248376017,0.12795564922834596,0.03419767388070237,0.046785397166013716,0.07009732830045107,0.05507655903343792,0.15196815529310634,0.003186518037748116,0.1347695223309777
ARPC2,0.7269133143408871,1.2627181495164568,1.443321109490603,1.562228997829315,1.2506200980274855,1.4857748304669638,0.4051823553180534,0.9214099342720292,1.4469943678022905,0.47873096576621454,1.1154049273790048,1.1246288796424866,0.5419912866570733,1.6237486370503542,0.5685143670594761,0.07570842512570372,0.45285641063343396
ACTR3,0.39489536807553927,0.5251864139607927,0.6695417635699757,0.7272023160299308,0.5367141267168544,0.7061962966301724,0.3866276559076308,0.45463391292679717,0.6873961461201822,0.32278867041872394,0.736491814055967,0.5689072279930115,0.18320213159272722,0.720551952390414,0.2771269282853672,0.1295019296466731,0.20697492902929132
PTPN11,0.17977176474763584,0.08621683720381426,0.19929302747562339,0.07025417746452634,0.06023792031781941,0.09769531054434707,0.2771364647688253,0.19164453962759667,0.07510541831207655,0.15629968143278553,0.06308273951106033,0.043018871688842775,0.04285966498139021,0.06367256129875198,0.17435764301719003,0.011746404962604226,0.43529960784045135
SLC35B2,0.1715442953242411,0.06905813412471792,0.15895609290710794,0.05609235117092966,0.06312235267594267,0.04779208686793727,0.1798274762049173,0.04609675720931871,0.0628423429623916,0.36000367085779866,0.0823124014340521,0.05606357746124267,0.06810696667932964,0.06743036019557831,0.149803402795957,0.015167687259452556,0.09736325524070046
COPA,0.23985109788519812,0.2072892801939542,0.3037653354394587,0.18922399902728976,0.17852398498831845,0.26389850112614477,0.44704876529818,0.19272578559694106,0.14447112276518206,0.6290543612333075,0.1275343688819108,0.09814921464920044,0.11564232820605898,0.12023555614613969,0.4330273592747705,0.054534799758760286,1.0131369666619734
CDC42,0.6413012148141665,0.7843330104814278,0.8920967698265366,0.8581987106267385,0.7364620580702322,1.0481742242336105,0.8494195026442481,0.82163561222989,0.7258731399733839,0.3147693471081795,0.6396391605883437,0.5092883640289306,0.247242071932846,0.8614819079529765,0.4606359783624638,0.4697285559749026,0.9265151511539113
NARS1,0.3650816924783952,0.2262566566904078,0.3392460986824735,0.2000832666925817,0.21820958408929989,0.2342681267544119,0.3350880915094154,0.20737192747674407,0.12334210305309108,0.33076799276375,0.16351935850711036,0.12654687333106995,0.13952111676856355,0.15524707572342356,0.32023770754047903,0.21775168290883992,0.4981712075796994
PSTK,0.04563019431682209,0.013210975759555958,0.023960809508398996,0.015223365424709229,0.01421192670826117,0.00944774066986771,0.06444249625638093,0.012190974905621953,0.01928900916662908,0.02810441005614496,0.01150544886614618,0.0117855797290802,0.01984230303889388,0.02293236392623883,0.03913383814640817,0.030657178451253035,0.05564590475775979
NOP2,0.05093681663229192,0.03693135879722019,0.023903791717817147,0.03994303822848448,0.0410802583937399,0.02360347233898741,0.01914255602907441,0.03772631185724335,0.06031374351009415,0.058954031597222054,0.017061172957075186,0.02739753704071045,0.019062356306956366,0.047733634818074404,0.02806774522527794,0.025588440224077084,0.1133300123566931
FOXO3,0.20769634001650708,0.15705787513489056,0.17750032958594297,0.09045102524203623,0.15103877842249847,0.16712923489361634,0.19169190846692197,0.15204307848773066,0.05716311618520114,0.2542938770305726,0.08516669449154238,0.046278072881698606,0.06771670954002366,0.08955132022541946,0.19793171138432675,0.06005840630698212,0.5139862332831729
NOL12,0.07564453746331481,0.033219311969508857,0.03285683304786009,0.03663545294681964,0.03806400043321917,0.02957646301670725,0.0767313558582923,0.046390290777538014,0.05150986207072676,0.1420034468774834,0.02572737190742595,0.023518909406661986,0.03752578112420502,0.04766330933561283,0.10742332265211668,0.15578365676293476,0.4324947386472063
MLST8,0.14609127369490588,0.05661763866676153,0.08416575954226076,0.04530498378657837,0.04910034972330592,0.050411509385714426,0.09478931166348038,0.06459693657718654,0.05038487915398898,0.1724782252023297,0.05511581450301265,0.0358760335624218,0.04707623398178941,0.061824045395841555,0.13061383418265105,0.02073310060266672,0.4969292933290655
RRP1,0.1240044571718414,0.05423330747839801,0.04646694061197919,0.04480731907109966,0.05948804325059005,0.051708554066363835,0.15026105411082694,0.05449780436539898,0.050672168404933354,0.13242840394377708,0.05200400716817411,0.03455574188232422,0.0441281043930904,0.07581659065474942,0.043301242624404115,0.008841872592179598,0.32487800175493414
NUP35,0.07467981300053665,0.018432819555087097,0.033155766493090454,0.016652967292712935,0.020158882286808198,0.013914444351800092,0.038476542205480455,0.02212503545794409,0.02546020867094802,0.07933529682697789,0.02490542904940751,0.021323380374908447,0.02497895533492515,0.031377197293786935,0.036827158032125135,0.1243317304746426,0.07457941228693182
H3C8,0.0035261248075689378,0.0014044768182304808,0.000862203885200834,0.0005338079954632242,0.0010920135959024896,0.00015415434178188994,0.0002523160734845988,0.0,0.004134342493358072,0.0,0.007770666807650242,0.0,0.0012176179203328553,0.005154006066404705,0.0,0.0060137397757959316,0.0
NUBP2,0.2633527078429685,0.10681096076278944,0.13273483773296743,0.13132676297864118,0.10357884178079363,0.11091986094987019,0.20013853974682752,0.11289084480209124,0.1379441035726093,0.24348604967517237,0.09346472609778192,0.0823263129234314,0.129174527796832,0.17941339397200526,0.14810950563133107,0.025574125702541667,0.22027554329146037
IMP3,0.2509818223227946,0.18697390579111065,0.18533991178437248,0.1824695736553536,0.16930114981994038,0.15223508500901906,0.23623182137285076,0.20646325936111973,0.25791900484904273,0.3256775245310799,0.24528372255790648,0.2297307815551758,0.10801452398300171,0.29084077667835584,0.23566875016758207,0.007920121999028147,0.389201319353147
ARFRP1,0.13426331452145265,0.06509513831502865,0.11042418567350788,0.0829589260072908,0.06233761339420107,0.08094028205549554,0.12891713457414714,0.1315353738606242,0.11282449525568455,0.10112728755320272,0.04712893344441943,0.07545831074714661,0.05204446311597224,0.13316817639725617,0.10582418662275193,0.014149566689631589,0.18052090298045764
ARHGAP11A,0.03567774717331628,0.015477496855321418,0.03363495037269651,0.011952244665128538,0.011758398943915317,0.009145069411637034,0.007280432760557889,0.009157778781023635,0.027634394064051004,0.006040576890471482,0.018056370138163223,0.006147746181488037,0.014359153624806371,0.02854761434588005,0.015039256074051292,0.013783210615777104,0.009226358749649742
CIR1,0.2585183330609807,0.19714930192697355,0.22600998928079485,0.2042160773331455,0.19796939122912557,0.19116984778963425,0.25817026474299926,0.177673093985661,0.23107285537099612,0.16031266676802788,0.17007189797332395,0.19760978326797485,0.17413437908346002,0.2734578389535232,0.182422599351475,0.37953689164609133,0.15376868844032288
MIS18BP1,0.07728090998756638,0.23320332143500716,0.14823015687832206,0.3430233826934614,0.2973096641260849,0.2444891366076394,0.04126573653378153,0.08940834692647517,0.1729032203407076,0.023062709358430678,0.09573697868045469,0.2166015941619873,0.1048922162581157,0.23146670982511036,0.04684940032187225,0.0637165804456297,0.10468810254877264
SCFD1,0.17445714092588557,0.11157802379988913,0.1804116632269199,0.14957602678360105,0.11169823843512391,0.1259613681334322,0.12227518718390308,0.12437633295470149,0.10560185376205317,0.2526624313285274,0.1122009361077889,0.10786886739730835,0.13993389320957078,0.13267778945572647,0.21223733328670435,0.10955596114546963,0.33099876750599255
NOC4L,0.07845979409911061,0.04249661933409749,0.04344265294301997,0.05462044329993564,0.04275905592330632,0.04365895930789031,0.07328067512793396,0.03574094109868224,0.048334954308165444,0.07534098943635341,0.03438375310987314,0.031970747566223146,0.03651932405529322,0.05501187647524106,0.044573224348828974,0.0011739961014636522,0.1269053654237227
AASDHPPT,0.22252827628308489,0.08540120474095005,0.1432013164874697,0.09519189654862871,0.07876181551066543,0.09354693113897956,0.22849887997740576,0.10279541634532442,0.10795946892142254,0.3733425904666224,0.09427232445085336,0.05253204336166382,0.0631128193198384,0.11101197458836581,0.21856943720337974,0.16424626662483155,0.5081129805608229
CCNK,0.08300064541083685,0.08117038959429917,0.08350178754884534,0.0815446274324488,0.06887988773015659,0.09096877554793865,0.10154651440772555,0.09184340187203123,0.12001979400039539,0.1499458783336224,0.05916846725320688,0.06825085027813911,0.027757536489646753,0.11899880208179815,0.06507902751768256,0.054252854526828605,0.1909550753506747
MT1E,0.5753816487283023,0.21724393040406856,0.2766893772547605,0.02732205947701662,0.1366458101050555,0.046047605782212654,0.22611218550468654,0.7898610704543864,0.13113405658051117,0.4297777707538297,0.10738042516299291,0.025046319222450257,0.09197553611927099,0.039234634238871864,0.549144075095998,0.0033510460902840206,0.07030076330358331
BRCA1,0.05975415124362659,0.01722947665580914,0.03827990610441469,0.010528552098817158,0.013800820082296453,0.012888301555178679,0.03128527485114165,0.015599266558132766,0.01810781085702324,0.011959811732653649,0.013551353129880359,0.007002746486663818,0.019443921041446967,0.03372509536352465,0.016613577745553387,0.06849962865749967,0.017394627613777466
CHMP2A,0.6663598727890511,0.39170250661919054,0.3807504151872923,0.4380943981031973,0.34651516062758225,0.49270934713083886,0.6237590393761432,0.4891669736043128,0.3487324913368427,0.4467668043028924,0.3947467372500545,0.23470284757614135,0.2899904717932214,0.4470907659021043,0.5900385104162844,0.3518343759381478,0.5342717224901373
TOP1,0.4280261419680603,0.29125257570625707,0.40884721430467785,0.33805605017515905,0.28680769631503716,0.34166951345550395,0.23625723841518712,0.32973005477599193,0.28115387893767596,0.31173348571023635,0.14878371829321813,0.17921699295043944,0.25503764567258475,0.26275497557600613,0.16073063067618132,0.041904686872841074,0.16398144767365672
RPL36,2.1639344764566664,1.987018285190938,1.3149014682796678,2.1747441352000596,2.0166356623867685,1.8533133843227712,1.4378469853568905,1.6982393541095162,2.561435955875905,0.6095621124390633,1.7808075481701153,2.895771537208557,1.564563086816481,2.273549012459632,0.6900708303286162,3.0471877259931235,0.6582593267614191
EEFSEC,0.05395609291042498,0.03809106796877531,0.03696408930887456,0.04237770423296876,0.03899839964314148,0.03942687214888446,0.03256910385568596,0.04367469789191837,0.04946139763372577,0.09564402365996953,0.05685373569461679,0.02634489269256592,0.015791769575822602,0.05548549661103766,0.03757503818225309,0.002550760961572683,0.08515560626983643
PNO1,0.12462830286442333,0.057172781758045244,0.10590182168065072,0.08246105068171154,0.0625318925826244,0.0533486210457087,0.07344448685827532,0.068738017358539,0.05814290311664899,0.12883990732652525,0.060509990591146354,0.05549594283103943,0.04967179576625357,0.06848543027454038,0.07229066721965811,0.09191801554799123,0.15728831384330988
JTB,0.5243623941215265,0.4989300143571692,0.4789867563375465,0.5868995001267315,0.4384979172859758,0.5262019659573035,0.5092068857493743,0.45555891182943403,0.5312034706349005,0.5236458235209988,0.401143097046553,0.4297904580116272,0.45027904973163474,0.6529357693864908,0.47838163651482907,0.02225451273588171,0.6969138739461248
SNAPC5,0.09514327693945222,0.07843598241769682,0.07684293326268916,0.09221427627537955,0.08564427137627578,0.0636415301432628,0.06411203917054142,0.0693346521032512,0.11024609976385895,0.06741939821550923,0.09033144383264291,0.06401591990590096,0.048252438670480166,0.14233899121305557,0.09066440328697249,0.08074185552654803,0.14944933490319687
EIF3M,0.40236218788293615,0.32982310415129357,0.3233141050856608,0.5738899470037717,0.32985718988073026,0.43118830320913104,0.23918561980411243,0.25580201921278795,0.4252632906133849,0.3044429924939909,0.45289685898747584,0.3739089165687561,0.16815269326830243,0.4635728991812326,0.3463895341564465,0.49170210323683683,0.35419468175281177
C19orf25,0.19350783063752125,0.0727081520656384,0.08267783349424558,0.09331538152947506,0.08534659675711634,0.09197154887075622,0.16994622595445266,0.0676695703574488,0.11922177296952818,0.09783016481707173,0.07653081832558475,0.08941923747062683,0.06263241567811766,0.15803156810479263,0.1436652241414682,0.011572380533284635,0.1737181158228354
NELFCD,0.26049453000417844,0.07264829294235474,0.11520346187906305,0.0813077064332141,0.08082125014256003,0.060030884076875575,0.1567411254149734,0.08909412514401757,0.17269303681041584,0.2699936531604298,0.05932993176156011,0.1037130457162857,0.06364020871949362,0.1863121115907506,0.19459860448892405,0.1804007231116847,0.16730369492010636
SRSF10,0.39016999006822906,0.20428425975483447,0.3472823387560959,0.23652541772851557,0.23185401337349182,0.1989413656066347,0.25967957404034037,0.2924512307675774,0.31989095672293005,0.345869982194516,0.1998972024259235,0.217095650100708,0.11418399428362613,0.2968846239110656,0.33685480394115336,0.6234836792835443,0.4488719024441459
AMY2A,0.0006145312238380827,4.346463330818603e-05,0.0004175407509877752,0.0001872893243207982,4.945707216642108e-05,0.0001572340521129386,0.0001492489007824784,0.0024360508545901056,3.165537325111714e-05,0.0,0.0,0.0,0.0,0.0,0.0,0.0,0.0003587266599590128
RPL26L1,0.3115987947697784,0.1721436249112757,0.24644588587650626,0.18064370807810462,0.15715623042862395,0.14483510747661987,0.1462462434936015,0.19778685209744043,0.103939743647695,0.11240458560566749,0.09293850177734211,0.05972866139411926,0.10434851889218484,0.129025582282502,0.15078461859267572,0.3933997683447368,0.16630967367779126
TM2D2,0.17750944718842976,0.16046341601128503,0.1721778595649305,0.11256359503655024,0.17224311100138692,0.12318797771502162,0.11975488973326737,0.1819057942853817,0.05820268313576303,0.21395671439747657,0.06752543714666494,0.04295782068371773,0.05140313144017766,0.07947160389204014,0.2467324664827027,0.11288780886261837,0.35199290243062104
PDCD2,0.1834331456877942,0.12217291693038958,0.17408598461339436,0.2009549069603234,0.12443322470686484,0.13205381465385885,0.10046925275679745,0.18323556416810532,0.19514544799324907,0.1359679328818475,0.15338361646790288,0.17696928873062134,0.06661907666838253,0.25397812958556804,0.08599411683275521,0.01133760304522336,0.09694590690461072
VBP1,0.44027658686013904,0.14149368499974005,0.2604582813293877,0.18784247122458575,0.15277708269063983,0.1297148567163479,0.4019029341144407,0.19101293409384376,0.17208205034095786,0.4520541544883482,0.16326206986450317,0.11579791970252991,0.16069646263039195,0.1973562356984103,0.3914766339208349,0.3810693350473587,0.407616604458202
CDK5RAP3,0.287487044023565,0.17142616567993263,0.17085047887982366,0.13985921449656438,0.1804978860138688,0.14866138131862536,0.22379235890457794,0.14763489104309196,0.1430473211804407,0.4081328604971209,0.15178853017714963,0.13856927027702332,0.14930078408101222,0.16292955483620117,0.3773070360194741,0.30716655931313097,0.43208975141698663
SOD1,0.9899747652886391,0.5917504387327416,0.9293730371593588,0.5031070073606149,0.5307913562876888,0.4161226377242307,1.462139819574016,0.6695880461235103,0.8989925474515632,0.7563104021453089,0.6661892391082109,0.6275661310195922,0.5388875876690125,0.7513810993438267,1.2693918240552693,1.0477247742261162,1.4846099452538923
WDR55,0.05446818765213128,0.051404787801715784,0.057789503419390854,0.05439362788374934,0.05010195827541642,0.04961922844656328,0.04393796853535489,0.045007198650450796,0.05167939558482133,0.042289574059747884,0.05985344790581404,0.04041493835449219,0.019724354929440507,0.05801076844017301,0.06760544308348199,0.025184535283739984,0.042938253757628525
TRAPPC11,0.055906101417764364,0.044937475189304826,0.05530853949918061,0.05205318261745812,0.03646461622333593,0.060802120345602395,0.041386386588085695,0.05070446699547732,0.036773747009421334,0.13036105108837928,0.027992890843117846,0.02734102416038513,0.00838608763643078,0.039728510375001816,0.11297459547230274,0.016246019710966137,0.22752400165931744
RPS29,1.771238027562117,2.201369345954478,1.9519038284447028,2.638268524454989,2.3274948638127104,2.0248259373630306,1.5756980322194534,2.038754742000291,3.098499694421495,0.3683586733475808,2.1124473602458553,3.5776094944000243,1.8086194562745261,2.859959169006961,0.665267572237577,3.4569702844285097,0.2396292740648443
BARD1,0.14024303533861507,0.039799188364046216,0.05671783554537172,0.04212422492497499,0.03805467257317228,0.028807096568539324,0.053458771294159116,0.040978932318680356,0.060247351492818096,0.09567635608536582,0.036187596439356456,0.029350547647476195,0.016436417697818128,0.08155574643884907,0.04855870993840212,0.022099159602215167,0.09031980687921698
DNAJA3,0.11383699118175376,0.041858206825416716,0.06581887798265611,0.03988511993920553,0.03977420393571288,0.029062995282101708,0.07880091245009553,0.03727325588951848,0.06814132188351983,0.15767214236961258,0.03112326166904644,0.04850818705558777,0.026067756272696117,0.06346738470180201,0.11928379949117672,0.010812836225065932,0.35774886337193573
HYOU1,0.08116983319763621,0.07339817804423969,0.14627303882949946,0.08518537040070974,0.03989742013176937,0.07962869174288395,0.098022860996846,0.1452306023678489,0.051911627525431395,0.11708906683469972,0.036620948653438457,0.020448679447174073,0.08674339439485457,0.04783731870287367,0.06574308648274813,0.03069823832222266,0.22887870940295132
CHMP3,0.24165800141435279,0.20312166660141734,0.35522205368924376,0.16755111119386615,0.18706890818781768,0.2051195990984766,0.18175920074485202,0.30340002656514364,0.1383343487217228,0.045961362459967216,0.2310104772808085,0.13878459095954895,0.05381576810683404,0.11597978386260172,0.16193775841266433,0.1805232343488543,0.09839818423444574
RRP15,0.15574390130158536,0.07207196449965925,0.11377792163359261,0.07141086252251529,0.09018822085077069,0.04821814229443926,0.0981329119880749,0.07445543322485233,0.07143140235093884,0.09420143308178071,0.07740107969688027,0.0844918019771576,0.031411523168737236,0.10504943958579799,0.05392004471982835,0.179970508501714,0.08952100710435347
DCTN5,0.11420910123517823,0.06580087931649813,0.13387728169329244,0.06703652344819001,0.06128012346709874,0.06970686110819556,0.11161030174572015,0.12899625141943014,0.06403374797172033,0.12805635337868043,0.06257001164771277,0.03659831714630127,0.03183835502583664,0.07183391762191678,0.1364791641345603,0.06720478126150796,0.10532251000404358
NUP155,0.04995205900264526,0.026021654458369965,0.04379963370667946,0.02592717310118874,0.023715763969347492,0.025862197246175812,0.03132466696439746,0.0366350684707976,0.03220968175646694,0.043329362727461324,0.019602177290111062,0.02598077146410942,0.012186049841917478,0.03823061610091973,0.049112061544649865,0.02577938980847268,0.07278595593842593
SNAPC1,0.11311394466945753,0.1132401720200748,0.07876928142246978,0.06691869705862784,0.08500198631109557,0.09988302240227462,0.059905097820984035,0.06234453682736514,0.045429311398986844,0.06131781601617413,0.06334707500467991,0.04456033687591553,0.030105818714295234,0.04938227061875233,0.11930691437914193,0.06098054655992479,0.03730835664001378
FARSA,0.20266051481010192,0.0994645942902079,0.10158870099125528,0.09496320746096057,0.09747922732891828,0.09027104191573791,0.13247430331240326,0.07453677664894229,0.09495323371185885,0.3057528952917745,0.10057838944263817,0.06492102079391479,0.08790913781711271,0.13427407679762787,0.1064642874491697,0.03511392879112361,0.4945826096968217
ANAPC4,0.05908923298268901,0.04553557772723304,0.07997083361293432,0.042166487379406356,0.04155035804209534,0.044446324077744404,0.057011408622845004,0.03861887706512859,0.05541953415973228,0.15089861345627614,0.048982385815628096,0.04289236969947815,0.019274229743889162,0.05321362311699248,0.10828753289459758,0.023980230719413798,0.17025259137153625
MED28,0.2093675027743667,0.16731807744650828,0.1943844269293824,0.215215245029957,0.17161656348600116,0.17764171755653513,0.13612582235895626,0.18224105048498462,0.17866825049833585,0.09089775858146529,0.15077987584927127,0.17214702324867248,0.07709887321595546,0.2392622900564731,0.135603775867837,0.43594486372811453,0.07659002630548044
PSMB7,0.597147712479255,0.30404203533287794,0.4562739305334804,0.34628854547898835,0.29184960689832584,0.27144091901668477,0.5328402163250574,0.36246857317206055,0.26678277373254583,0.3217095059733237,0.34020194323388886,0.22346713614463806,0.2548279048471184,0.4035653457817853,0.3410752591370158,0.9517492617805275,0.5173639194531874
USP10,0.1704769189334705,0.09927708519902442,0.1347361976236147,0.11330738888639177,0.07906509927958974,0.13206590963760145,0.1218439759414229,0.09397917410239777,0.11441426447481601,0.33172432934084245,0.07530742915641846,0.08307263474464416,0.04471016628342075,0.09354317911469155,0.24899406377979785,0.15880680517938836,0.37986296957189386
WDR77,0.10227882648905169,0.0651282167635149,0.08725276105999107,0.07414874858068896,0.07777162717233158,0.058953347509694776,0.051739702076877926,0.05017102101228212,0.048883217571957474,0.15028853209749346,0.05453395931394746,0.0569967490196228,0.019739751033224427,0.06263955420593317,0.07898142572083225,0.0272752920216753,0.16922419585964896
CDS2,0.15707180751142094,0.09399293879396872,0.16078741674026414,0.07153448839435611,0.08795228490163384,0.08419960895307543,0.19685078889797747,0.15729330411460388,0.11754926531665993,0.5531859227846707,0.07313501467334042,0.06192946355342865,0.06434176731984932,0.08613891544568103,0.6016802310599068,0.016804473658431074,1.5845792185176502
TARS1,0.17337300746100107,0.08812879821083967,0.1754888318825844,0.09751485992760045,0.08636488370225119,0.10034723769515659,0.13972697570035306,0.10143622459309594,0.10036169378581311,0.2060255177559391,0.10079999611620609,0.05584965343475342,0.08298727429725906,0.09429517985827092,0.15993522908646246,0.15491865762175297,0.16635461795059117
SEPSECS,0.02094020276763708,0.023541410202467902,0.029672474392830318,0.02046354317779464,0.021327878355234888,0.022536874647673864,0.03485143034707066,0.033059163176818555,0.01644630180624264,0.07248519276899676,0.010248876768526378,0.00959385895729065,0.01324211364494754,0.014104177047565501,0.046982127117972845,0.006261325451586227,0.034600303931669754
UFM1,0.23379053718662082,0.20882834696179264,0.3499697897430872,0.22343674105726327,0.179049584934932,0.24915351860966853,0.310800957198365,0.34491787658226614,0.18557130941312985,0.20048367688732763,0.1656365795285708,0.16303990449905395,0.31216726165551406,0.18543751144466653,0.23915640329349938,0.08229996642482039,0.4166423813863234
ZFP36L1,0.6145831791925931,1.4256829106936797,1.155594710066221,0.8478731517989176,1.2268270228560096,1.6091365156063009,0.26563799800556465,0.7132271568984192,0.5622258268864263,0.7843962716719797,0.4851962401464222,0.5710425353050232,0.19104807579017186,0.5073684601479144,1.0582908977662897,0.43250715290901287,0.06565239144997163
NVL,0.06550878319711428,0.028160380886975925,0.03300606672703295,0.029210560010617743,0.031161571489231422,0.02421501291666155,0.04552145778306659,0.05743797484336955,0.04092907119008665,0.07030568872728656,0.028977431257033157,0.030844879937171936,0.03903122754259543,0.043931627091560656,0.05526858671552184,0.08617516395499539,0.14912225780161945
MMS19,0.03473463346751733,0.029343594090488593,0.050528511257871084,0.0334128738803955,0.025377015116653842,0.030372716730176837,0.06408421098397965,0.07184697118591943,0.036554450778460944,0.15850652994648104,0.0153012190203884,0.017229748612642287,0.021416113692355323,0.033881381818595874,0.08087762759600071,0.0162946203710942,0.33448745987632056
PSMA1,0.5084850654418377,0.40240709480649806,0.4703430938619821,0.5301818021828705,0.4465861328577665,0.45391961744122633,0.32735898883265757,0.4681143470186004,0.4454292671963923,0.41670561966396147,0.4136692188060955,0.2696784441947937,0.2757699532317115,0.5292834541126158,0.48984381849366115,0.5749220905416073,0.5944697287949648
PWP1,0.23820024709938384,0.11546696260804014,0.22485841009949764,0.12038341732646322,0.11390445283018598,0.08950906690476103,0.16218354625394735,0.15912306291033218,0.14295514040291918,0.22286743862975028,0.09383712137672282,0.15331640338897706,0.05365787196409452,0.16492468528165163,0.23378571816262483,0.21989804533906454,0.22672422187910837
TBCB,0.7656604904169951,0.2968354708438541,0.47269622193405086,0.38306850027899586,0.291121108887214,0.25154261889274887,1.4088250443240253,0.49609081254494314,0.4155838731875111,0.6652162315384034,0.4183803966154042,0.27342736444473265,0.3070748908953233,0.42183785287191133,0.6316023603340105,0.02475912786693729,1.0702602890404789
OSBP,0.06668577121503501,0.04310681909653258,0.07495800969000428,0.04419317684279521,0.039101846167307615,0.05839089545572974,0.06884587917101707,0.06619833394287246,0.038676430627700646,0.12820800826434167,0.05370005126293479,0.02617176594734192,0.024213251013022203,0.04500662090309943,0.07207749758152604,0.009672061633418199,0.04841956225308505
TRAPPC1,0.35866194783361965,0.4762406639181238,0.4529431278177646,0.6875190415848268,0.44973436638972664,0.5220300726097233,0.37022270273105923,0.3733770839349653,0.622404559537405,0.14018285851324758,0.5322136554577396,0.5037099281311035,0.26836245647677176,0.796143345873056,0.2895822945357747,0.5514561450530253,0.15345773405649446
XAB2,0.09298268824860388,0.048758665424226744,0.05013945692432952,0.056204754636312367,0.04843859649716202,0.05149517480730801,0.0992165419757581,0.04502668308113517,0.08785169225275437,0.05755844900024033,0.03296678850861721,0.06631539750099182,0.04334766654805704,0.08732843566678432,0.04615961402826915,0.01150609317292384,0.09582490270788019
NOP10,0.5247538102063788,0.6984776055321054,0.6046133879545882,0.5572771797334266,0.6796844526387408,0.7346089682778632,0.39396341087134085,0.6850806706727526,0.49930798098026663,0.27319387466676776,0.5922487737665867,0.4051962818145752,0.3750440019827623,0.5917644067766581,0.2183942436482865,0.8382700312846829,0.21023218469186264
RPS25,1.8213461188567932,2.0759900681781485,1.5689609661088844,2.383586533471088,2.174886056939515,1.8927144160960034,1.5061615617714024,1.7676974781200754,2.846606960557122,0.4804886329558588,2.0822574523434882,3.1750903951644895,1.6794500246748223,2.5992404858047773,0.7207272466207515,2.8927863081728047,0.558154127814553
POLE2,0.02201130526410364,0.006825051833935347,0.02317381837262085,0.004413605313320197,0.005193935336261843,0.003158846829837366,0.0076783250973455975,0.015248989190956104,0.007324839930433559,0.006329161911121299,0.00897275874186457,0.0023246625900268554,0.002017535712127085,0.015380315617319569,0.005101149826380559,0.03760954915500426,0.0003194789698516781
RPS3,1.7391286376612223,2.1269754520922564,1.489498077225786,2.739775203809808,2.2260827324481993,2.1581486745237926,1.4591848022155909,1.8233789122299489,3.165062508084849,0.8969423395972098,2.4143654443623235,3.2535442823410032,1.716507519875373,3.076367601039851,1.021942866330891,3.095076041583451,0.7594581138003956
TEAD1,0.14941641747170464,0.012172811569610476,0.19358854712484921,0.0020350687063777125,0.0031786843628385107,0.004597103190053067,0.06974130681229462,0.10841969350826156,0.0021187308918597728,0.21544779134133168,0.005748603203341405,0.002651347714662552,0.003045972098003734,0.001079443110285537,0.32847787431209763,0.03287179446386025,0.05646907199512829
LONP1,0.16398809329625866,0.06001739775416513,0.05166600987168058,0.04013176836079042,0.040790955873353234,0.06688816464370798,0.11196859226176376,0.05896280353880566,0.02452172586770538,0.14660725261895888,0.021455053669517866,0.022636980199813844,0.03775009541557385,0.027958203111608713,0.08017133632836314,0.002235663486070636,0.2685009837150574
ALDOA,1.0717263524547893,1.056137772160548,0.6277462401242115,1.0522341978005225,0.8056122299188028,1.2915654597381367,0.7866701140501935,0.7161380677839622,1.0443539887846318,1.3237249036469767,1.1041037534580793,0.8364617842674256,0.7402867018342851,1.12190754627214,1.115702331410667,0.06246705118090307,2.21633995663036
SF3A2,0.14147134459840136,0.07564890415483552,0.07269754888140433,0.09847976829752239,0.06475566011314995,0.06225036932388075,0.11729812498859045,0.10779089931215964,0.23716375252450742,0.03225163971224139,0.08000479938197712,0.10117714149355889,0.03464511094185022,0.18709699458125703,0.017450811545972878,0.04055364683169591,0.03627629036253149
UTP6,0.11733314322712586,0.09923300215207931,0.11554658833276402,0.14704571032698666,0.1343632096771277,0.10163412219908638,0.0704205544194907,0.06054101364042217,0.06589306771413565,0.08941537718619069,0.042381358050788694,0.07120409727096558,0.032085072431530984,0.08467941446541878,0.07262757084617726,0.1023980858574824,0.25829145312309265
EIF3E,0.6548659675488,0.7259283798047549,0.6445849359623972,1.0112085551873689,0.7614328045536737,0.7678822855189615,0.4832063740897318,0.5224537799829537,0.7728573932911711,0.32940610666428843,0.9057803956177535,1.1338471931457519,0.39806178920752516,0.838888480702573,0.4501994910267736,0.7794198032626487,0.3010990484194322
NOP56,0.4187354267154404,0.17046208922495712,0.2595168202484949,0.18096198282648715,0.18427556466474193,0.12259379900805849,0.32499502925056745,0.18997542571171255,0.18866333360441914,0.45640191267574987,0.1625795202983928,0.18783747277259827,0.13271962757502404,0.23539754275386715,0.14175536660100682,0.5302128279266469,0.7980496124787764
TRAPPC4,0.2667096378470064,0.13492993482933602,0.26088103067723584,0.1436447542263263,0.13839053628406417,0.1186349009360556,0.21959162236941032,0.17164485681287248,0.194866477400611,0.20093096023605717,0.13523045461874544,0.11750945739746094,0.12783466542621594,0.22985289270689133,0.2311080232521013,0.3372368846005038,0.41058389707045123
NSL1,0.22626778570259035,0.1695467530013839,0.20123500228768848,0.16030871853085668,0.19558623065934894,0.1500180417703903,0.3452051820094822,0.14484980339281273,0.11482420845094313,0.1973778816961473,0.1131560949473854,0.10628612518310547,0.11225819032821623,0.12611624843962177,0.2348197905314451,0.13303784306231112,0.05838657255199822
FXN,0.057370655475196486,0.05023425540399297,0.06504973379845175,0.04892033683143159,0.05722335449658763,0.04208474375603696,0.043077774283194634,0.05279312808658889,0.03497622722081584,0.06526698962214493,0.04224383878963563,0.04161407852172851,0.05608641892879993,0.054920500725831024,0.06559261283433507,0.004940006392236533,0.002734178846532648
HINFP,0.053206384065123714,0.021647841121465047,0.03227673222971568,0.023122765340157392,0.021313820486158305,0.018816236530522668,0.042893093009186464,0.04014660982639262,0.025530491232913753,0.08607995708382898,0.012058240079368407,0.010910265064239501,0.01888172667134892,0.029058661696517166,0.050319962418837356,0.040995267269277554,0.2062708752399141
GPN1,0.11805660095122185,0.06482460191533997,0.10525756880998276,0.07133446694383475,0.06382372002779212,0.05976955298592496,0.050499241112917724,0.08784363652409274,0.09310494554265385,0.12567270589211293,0.053701899486316755,0.06979543395042419,0.025794428545278268,0.10901310406520502,0.0643190951705668,0.1378086288925758,0.06535964120518077
NHP2,0.5788098723340163,0.25738215021379335,0.3020979671283232,0.4003336581880473,0.2617437203552355,0.2287669174066531,0.388258383400346,0.29493018422403094,0.2847753951690014,0.40916116583731865,0.2589384491577864,0.28306837186813355,0.23084936233667228,0.4200358228445915,0.3512867847619029,0.6490164716811974,0.5088431239128113
NELFB,0.09981510424948431,0.04266008246723794,0.06505810323319751,0.062259537746014844,0.038207573879968044,0.06789276797378142,0.08728549056553266,0.06921656728676488,0.03476051551983649,0.09928744454537669,0.0475299280066912,0.030071294689178466,0.011936209105945134,0.06342564244234883,0.08176423014932974,0.00385063010197243,0.14405643533576618
VCP,0.3700282820866584,0.2336996747220733,0.3775952418869406,0.2839878880896372,0.24345408747373176,0.23693916094038966,0.3429376863820098,0.417633676422652,0.3551545115707349,0.5046979893119105,0.23029780595615787,0.21105745162963868,0.26684425568038767,0.2947562704751079,0.38600046510641284,0.04394249007567673,0.7098930857398293
SAP18,0.7103280592596287,0.6138587304208676,0.7298742340212985,0.7076966522378592,0.571932778043978,0.5626177808913889,0.7344632760691974,0.5941451655100217,0.6974580517181138,0.48282362400524076,0.6762479684308131,0.5512007753372192,0.4609873362562873,0.7288978579725401,0.661702911288752,1.0813852594040618,0.7918018048459833
CSE1L,0.16389748685532204,0.06624639628231223,0.13242698310544695,0.05540418480418301,0.05566434657023423,0.06393275941881629,0.18744151755199154,0.06947547091063207,0.04812299990791532,0.22716060088526818,0.04542178506825629,0.03381788506507873,0.03515220615830455,0.05016750367878431,0.14185341658619788,0.068710199705553,0.31004687601869757
MSTO1,0.04955874013190387,0.018939200579236752,0.036250791886797744,0.017577282770268095,0.01965664357697422,0.014491926357438352,0.03765313572421707,0.020359522653369988,0.01961339032144436,0.06520041228542404,0.014589828796105474,0.016102430057525634,0.012840102810959715,0.016460891491248936,0.02143455309674919,0.013061273382531395,0.19305865872990002
TIMM22,0.14472482318036686,0.038956587489400764,0.11098779193605118,0.04889930071809081,0.03424161045197781,0.03980288301770468,0.0550567208073019,0.12113429922582844,0.06690082603307083,0.22684376158060565,0.07123313752320114,0.05695190380215645,0.03192718035274452,0.08051867064054159,0.0819283909880357,0.1156146625713135,0.36161640963771124
SGO1,0.06071858504103894,0.011503622600295716,0.03170368223016286,0.021256328088049635,0.008683126252722545,0.0028880699562263286,0.006148441452388245,0.009006852779487621,0.01758032188327291,0.03356990194128406,0.02243076924024894,0.019034370040893554,0.004824281455232547,0.041196297694038035,0.005430310819233428,0.19892364863663287,0.0011592923070896757
RPS16,2.060794988606132,2.1167715911710485,1.6884819220420504,2.5448425006938686,2.198948950931511,2.0990763677328017,1.372959391198358,1.8397085457641693,2.5403595623160697,0.5243717182067132,1.7251968092956746,3.025939841079712,1.641137872125719,2.483808838540457,0.6084840600890231,2.547835565904387,0.4608216773379933
PSMB4,0.4126120907346035,0.25536404304330923,0.4249491012314983,0.3539764619300956,0.21326012871235,0.29479670328360985,0.446024982901149,0.39378041888062704,0.2605736423989298,0.31801888587013366,0.26908617892150266,0.2374781497478485,0.20751012121880805,0.32270326560259155,0.32462306243146777,0.19519998644862496,0.7147219506177035
GGPS1,0.17839204552010562,0.08902254091198485,0.1411540425672854,0.0932891282491147,0.10575691307633642,0.08336882009457586,0.13146515265459358,0.11037313424460424,0.058158641713379665,0.14649340672598732,0.08690620283658639,0.08590141800045967,0.049222847694283596,0.1043004679866659,0.20734508189162767,0.11895992785511723,0.19310798970135776
HSPA9,0.4879276005194833,0.2653614317434445,0.3645264216303321,0.2600232514128845,0.25673001013863117,0.24462632671695672,0.396005491656033,0.22730900460153952,0.2733521716792481,0.4899461514526798,0.23620142022662124,0.185085910320282,0.13016998726171214,0.3009734181047396,0.5276514029916312,0.1712855056464396,1.0557674061168323
ARF4,0.6006605463895991,0.39268646631163784,0.8325720864055187,0.35639812391955755,0.370865404237707,0.3728293150862547,0.4061700758973372,0.4636298285196653,0.27195894128242704,0.6803840764107243,0.23381397391771822,0.1558130397796631,0.4381953384075965,0.23486487939205453,0.4823211753644006,0.24009729289566872,0.5025175403464924
INTS8,0.053005771066778264,0.03714873295683316,0.08370214515747909,0.042283412273169105,0.027223752110565855,0.04181087967211455,0.03733951262619316,0.050346576087010736,0.047586151805306225,0.06106471054015621,0.03868513212766468,0.03476842241287231,0.012839133935895834,0.0366888610461286,0.05242759764539024,0.007300969371177312,0.03611771525307135
MED31,0.15827293810906978,0.06013623588502545,0.13183680853487237,0.0636000647685709,0.0625864759635988,0.06456788813107625,0.11092878575699804,0.12241144467250376,0.08362754627103479,0.10997580586662216,0.052294122469648915,0.06212272901535034,0.049219013120119386,0.08000447670826236,0.05536723274716063,0.12106759734730471,0.18330965800718826
ORC4,0.16614522666629242,0.05799655856470616,0.0855736091880099,0.05888456574174919,0.0688854956425603,0.05217716764321933,0.0998160492943109,0.07549767933487006,0.06252631550394856,0.21685365875882487,0.050255266015715,0.05244159779548645,0.02898769987213028,0.06966480894134723,0.17327664835604628,0.14936079163440064,0.201968637379733
POLR1E,0.07497812431376372,0.0242265431402897,0.03282133097877287,0.03053248810425036,0.024209068792308355,0.014372998452966497,0.02440893371635671,0.01765117611608746,0.08404207024402992,0.05123167418904843,0.021031522718894895,0.032484931564331056,0.012476837614199498,0.054265903823104616,0.044531246141202185,0.04935254117836933,0.004413603381677108
MED17,0.10067959489657934,0.0417861650154425,0.06372136627921601,0.04470630617221177,0.04942580413706823,0.037237167064882774,0.06623158625098492,0.07496173473913638,0.07928577432332407,0.11729491027372499,0.06532320723776523,0.06143531157374382,0.0231922704179387,0.08054504137338046,0.09580207835732168,0.027001012298489193,0.2321497987617146
AK6,0.19365827694145318,0.09353735035330873,0.17652158476990268,0.10545034498555646,0.10990131037707809,0.08420084696859279,0.14034066710484713,0.12922719151977266,0.08702173520767423,0.035563192059916836,0.1373547064714713,0.10218964285850525,0.08095187678203716,0.11904000977331876,0.18384814951461176,0.17997746740238582,0.02157485756007108
NCKAP1,0.22608558282861071,0.016476766000876785,0.2903842670877158,0.001671622555474385,0.00931821258604594,0.006111846027179709,0.1901011156850533,0.3184415202969782,0.006243026600740559,0.28408498004559546,0.023093845984891018,0.00407988634109497,0.011930381866184982,0.005595461893100823,0.3273567409184627,0.025216466799978264,0.5486562089486555
MTOR,0.05273446167098024,0.029631446831889417,0.04829174058435666,0.02835634762336136,0.02409524262498238,0.02929299362855523,0.047761036793626505,0.07062078793194106,0.034442012488478384,0.17528924370004284,0.030689334901344362,0.011405548858642579,0.022684598979833243,0.027915986439653935,0.12631552640585542,0.01306441482879808,0.1563419842753898
RANBP3,0.11061619941520483,0.07425446959119372,0.05797908525540899,0.06408252356570647,0.08935915129361004,0.046631474042919965,0.09238840440805596,0.057436288200197035,0.07577806105120587,0.13488565890058393,0.04788099920462028,0.04375073137283325,0.0403435085411672,0.07581344443231569,0.05980798550423859,0.017382553985291288,0.18777427754618906
TUBGCP6,0.038867453421382425,0.022327387029111384,0.024732142277009397,0.02576481384840977,0.01907458546208619,0.02475528818094265,0.03663377696032631,0.035400853972511165,0.029543672067257734,0.1424480640299378,0.0301520281918247,0.01457007176876068,0.02602356269799329,0.030974509511045682,0.09260701093112113,0.0047008659349542774,0.16502231122417885
TLN1,0.17383243237963722,0.3843439087633897,0.5539757774982533,0.409189048724715,0.3969821964089779,0.4421949126961111,0.21418286324044028,0.28518528304163804,0.32024929034256666,0.18632745616618665,0.2964347981256071,0.19165330119132995,0.06563700475059189,0.5111388661096067,0.18689368570471085,0.008643038679706613,0.060887157917022705
RNF4,0.10244928589158553,0.06520014521800084,0.0883089094639497,0.09511269219323139,0.056477265253231185,0.07276735851305956,0.08650239895440937,0.10064699993445296,0.12909097084613358,0.2912711943950384,0.062248628516619074,0.06764453387260437,0.03625945963121794,0.11643987161273121,0.2354737182573087,0.03582784910409273,0.25624973394654016
CLNS1A,0.39631070213163216,0.24565403015381823,0.20688665762270456,0.39278553688474993,0.22723890594351923,0.2397933780161629,0.2708541762990243,0.18182076298995678,0.24985816440191716,0.33540490630172914,0.34248373000295806,0.26834757604598997,0.12918619311356044,0.3038344756576995,0.4087806912515894,0.4600867599960235,0.3350730700926347
ZNF593,0.20277395239794038,0.11725689223950887,0.12244002724904436,0.11010282121201832,0.12319928251474008,0.11586828989920547,0.1360546079939656,0.09870743255558552,0.07697489399738335,0.10713701238555293,0.12328841826870998,0.09672395777702332,0.16547563078103367,0.13095469269325283,0.12288320546894405,0.0050422482120850605,0.09937390752814033
RAE1,0.16414132089133474,0.07472005954967942,0.0964177715341194,0.06564195665919519,0.060021663521610195,0.0934897044910078,0.07770910607671024,0.08455569030271419,0.0759298226522978,0.13236046498340945,0.17566821530421362,0.041443151569366454,0.04381221157687527,0.08591913049026588,0.17021036847909063,0.3126193953072171,0.165053744207729
WDHD1,0.02681959967821087,0.010515780113831225,0.02498101061590972,0.009388057090392832,0.0062245129928973665,0.00749764164442585,0.010288318564958482,0.009959218140697054,0.015115406152798093,0.013504568006723158,0.009097086040967272,0.00908307228088379,0.0018126742093713133,0.023845443013395445,0.011037130576337694,0.04542629082601267,0.0
NOM1,0.09881888311858919,0.03646119772582573,0.06201179857314558,0.043542217302430734,0.040132039044929055,0.031905380076939396,0.04375846255485584,0.03770961910264807,0.03910274289374412,0.040144924495008685,0.03094919780943413,0.0319946144580841,0.012398303675276416,0.05732690617472065,0.02495382493630999,0.008855490146007748,0.05248458054848015
UBL5,1.2471611725826057,0.8831420413223283,0.8360619976254882,0.8785639326851105,0.8498199016007192,0.8292417563144229,1.1761661125159724,1.0359032869693252,1.007898385212275,0.4899925154543692,0.7935790354061383,0.6375119829177857,0.8655804561359899,0.9223792791462366,0.5739000828968996,1.4408411683775497,0.72774184292013
PELP1,0.08876203223698924,0.035740988432462116,0.046207068847920564,0.04514413021694858,0.03795270505719512,0.03443836452170153,0.08267985296864491,0.0675642179189607,0.05535902344350219,0.036198585504485715,0.03833998368189098,0.03435849103927612,0.017848113408455483,0.051847158329895865,0.031654922776139544,0.02119376407129976,0.11050432547926903
VHL,0.09568034608294125,0.07877757106097363,0.08224300647151823,0.08566160815678832,0.0821802475217063,0.08610816396041693,0.07589083725649065,0.039520432123634826,0.07728258981691881,0.07513951474139767,0.05985025090762182,0.08664612817764282,0.021617536960573464,0.08712385473312648,0.04442553988770943,0.015331758397900425,0.06301489201459018
RPS9,1.8442007008012142,2.0499066164305817,1.3524320814942439,2.624131234478872,2.124995081432817,2.34830240524029,1.6188675490205806,1.6967861539010307,2.320809630627703,0.7790691487250789,1.7998353942789278,2.7930543891906736,1.6599294780851244,2.483234359538905,0.9517420530319214,2.84040474670826,0.5988072590394453
CDK7,0.05427011881733846,0.03180040267248026,0.058279082672972604,0.028118827357433023,0.02850396238151147,0.026521832667057925,0.03538321182233249,0.041341857605490605,0.03743038976232242,0.061065700115455736,0.038195609726790765,0.03077245445251465,0.014759810680484438,0.04099824313372194,0.06557585187041001,0.03994192187795445,0.21606672216545453
PSMA2,0.5479604799551285,0.249535350062161,0.4625446206255591,0.38723923292643975,0.28332702423683503,0.26708245084523063,0.41550853468555926,0.44803182508403444,0.24531849356457133,0.40328241139650345,0.36806844722169973,0.27187481861114504,0.33544966693107897,0.4066068338744369,0.4924753735520247,1.039159616202615,0.5553528612310236
RPS15,2.499972479053676,2.2630041303830266,1.4967359682736847,2.718810727397049,2.3789408072093474,2.347734998071693,1.8455726816126785,1.847570809000137,2.940364188071535,0.8403570517416923,2.3679938047884614,3.141018585395813,2.062655996192585,2.837850620680518,0.9068183389013214,1.1580465494800727,0.9010348320007324
RPS11,1.7585819953068713,1.8875092500699189,1.2521264018393705,2.4231201822906394,2.009359985347084,1.9169784545898438,1.0839218981381975,1.5941536904798397,1.8436131530702098,0.7134140160295271,1.8228025142373092,2.839047616386414,1.5210539840318107,2.2322028207223354,0.5797154421062138,2.3232478246087487,0.6526535099202936
DHX33,0.09018771705603996,0.025431487863453103,0.0631977847129716,0.01972846938515817,0.021270128880792844,0.029465302740064172,0.05890477352174426,0.05145728521680053,0.02076627648849845,0.056956133775172696,0.002476529844964158,0.017285387420654295,0.014387310332768447,0.020860725447278083,0.04800127721741537,0.04274608895426804,0.12054694587872787
CLCC1,0.08692012860390763,0.0398552604766723,0.0781307131031,0.03414131982011706,0.03424291198380243,0.03730898299478872,0.12340712090751967,0.042343560467857484,0.019230354088099817,0.2210857977549876,0.03250087705757918,0.022673080492019652,0.0690335597504269,0.023210372897025905,0.1405402077415775,0.02152924093848813,0.15406885743141174
RRP12,0.027288168559840318,0.028457947719099867,0.013363374630974445,0.02287690588634022,0.024070485224392167,0.053747128542988305,0.020096757441374673,0.029969174830024346,0.017758696294176698,0.052524382188435526,0.009774701205399337,0.015664679670333862,0.01362114055798604,0.017133177188851833,0.008950763699636294,0.011507805876133915,0.05829023637554862
